:020000040800F2
:1000000000000220A5400008F1400008F14000086F
:10001000F1400008F1400008F14000080000000035
:10002000000000000000000000000000F140000897
:10003000F140000800000000F1400008F140000815
:10004000F1400008F1400008F1400008F1400008CC
:10005000F1400008F1400008F1400008F1400008BC
:10006000F1400008F1400008F1400008F1400008AC
:10007000F1400008F1400008F1400008F14000089C
:10008000F1400008F1400008F1400008052900088F
:1000900009290008F1400008F9280008F14000088B
:1000A000F1400008F1400008F1400008F14000086C
:1000B000F1400008F1400008F1400008F14000085C
:1000C000F1400008F1400008F1400008F14000084C
:1000D000F1400008F1400008F1400008F14000083C
:1000E000F1400008F1400008F1400008F14000082C
:1000F000F1400008F1400008F1400008F14000081C
:10010000F1400008F1400008F1400008F14000080B
:10011000F1400008F1400008F1400008F1400008FB
:10012000F1400008F1400008F1400008F1400008EB
:10013000F14000080000000000000000192900083C
:100140001D290008F14000080D290008F1400008B1
:10015000F1400008F1400008F1400008F1400008BB
:10016000F1400008F1400008F1400008F1400008AB
:10017000F1400008F1400008F140000800000000D4
:1001800000000000F1400008000000000000000036
:10019000F14000080000000000000000F1400008ED
:1001A000000000000000000000000000F140000816
:1001B000F1400008F1400008F1400008F14000085B
:1001C000F14000080348044B834202D0034B03B1C3
:1001D00018477047680D0020680D002000000000DF
:1001E0000548064B1B1AD90F01EBA301491002D099
:1001F000034B03B118477047680D0020680D0020BD
:100200000000000010B5064C237843B9FFF7DAFF71
:10021000044B13B10448AFF300800123237010BDD9
:10022000680D002000000000E8FA010808B5054B41
:100230001BB105490548AFF30080BDE80840FFF752
:10024000CFBF00BF000000006C0D0020E8FA0108DD
:10025000A3F5803A704700BF174B002B08BF134B24
:100260009D46FFF7F5FF00218B460F461348144AC1
:10027000121A0CF037FD0E4B002B00D098470D4B97
:10028000002B00D098470020002104000D000D48ED
:10029000002802D00C4802F04EFF0CF0C3FE2000F4
:1002A000290003F0D7F902F043FF00BF0000080067
:1002B000000000004536000800000220680D002004
:1002C000C82F0020373100080000000010B5094B8E
:1002D000036003F1200280330446C0F8BC20C0F85C
:1002E000C030BC3007F07EF9204606F059FC2046AD
:1002F00010BD00BFCC870108A0F1BC00E6E7A0F16B
:10030000C000E3E708B5164D16491748174C07F02B
:100310008DF91749144807F089F92A4615491248FA
:1003200007F0A1F91449104807F080F911490E4867
:10033000224607F098F90C4807F066F923782A78E6
:100340000E49094807F072F9287800F0DDF82078A6
:1003500000F0C2FC00F02AF900F0E8FCFAE700BF68
:10036000CC010020946A0108440E0020840D002076
:10037000DA6A0108F16A0108F46A0108116B0108E0
:1003800010B50446FFF7A2FF204603F03CF82046D4
:1003900010BDA0F1BC00F3E7A0F1C000F0E7000041
:1003A00007B54FF41653009303220023022105489A
:1003B00005F08CFF044A0549024803B05DF804EBE0
:1003C00002F0B4BE880D0020C8010020CD02000854
:1003D0000FB407B5064B04AA1B6852F8041BD86873
:1003E000019209F06DFB03B05DF804EB04B07047B7
:1003F000EC07002008B5074B1A78074B1B789A4288
:1004000005D106481146FFF7E3FF012008BD002093
:10041000FCE700BFCD010020FC1700202A6B01087B
:10042000024B1870062000F071BA00BF600E002069
:1004300038B50546FFF7DEFF0128044605D104481C
:100440002946FFF7C5FF204638BD024B1D70FAE76D
:10045000696B0108FC17002070B50D4E0D4D347806
:10046000844228BF044622460B4829460DF038F83E
:1004700032780A4B121BD2B21C7032702AB1291981
:1004800028460DF02DF8012070BD1046FCE700BF96
:10049000FB130020FC1300206B12002069120020C7
:1004A00038B5054610460C46FFF7C2FF012808D1B3
:1004B000072000F047FA20B1BDE83840072000F0DF
:1004C00041BA192C2246294609D80B480DF008F8E4
:1004D0000A4B1C70BDE83840042000F017BA0848E9
:1004E0000CF0FEFF074B1A201C70FFF7B5FF07202A
:1004F00000F00CFAEEE700BF6B120020691200203A
:10050000FC130020FB13002010B50A4B0A4C0022FC
:100510001A70207000F010FAFFF76CFF207800F0DE
:100520007BFA064800F00CFDBDE81040044800F0DE
:100530000DBD00BFFC170020CD010020A104000864
:10054000210400082DE9F341164D1F4695F800805F
:10055000154B144698440E4600F0D6F92246014643
:1005600040460CF0BDFF2B78023B1C44E4B2012F47
:100570002C7003D09DF82030012B10D100F08CFAA4
:10058000074600F083FA3B46009022460648314673
:1005900000F0B0FC0020287002B0BDE8F08101201E
:1005A000FAE700BF680E0020690E00202DE9F3472E
:1005B000AE4BAF4C1A782578AA4218BF1D70012D9A
:1005C00000F0BA80022D00F0DD80002D40F04B815C
:1005D000062000F0B7F978B1A64B187800F038FA89
:1005E000B0FA80F0400900F09EFC2570062002B0B1
:1005F000BDE8F04700F094B9032000F0A3F900280B
:1006000049D000F033FA074600F036FA054600F00C
:1006100037FA804600F046FA0646284600F051F9BF
:100620005FFA80F94EBBDFF854A2284600F06AF961
:100630009AF80030834220D0284600F063F99AF8F7
:10064000002001468C48FFF7C3FE284600F05AF907
:100650008A4A1378984208BF431C284608BF137083
:1006600000F050F90146864800F035F984483A46D2
:10067000032100F0E3F901230AE0CDF800903346AE
:10068000424639462846FFF75DFF002EDDD00023A5
:1006900023700320ABE7042000F054F928B3774D12
:1006A000784B2E781F78072000F04CF9B0FA80F0D4
:1006B00040093246744900903B467448744E00F03D
:1006C00011F9744B327818700146704800F0B6F991
:1006D0003378FF2B1EBF2B7801332B706E4B00221B
:1006E0001A7001232370042081E7072000F02AF903
:1006F00050B1042000F00AF91A20FFF7ADFE0028DF
:1007000040F0B180072072E700F01CF908B100202A
:100710006DE7012000F016F908B1012067E700F04D
:1007200011F908B1022062E7052000F00BF900285A
:1007300000F0998005205AE7284600F003F90646A4
:1007400070B100F0CFF9012808D0052000F0FAF8C8
:10075000003818BF012040002070DEE70220FBE7D0
:1007600000F0F0F800287ED0494B1B78FF2B04D115
:100770002846267000F0D4FBC9E70223237000F05E
:10078000E5F9C4E7284600F0DDF80546D0B100F0F1
:1007900073F905463D4800F0B5F80646284600F0D6
:1007A000B1F8864207D100F091F9002301202370AF
:1007B00000F0B6FBB6E7354800F0A4F8284600F094
:1007C000A1F8AFE7052000F0BDF8E0B1324E337874
:1007D000092B0BD92D4800F095F801462F48FFF75B
:1007E000F7FD2846257000F09BFBA3E7284B274820
:1007F0001A78284B197800F021F9337801333370D7
:100800000123237096E7032000F09CF800B300F06A
:100810002DF9074600F030F9054600F031F9814620
:1008200000F040F90646284600F04BF85FFA80F8E1
:1008300026B1CDF8008033464A4622E7DFF83CA0D7
:10084000284600F05FF89AF800308342F1D0F3E6D2
:1008500000F078F800287FF45AAF012000F072F819
:1008600000287FF45AAF02B0BDE8F087FD170020E2
:10087000FE170020600E00208E6B0108670E00201E
:10088000610E0020691200206B120020331300203B
:10089000FC1700206A120020660E0020DA6B0108A7
:1008A000024B1A78024B1A70704700BFFE170020E7
:1008B000FD1700200078013801288CBF002001209E
:1008C00070470078431E5842584170470078B0FA8C
:1008D00080F040097047002303700123417083704A
:1008E0000320704710B51C469DF808304270012B5C
:1008F00018BF02230370224602300CF0F1FDA01C49
:10090000C0B210BD4078704702307047034A0123DF
:10091000116883400B431360704700BF001800202C
:10092000044A012303FA00F0136823EA000313606A
:10093000704700BF00180020014B00221A6070476A
:1009400000180020024A01238340106818407047B5
:1009500000180020054B1B785A1E012A02D80020DF
:10096000FFF7D4BF0BB90120FAE770473C1800200D
:10097000F8B507460C4615461E4606F0EFFE07EE94
:10098000900AFAEEE07AF5EEC07AF1EE10FA21DD87
:100990002A46214610480CF0A3FD104B1F70104B47
:1009A0001D7001F0C9FE0F4B187001F0BFFE0E4B19
:1009B00018800E4B20461E70FFF77CFF20B10320ED
:1009C000BDE8F840FFF7A2BF2046FFF77FFF08B160
:1009D0000220F5E7F8BD00BF0A1800200918002022
:1009E0000818002005180020061800200418002010
:1009F0000FB407B5064B07491B6805AAD8680192D2
:100A000009F05EF803B05DF804EB04B0704700BF76
:100A1000EC070020186C010810B50446002006F011
:100A2000C9FC06F093FE2046024A0349BDE8104087
:100A300001F01EBE710900085509000810B50446F2
:100A400001F038FE014B22781A7010BD3C180020CE
:100A500010B501F077FE044618B101460248FFF7D1
:100A6000C7FF204610BD00BF186C0108014B187865
:100A7000704700BF09180020004870470A1800207E
:100A8000014B1878704700BF08180020014BB3F9DC
:100A90000000704706180020014B93F900007047D2
:100AA00005180020014B1878704700BF041800207B
:100AB000036818470B68036070477047024B0022B9
:100AC00005201A70FFF722BF3D18002008B5034823
:100AD00005F049FB024B00221A7008BD40180020A7
:100AE0003D180020014B1878704700BF3D180020CA
:100AF000C36810B504460BB19B689847204610BDEB
:100B000038B50546064B45F8283B044605F02BFB57
:100B10002846FFF7EDFF204605F0F0FA204638BDE5
:100B20008087010810B50446FFF7EAFF204602F06F
:100B30006AFC204610BD000010B5034B036004465C
:100B4000FFF7DEFF204610BD9487010870B52DED3C
:100B5000028B88B006F002FE10220446002168468F
:100B60000CF0C0F8244B0093032394FBF3F303EB46
:100B70004303E41A0234E4B2204D039507EE904A91
:100B8000B8EE678A1DB1694604A8FFF793FFDFED51
:100B90001C7A079568EE277A1A4E17EE900A14F021
:100BA0007FFF05460C4606F049F8736B23B996F8AB
:100BB00038300BB105F0ECFD1348FFF799FF079BA8
:100BC0001BB15B68104804A99847079B0D487363E5
:100BD0002A46234605F0AFFA06F046F804A8FFF7C8
:100BE00087FF6846FFF784FF084B01221A7008B0A0
:100BF000BDEC028B70BD00BFBD0A0008D0820108A9
:100C00000024744940180020681800203D18002076
:100C100010B50446FFF790FF204602F0F4FB204693
:100C200010BD000008B50C4805F040FA0A480B4B0F
:100C300040F8283B102200210CF054F8064A0849DD
:100C40000548012382F83830064B1360BDE80840A0
:100C5000054A02F06BBA00BF4018002080870108E7
:100C6000390B000894870108C80100200FB407B5AC
:100C7000064B04AA1B6852F8041BD868019208F0BE
:100C80001FFF03B05DF804EB04B07047EC070020D1
:100C900010B50E4806F0B8FC0446042000F022F916
:100CA00090B90B490A78E0B2531CDBB20A28094C10
:100CB0000B7001D00D2806D10023A3540420BDE8F9
:100CC000104000F0F9B8A05410BD00BF401900203A
:100CD000621D0020631D00201FB50E4B10221870EE
:100CE000002168460BF0FEFF0B4B00930B480C4BAA
:100CF00003930022694605F019FF039B13B19B681B
:100D0000684698470749084805B05DF804EB06F0C7
:100D10008DBC00BF80180020910C000884180020B2
:100D2000D08201084A6C01084019002070B53E4A83
:100D30003E4C11782378994218BF1370082B1ED8A7
:100D4000DFE803F0053A474D53595F656B00022019
:100D500000F0C8F8054698B100F0E8F8054600F044
:100D6000E9F8294602463248FFF780FF3149324808
:100D700006F05CFC022000F0A9F80123237070BD8E
:100D8000042000F0AFF80028F9D02C4E2C492D4853
:100D90000CF0F6FA31782C48FFF768FF2B4B2C4A01
:100DA0001B681278317827489847224922483570C5
:100DB00006F03CFC0420DEE726491F4806F036FC1E
:100DC00025491D4806F032FC1D4800F0E9F80223D1
:100DD000D4E72249184806F029FC0323CEE720492E
:100DE000154806F023FC0423C8E71E49124806F004
:100DF0001DFC0523C2E71C490F4806F017FC06231B
:100E0000BCE71A490C4806F011FC0723B6E718495D
:100E1000094806F00BFC0823B0E71649064806F01F
:100E200005FC0023AAE700BF692100206A210020F9
:100E3000616C01084A6C010840190020621D002005
:100E4000631D00205C190020E36C01087421002060
:100E500080180020F96C01082E6D0108366D01081C
:100E60003B6D0108416D0108486D0108506D010896
:100E7000586D0108606D010807B50A4B0A481A78D9
:100E80000A4B1A704FF416530093032200230221D9
:100E900005F01CFA064A0749034803B05DF804EB65
:100EA00002F044B96A210020841800206921002042
:100EB000C8010020CD020008034A012311688340C5
:100EC0000B431360704700BF6C210020044A0123CC
:100ED00003FA00F0136823EA00031360704700BFB1
:100EE0006C210020024A012383401068184070479B
:100EF0006C21002038B50C460146064815460CF01A
:100F0000EFFA054B1D70054B1C70BDE83840022000
:100F1000FFF7D2BF7A21002079210020782100201C
:100F20000520FFF7C9BF0620FFF7C6BF004870477E
:100F30007A210020014B1878704700BF79210020EA
:100F4000014B1860704700BF74210020014B1860EE
:100F5000704700BF7021002008B50C4805F0A6F8C6
:100F60000A480B4B40F8283B102200210BF0BAFE38
:100F7000064A08490548012382F83830064B1360B9
:100F8000BDE80840054A02F0D1B800BF8025002026
:100F900080870108390B000894870108C8010020E8
:100FA00008B506490CF07CF828B905490548BDE8A4
:100FB000084006F03BBB0449F8E700BFC0800108C9
:100FC000666D0108440E00207B6D01080FB407B563
:100FD000064B04AA1B6852F8041BD868019208F05B
:100FE0006FFD03B05DF804EB04B07047EC07002020
:100FF000002000F05BBF00002DE9F041BDF81C505F
:10100000B5F5806F06460C4690461F4606D322482B
:101010002946FFF7DBFF0620BDE8F081022000F043
:10102000A1FC08B10720F7E73146022000F0F6FCEA
:101030004FFA88F1022000F02DFD3946022000F021
:1010400047FD0699022000F061FD2146022000F0D4
:10105000C7FC8EB90B3C012C12D80121022000F0F4
:10106000A1FC7DB90121022000F06EFD00F0D6FD4B
:101070000130D7D00020CFE7012E01D10C2CECD0CD
:101080000021EBE70021022000F05EFD294602204E
:1010900000F078FDEAE700BF936D0108704700009B
:1010A00084B038B504AC84E80F000220DDE90854B0
:1010B00000F058FC20B10720BDE8384004B070476C
:1010C0000C2C15D921461148FFF780FF0C21022076
:1010D00000F086FCA5B90B3C012C15D8012102209B
:1010E00000F060FC00F09AFD0130E4D00020E3E75E
:1010F000052CEFD821460548FFF768FF0621E6E7F3
:10110000012D01D10C2CE9D00021E8E7236E010864
:101110000FB407B5064B07491B6805AAD8680192AA
:1011200008F0CEFC03B05DF804EB04B0704700BFDC
:10113000EC0700204C6E010884B010B502AC84E8C6
:101140000F009DF80D10012905D0BDE8104025487D
:1011500004B0FFF7DDBF9DF8293033205BB301F009
:1011600009F840F04101C9B2332000F0F8FF19211D
:101170003B2000F0F4FF9DF827309DF82A402BB368
:101180001D21112000F0EBFF402000F0F3FF00F0E4
:101190003301402000F0E3FF00210F2000F0DFFFCB
:1011A00000210D2000F0DBFFD4B10520BDE8104088
:1011B00004B001F015B800F0DDFF00F0BE0141F011
:1011C0000101332000F0CBFF1D21D1E71F211120A9
:1011D00000F0C5FF402000F0CDFF00F03F01D8E750
:1011E0000620E3E74C6E010884B02DE9F04106AC1F
:1011F00084E80F000898BDF832609DF83450BDF8BF
:1012000042700B9CDDF8288000F0CAFF1D2000F022
:10121000B1FF9DF831309DF8301041EAC3019DF8CF
:10122000363041EA881141EA430141EA8501C9B2F9
:101230001D2000F094FF1E2000F09CFFC7F3012149
:1012400000F00C0041EA04110143C9B21E2000F075
:1012500086FFF9B21F2000F082FF310A202000F043
:101260007EFFF1B2212000F07AFF25B19DF8351004
:10127000222000F074FF9DF837306BB14B2000F056
:1012800079FF60F07F01C9B24B2000F068FF9DF844
:101290003810242000F063FF062C4FF031000FD1EE
:1012A00000F068FF00F0F80141F00501312000F086
:1012B00056FF0C21BDE8F041372004B000F04FBFCD
:1012C00000F058FF00F0F80141F00301312000F078
:1012D00046FF0A21EEE78021122000F040BF4021A6
:1012E000122000F03CBF07B5122000F043FF8DF83C
:1012F00007009DF80700C0F3401003B05DF804FB41
:101300002021122000F02BBF08B5192000F032FF79
:10131000030643BF4042C0F38500404240F38700CC
:1013200008BD84B010B502AC84E80F009DF93840C8
:101330001A2000F01FFF002CB8BF8B3C4FEA20138F
:10134000B8BF0019BDE81040A8BF8B38184400B2E0
:1013500004B0704738B50546132000F00BFF044673
:101360000146284600F016FF204638BD0FB407B5E9
:10137000064B04AA1B6852F8041BD868019208F0B7
:101380009FFB03B05DF804EB04B07047EC0700204E
:1013900008B528B90848FFF7E9FF4FF0FF3008BD4E
:1013A000402905D90548FFF7E1FF6FF00100F6E796
:1013B000BDE8084000F0CEBD8B6E0108B76E010895
:1013C000F8B5074601200D4614461E4600F0CAFA3D
:1013D00008B10720F8BD3946012000F03DFB294641
:1013E000012000F01BFB71B2012000F053FBBDF89F
:1013F0001810012000F06CFB0799012000F086FB1B
:101400002146012000F0ECFA65B90B3C012C0DD807
:101410000121012000F0C6FA00F0D2FB0130D8D043
:101420000020D7E7012D01D10C2CF1D00021F0E7ED
:1014300084B038B504AC84E80F000120DDE908541D
:1014400000F090FA20B10720BDE8384004B07047A2
:101450009DF91C0000F010FC50BB012000F082FA46
:101460000028F0D10C2C15D921461248FFF77EFF39
:101470000C21012000F0B4FAA5B90B3C012C15D8C1
:101480000121012000F08EFA00F09AFB0130DAD041
:101490000020D9E7052CEFD821460648FFF766FF64
:1014A0000621E6E7012D01D10C2CE9D00021E8E767
:1014B0000120C9E7236E01080FB407B5064B0749A1
:1014C0001B6805AAD868019208F0FAFA03B05DF823
:1014D00004EB04B0704700BFEC070020F16E010878
:1014E00084B070B504AC84E80F0009209DF9404039
:1014F00000F040FE06465A2000F03CFE9DF81030F9
:1015000003F0FD03012B14BF00238023054606F0E2
:101510007F001843030600F0F00127D5112CCBBF44
:1015200045F0070505F0F805EDB245F0040505F0B6
:101530000703072B12D1142CA8BF1424052CB8BF05
:101540000524631F1943C9B2092000F008FE29468B
:10155000BDE870405A2004B000F001BE112CA8BFB5
:101560001124022CB8BF0224A31EEBE70E2CA8BF47
:101570000E2444EAE47401342143E4E784B008B55E
:101580000DF1080C8CE80F009DF80D10012905D015
:10159000BDE80840124804B0FFF78EBF9DF8273021
:1015A0009BB1F521112000F0DAFD402000F0E2FDB2
:1015B00000F03301402041F0400100F0D0FDBDE8D3
:1015C0000840032004B000F00BBEF721112000F00A
:1015D000C6FD402000F0CEFD00F03F01EAE700BF6D
:1015E000F16E010884B02DE9F0418AB010AC84E8B6
:1015F0000F009DF94C30089314AD0FCD6C46159E2D
:10160000BDF85A70DDF850800FC495E80F0084E8EB
:101610000F0010AB0FCBFFF763FF129800F0C0FD77
:101620009DF85F306BB14B2000F0A4FD60F07F01AE
:10163000C9B24B2000F093FD9DF86010242000F00B
:101640008EFD1D2000F096FD9DF859309DF8581034
:1016500041EAC3019DF85C3041EA881141EA830107
:101660009DF85E3041EA4301C9B21D2000F077FDCC
:101670001E2000F07FFD00F00F0141EA0611C9B203
:101680001E2000F06CFD390A202000F068FD2120AA
:10169000F9B200F064FD062E4FF0310010D100F0D9
:1016A00069FD00F0F80141F00501312000F057FD1F
:1016B0000C2137200AB0BDE8F04104B000F04FBD66
:1016C00000F058FD00F0F80141F00301312000F076
:1016D00046FD0A21EDE70821122000F040BD08B5C3
:1016E00068B1332000F046FD00F0BE01332000F069
:1016F00036FD19213B20BDE8084000F030BD332005
:1017000000F038FD00F0BE0141F00101332000F08F
:1017100026FD1D21EEE738B5044622200D4600F0D7
:101720001EFD00210E2000F01AFD00210D2000F00A
:1017300016FD012000F01EFD30F0F80304D100F08A
:101740007DFD012005F02AFD29462046BDE83840F0
:1017500000F01BBD0FB407B5064B04AA1B6852F876
:10176000041BD868019208F0ABF903B05DF804EBF4
:1017700004B07047EC07002010B50A4C2178814274
:10178000024605D00848FFF7E5FF4FF0FF3004E0C0
:10179000022001F001F808B9207010BD0348FFF7DE
:1017A000D9FFF2E738260020257701087B7701086A
:1017B00008B5044804F0D7FC00F043FD024B0122B9
:1017C0001A7108BDC82500200826002013B5174C43
:1017D0002379022B03D0032B19D002B010BDFFF7E1
:1017E0005DFCFFF7E5FF032000F0D6FF012808D0DD
:1017F00000230F4A0093146819461A460120A04797
:10180000EBE70C4802B0BDE81040FFF7A3BF20464D
:1018100000F05AFD94F8280000F047FD01232371E1
:1018200002B0BDE8104000F0E7BF00BF082600206E
:101830003C260020FB7601082DE9F041354C267945
:1018400088B046B134483146FFF784FF4FF0FF308F
:1018500008B0BDE8F081314B1860314B3148196058
:10186000FFF778FF4FF4807005F060FF2E4B186093
:1018700028B92E48FFF76EFF6FF00100E8E74FF43C
:10188000FA6262620E2222730B22294B62610822E5
:101890004FF00108A360628304230522204684F8E8
:1018A00020306285237084F805802677E67784F8F7
:1018B0001E8084F82160266184F81980667784F898
:1018C000228084F8288000F0FFFC2546014605F8B8
:1018D000100B1848FFF73EFF0FCD6F460FC795E876
:1018E0000F0087E80F0094E80F00FFF7A1FDA5F1B6
:1018F000100CBCE80F006F460FC795E80F0087E893
:101900000F0094E80F00FFF7CBFB84F8048030460B
:101910009EE700BF08260020F26F01084026002045
:101920003C26002043700108C0250020707001088B
:101930002021F636AA70010808B5042000F02CFF1B
:10194000012805D10648FFF705FF4FF0FF3008BD1D
:10195000FFF72EFF022000F01FFF0020F7E700BF77
:10196000C070010838B5054618B90A48FFF7F2FEFD
:1019700005E0094C217829B10848FFF7EBFE4FF04C
:10198000FF3004E0084600F007FF08B9257038BDB5
:101990000348EBE7D0740108382600200D750108D4
:1019A0005075010838B504460D4600F01FFF0128A8
:1019B000084B06D11A78A24203D1074B00201D76AE
:1019C00038BD06481A782146FFF7C4FE4FF0FF30B5
:1019D000F6E700BF382600200826002071740108B1
:1019E00038B504460D4600F001FF0128084B06D12A
:1019F0001A78A24203D1074B00205D6138BD06482A
:101A00001A782146FFF7A6FE4FF0FF30F6E700BF39
:101A100038260020082600201274010838B5044634
:101A20000D4600F0E3FE0128084B06D11A78A242C9
:101A300003D1074B00201D6138BD06481A782146A6
:101A4000FFF788FE4FF0FF30F6E700BF3826002092
:101A5000082600208475010838B504460D4600F0BC
:101A6000C5FE0128084B06D11A78A24203D1074BC4
:101A700000201D7338BD06481A782146FFF76AFE1C
:101A80004FF0FF30F6E700BF382600200826002080
:101A90009672010838B504460D4600F0A7FE0128ED
:101AA000084B06D11A78A24203D1074B00205D767D
:101AB00038BD06481A782146FFF74CFE4FF0FF303C
:101AC000F6E700BF3826002008260020B37301087F
:101AD00038B504460D4600F089FE0128084B06D1B2
:101AE0001A78A24203D1074B00205D8338BD064817
:101AF0001A782146FFF72EFE4FF0FF30F6E700BFC1
:101B00003826002008260020DD75010838B5044677
:101B10000D4600F06BFE0128084B06D11A78A24250
:101B200003D1074B00209D6038BD06481A78214636
:101B3000FFF710FE4FF0FF30F6E700BF3826002019
:101B4000082600209D76010838B504460D4600F0B1
:101B50004DFE0128084B07D11A78A24204D1074B49
:101B6000002083F8225038BD05481A782146FFF737
:101B7000F1FD4FF0FF30F6E7382600200826002060
:101B80003F76010838B504460D4600F02FFE0128C7
:101B9000084B06D11A78A24203D1074B00205D857D
:101BA00038BD06481A782146FFF7D4FD4FF0FF30C4
:101BB000F6E700BF382600200826002056730108EB
:101BC000F0B589B000F012FE0128114B18D11F7832
:101BD000012F15D10F4E06F1100500F035FB0FCD8A
:101BE0006C460FC495E80F0084E80F0096E80F00DC
:101BF000FFF7F8FC3846FFF7BFFD002009B0F0BD45
:101C000005481978FFF7A6FD4FF0FF30F6E700BF53
:101C1000382600200826002032720108F0B589B06D
:101C200000F0E4FD0128114B18D11F78022F15D1C7
:101C30000F4E06F1100500F007FB0FCD6C460FC4E8
:101C400095E80F0084E80F0096E80F00FFF7CCFA44
:101C50003846FFF791FD002009B0F0BD054819781E
:101C6000FFF778FD4FF0FF30F6E700BF3826002081
:101C700008260020CE710108F0B58BB0044600F0B4
:101C8000B5FD0128104B17D11F78012F14D10F4E2D
:101C9000089406F110050FCD6C460FC495E80F00AF
:101CA00084E80F0096E80F00FFF71AFC3846FFF7AC
:101CB00063FD00200BB0F0BD05481978FFF74AFD21
:101CC0004FF0FF30F6E700BF38260020082600203E
:101CD000F27201080E4B1B79022B13B510D1FFF7DE
:101CE000FAFAFFF765FD032000F056FD012809D040
:101CF0000023084A0093146819461A460120A04799
:101D000002B010BD044802B0BDE81040FFF722BD8C
:101D1000082600203C260020E87001082DE9F0414B
:101D2000454E3479022C8AB067D1FFF7D8FAFFF715
:101D3000DAFA012829D1FFF7E3FA96F82250ADB973
:101D4000FFF736FD032000F027FD012808D03B4BAC
:101D500000951E682A462B4629462046B04711E0CA
:101D600037480AB0BDE8F041FFF7F4BC00F03EFD93
:101D70000328F5D10023314A0093156819461A4605
:101D80002046A8470AB0BDE8F081FFF7BDFA06F18A
:101D90001005089007460FCD6C460FC495E80F005C
:101DA00084E80F0096E80F00FFF7BBFA254C804649
:101DB0002068FFF7CFFA96F8226005468EB9FFF744
:101DC000F7FC032000F0E8FC012808D01B4B00972B
:101DD0001F68216843462A463046B847D2E71A486A
:101DE000BFE700F003FD0328F9D1144B00971E68EC
:101DF000216843462A460020B0E7032C14D113483B
:101E000004F0B1F9FFF767FCFFF7D2FC204600F0C1
:101E1000C3FC012806D00E4B1B6800200AB0BDE8A9
:101E2000F04118470B489CE70B4821460AB0BDE833
:101E3000F041FFF78FBC00BF082600203C260020A1
:101E40002B6F0108C0250020676F0108C8250020FE
:101E500040260020A26F0108D66F01082DE97043CB
:101E6000044699460D46904604F0E8FE636B23B99C
:101E700094F838300BB104F08BFC04F12806AE4224
:101E80000BD03046FEF734FE3EB1EB681BB15B6809
:101E9000294630469847EB68636342464B462046E6
:101EA00004F049F9BDE8704304F0DEBEF0B5064623
:101EB0008DB0012000F070FC012806D11E48FFF70C
:101EC00049FC4FF0FF300DB0F0BD1C4B1C4F1868A3
:101ED0004FF48072002107F110050AF003FF0FCDC7
:101EE0006C460FC495E80F0084E80F0097E80F00D8
:101EF000FFF722F902233B71E6B11022002108A866
:101F00000AF0F0FE0F4B089330460F4B0B9313F083
:101F1000D5F900220D4B13F04BFA13F0E1FD024608
:101F20000B460B4808A9FFF799FF08A8FEF7E0FD4C
:101F30000020C8E73046C6E717710108C025002019
:101F400008260020CD170008D082010800408F40ED
:101F5000C8250020F0B5304C2379032B8FB00646FE
:101F60000D4606D12D48FFF7F5FB4FF0FF300FB0BF
:101F7000F0BD042000F010FC0128F3D0FFF718FC9E
:101F80000A2005F00BF9022000F006FC012000F009
:101F900003FC012801D12248E5E763791BB1012B3D
:101FA00003D000270CE01F48DDE794F82100FFF77D
:101FB00096FB2946304684F82E50FFF7ACFB676A43
:101FC000194E08970FCE6D460FC596E80F0085E8AD
:101FD0000F0094E80F00FFF7D1FA0323102200212D
:101FE0000AA823710AF07EFE104B0A933846104B64
:101FF0000D9313F063F900220E4B13F0D9F913F08F
:102000006FFD02460B460C480AA9FFF727FF0AA8F6
:10201000FEF76EFD0020AAE7082600203E710108A9
:102020006E7101089571010818260020CD1700086F
:10203000D082010800408F40C825002010B50C4C0C
:10204000204604F033F820460A4B40F8283B102283
:1020500000210AF047FE012384F83830064B236044
:102060002046064A0649BDE8104001F05FB800BFAF
:10207000C82500208087010894870108C801002036
:10208000390B000810B50446044B40F8B83BD4F8AF
:10209000C4300BB19B689847204610BD6C8801087E
:1020A0000FB407B5064B07491B6805AAD86801920B
:1020B00007F006FD03B05DF804EB04B0704700BF05
:1020C000EC070020AB770108F8B50D4C0D4F2368E5
:1020D0001646E2681B040D46136040F08001094873
:1020E00004F084FA013D2E44B54205D015F8011FD5
:1020F000384604F07BFAF7E7A36822681A60F8BD57
:102100000027002038270020F8B50E4C0E4F23681A
:102110001646E2681B040D46136000F07F010A4872
:1021200004F064FA013D2E44B54206D00021384641
:1021300004F05CFA05F8010FF6E7A36822681A605C
:10214000F8BD00BF002700203827002010B5044646
:10215000FFF798FF204601F056F9204610BD07B55D
:1021600002AB012203F8011D1946FFF7ADFF03B0D2
:102170005DF804FB07B501220DF10701FFF7C4FF6D
:102180009DF8070003B05DF804FB0A4601460020F5
:10219000FFF79ABF0A4601460020FFF7B5BF0000CF
:1021A00010B513F08BF80CA3D3E9002313F02AFA2F
:1021B00013F0D6FB0446C0F307410620FFF7CFFF1C
:1021C000C4F307210720FFF7CAFFE1B20820BDE8EA
:1021D0001040FFF7C4BF00BF0000000080844E40E5
:1021E000144910B50A78044690B932B901230B702E
:1021F000114BDA681B681B0413600120FFF7BAFF5C
:1022000000F0F80121430120BDE81040FFF7A7BF0F
:10221000094B2AB11A6800200870D96812040A60B4
:10222000032C1A6803D0DB6812041A60E5E79B6888
:10223000FBE700BF14280020E42600200120FFF760
:10224000CFBF0020FFF7CCBF10B504460120FFF739
:1022500091FFC0F3C010844226D0012C13D0FFF7A9
:10226000F0FF0120FFF786FF00F07F010120FFF75C
:1022700076FF00214020FFF772FF30214120BDE8AA
:102280001040FFF76CBFFFF7DCFF2046FFF772FF3F
:1022900060F07F01C9B22046FFF761FF00214020B6
:1022A000FFF75DFF0021E9E710BD10B504460120EE
:1022B000FFF7CAFF2CB134213920BDE81040FFF7E9
:1022C0004EBF1221F8E700002DE9FF47594C0546A3
:1022D00004F0B4FC0121204600F000FC04F0C4FC32
:1022E0002368E2681B041360012004F057FF04F028
:1022F000A5FC2046002100F0F1FB04F0B5FC06200F
:1023000004F04CFF2E784C4C042E1CD104F096FCAB
:102310000021204600F0E2FB04F0A6FC012004F0BE
:102320003DFF63681A6823681A4214BF012600261D
:1023300004F084FC2046012100F0D0FB04F094FC62
:10234000012004F02BFF2368E2683C483C4C1B044E
:1023500013603C4B9A681B6813600821002204F04C
:1023600023F9394804F00CFF0020FFF739FF102251
:10237000ACBB214668460AF0B5FC69463348344C8C
:1023800004F021F86846FEF7B3FB10227CBB21461F
:1023900068460AF0A7FC69462E48DFF8C8802E4C34
:1023A00004F011F86846FEF7A3FB4FF00309002381
:1023B0005F1CDBB2D8F80020B2FBF9F29A421ED9BA
:1023C00003EB430304EB030AE05CFFF73DFF9AF8DD
:1023D00002109AF80100FFF7C2FE3B46E8E7002131
:1023E00068460AF07FFC1D4B00940393C5E700216B
:1023F00068460AF077FC194B00940393CBE76879A1
:10240000174CFFF721FF95F82800FFF74EFF4220F9
:10241000FFF7B0FE38B92046FFF742FE4FF07E507E
:1024200004F0AEFEF3E7A868FFF7BAFE304604B04A
:10243000BDE8F0871C270020E42600203827002074
:102440001D1D000800270020CDCCCC3D44260020D7
:10245000D51C000894260020DC820108D0820108E7
:10246000AB770108D001002073B5224D224C234EDA
:102470000A21284603F04CFF2846214D22463146CA
:1024800000F054FE1321284603F042FF2246314655
:1024900028461C4D00F04AFE4FF0FF330093062201
:1024A00005230721284604F0D3F82246164928467A
:1024B00000F03CFE154B1C242246184600210AF071
:1024C00011FC162103F0DAFE114B224618460021BA
:1024D0000AF008FC002103F0BEFE0E4B224600214C
:1024E00018460AF0FFFB212102B0BDE8704003F05E
:1024F000B2BE00BF44260020C80100206963000866
:10250000942600203827002085200008002700207E
:102510001C270020E42600200FB407B5064B04AAB0
:102520001B6852F8041BD868019207F0C9FA03B07F
:102530005DF804EB04B07047EC07002013B5084BBE
:102540000024CDE900340122082307212046FEF7AC
:1025500053FDFEF74DFD034B1C7002B010BD00BFD4
:102560002021F6361528002010B5044648B9FFF79B
:10257000E3F9FFF7E3FF084B1B682046BDE8104076
:102580001847012807D1FFF7D7F9FFF7D7FF024B0C
:1025900002201B68F2E710BD582800202DE9F04109
:1025A000884615461F469DF9186000283BD1202A11
:1025B00003D92648FFF7B0FF2025254C2A4641467F
:1025C00020460AF08DFF234B1F80234B1E70267878
:1025D0002746FEB9214BA4781B78A34201D0FF2CDB
:1025E0001BD1A4F1FF035C425C4101261C4B1B780C
:1025F000ABB9FFF7A1F9FFF7A1FF012E24D1194BC9
:10260000787819492A1F1D68D2B22346AC46BDE826
:10261000F041604700242646E8E73446E6E71348E1
:10262000FFF77AFFE9E7013801280DD80C4B1B783A
:102630002BB9FFF781F9BDE8F041FFF77FBF0B48E9
:10264000BDE8F041FFF768BFBDE8F081B878010848
:10265000162800206228002060280020642800201E
:10266000152800205C2800201A280020FD78010889
:102670000A4B10B518700A4B19600A4B0A491A60C8
:1026800004460A48FFF7D8F8094B00225C701A701C
:10269000FFF752F9BDE81040FFF750BF6428002053
:1026A000582800205C2800209D2500086925000886
:1026B00036280020F7B5184F3C7834B1174821462A
:1026C000FFF72AFF012003B0F0BD1C2905D91448EB
:1026D0002022FFF721FF0320F5E7124D0E1DAA70FF
:1026E000F6B20A460146281D2C70EE700AF0F8FE7C
:1026F000FFF722F90C4A0823CDE9003221460123D5
:1027000007220E20FEF75CFE31462846FEF740FE0B
:1027100001233B702046D6E715280020CD7701081D
:102720000E780108362800202021F636014BB3F937
:102730000000704762280020014B93F900007047A9
:102740006028002010B5074B1C78012C05D10648E5
:102750002146FFF7E1FE204610BD044B1870002013
:10276000FAE700BF152800205878010864280020E7
:102770000FB407B5064B07491B6805AAD868019234
:1027800007F09EF903B05DF804EB04B0704700BF9A
:10279000EC0700204A79010837B501460D480E4A7A
:1027A000037803EB83052A44545C012C06D00B4BC1
:1027B0002B445B5C0370204603B030BD08486422A4
:1027C00002FB03000090074802FB01020648FFF7E6
:1027D000CFFFF0E765280020238301080F8301085D
:1027E000C8030020D40100204A790108014B187861
:1027F000704700BF65280020014B00221A70704707
:102800006528002043692DE9F0410D46D9070446AB
:1028100028D58168334F8268334E83683348394006
:10282000B94202EA060204BF0127A760B24203EAE6
:10283000000304BF4FF48076A660834204BF4FF4C8
:102840008030A0602748814205D027498A4202D0C3
:10285000264A934206D1264B264A1B6852F8250089
:1028600001219847E2686369920708D09F0706D55F
:102870001F4B204A1B6852F8250000219847A16988
:10288000626963698E070AD5900508D5190406D5D3
:10289000174B184A1B6852F8250005219847A7696D
:1028A0006669626917F0040706F4806609D046B1CC
:1028B000120406D50E4B0F4A1B6852F8250007215B
:1028C000984763695FB156B11B0408D5084B094AA4
:1028D0001B6852F825000221BDE8F0411847BDE809
:1028E000F08100BF03000004000300080000031093
:1028F000702800206828002000210148FFF782BFCF
:1029000000640040FFF7F8BFFFF7F6BF0121014860
:10291000FFF778BF00680040FFF7F8BFFFF7F6BF8A
:1029200030B5036891FAA1F4B4FA84F491FAA1F1F4
:102930000325B1FA81F1640005FA04F4490023EAA1
:10294000040302FA01F11943016030BD00B5002310
:1029500089B007286FD8DFE800F00413202D3A472C
:1029600054610093364B37481A6B42F001021A63E8
:102970001B6B03F001030093009B09B05DF804FB9F
:1029800001932F4B30481A6B42F002021A631B6B03
:1029900003F002030193019BEFE70293284B2B48BE
:1029A0001A6B42F004021A631B6B03F004030293D8
:1029B000029BE2E70393224B25481A6B42F0080280
:1029C0001A631B6B03F008030393039BD5E704937F
:1029D0001B4B20481A6B42F010021A631B6B03F06A
:1029E00010030493049BC8E70593154B1A481A6B10
:1029F00042F020021A631B6B03F020030593059B32
:102A0000BBE706930E4B15481A6B42F040021A635F
:102A10001B6B03F040030693069BAEE70793084B3E
:102A20000F481A6B42F080021A631B6B03F080039D
:102A30000793079BA1E70B4804F068FC00209CE784
:102A4000003802400000024000040240000802403A
:102A5000000C024000100240001402400018024026
:102A6000001C024089790108431C10B5044604D1BA
:102A700076220649064803F0CBFE2046002100F0EE
:102A80000DFE04F00F040120A04010BDAA7901083A
:102A9000047A010870B504464B1C0E46218216D0FC
:102AA000C1F30310FFF752FF05463046FFF7DCFF86
:102AB000238A074A656103F00F03206052F8233030
:102AC000A36105F1100318356360A560E56070BD72
:102AD000F4860108B0F9100000F078BE0A4619B972
:102AE00081694069FFF71CBF0122F9E74C23F0B56B
:102AF0004343224E224F1A1D324400244FF0010E50
:102B00001E448C4205D10146BDE8F0401D4804F04A
:102B1000FDBB33680EFA04F51D422BD0136B7D69A3
:102B20000EFA03F32B4225D0D2F818C07B6115684A
:102B300005B3FA6833EA020203D1BA6833EA020243
:102B400014D10F4A916833EA010103D1D26833EA04
:102B500002020DD1DCF81020134214BF0121022122
:102B6000094B28461B68BDE8F04018470221F7E7EB
:102B70000121F5E701340432C3E700BF74280020C7
:102B8000003C01403E7A0108882A002006210846C0
:102B9000FFF7ACBF05210846FFF7A8BF01210420BD
:102BA000FFF7A4BF01210320FFF7A0BF01210220EE
:102BB000FFF79CBF01210846FFF798BF01210020C5
:102BC000FFF794BF012910B518D11B4C838952B16E
:102BD000A26803F00F0399401143A160836843F09A
:102BE0000103836010BDA26803F00F03994022EA3D
:102BF0000101A160836823F00103F2E70229F1D10A
:102C00000D4983895AB1CC6803F00F03012202FAFF
:102C100003F32343CB60836843F00203E1E7CA6810
:102C200003F00F03012404FA03F322EA0303CB6049
:102C3000836823F00203D4E7003C0140B0F90C3074
:102C400099B270B501F00F0606F00C0404F180444F
:102C500004F59C3401F00301A56889000F228A4025
:102C6000C3F3031325EA02058B402B43A3600F4BEC
:102C700001221968B240114319608468E50742BF18
:102C8000996811439960A10742BFD9680A43DA6085
:102C900090F90030002B08DB5909012203F01F03D3
:102CA00002FA03F3024A42F8213070BD003C0140B1
:102CB00000E100E02DE9F04F92464A1C85B08046C5
:102CC0000C4666D000220392334A344F516C41F4D3
:102CD00080415164526C02F480420392039A04F0E2
:102CE0000F090C2202FB0972C4F303105568062D6C
:102CF00047D8DFE805F0043A3C3E40424400284E05
:102D00000193FFF723FE0C2101FB09F17A1857F814
:102D100001E0244FA8F80C404C21694301247B5862
:102D200092F90820C8F8045004FA0EF44FF0000B92
:102D30001C4388F80020C8F808B07C50132101FB20
:102D400005E507EB8501019B4B60174BC861C3F894
:102D500000A0164BC1F834909B681032404643F8EF
:102D60002260FFF76BFF584610E0114EC8E7114E86
:102D7000C6E7114EC4E7114EC2E7114EC0E7114E2F
:102D8000BEE7114804F0C2FA4FF0FF3005B0BDE8CD
:102D9000F08F0846FAE700BF00380240CC850108F2
:102DA000BD2B000874280020882A002000ED00E0D8
:102DB000B52B0008AD2B0008A52B00089D2B0008A3
:102DC000952B00088D2B0008177A01088389184A73
:102DD00003F00F03012110B501FA03F39468DB43FC
:102DE0001C409460D4681C40D46014682340136075
:102DF00090F90030002B0CDB5A0903F01F0301FA95
:102E000003F320320B4941F82230BFF34F8FBFF359
:102E10006F8F90F90030002B09DB5A09012103F074
:102E20001F0301FA03F36032024941F8223010BD5A
:102E3000003C014000E100E0838903F00F020C2315
:102E40005343104A70B54468D658FFF7BFFF4C2172
:102E50000D4A6143012000FA06F55058132303FB85
:102E6000046320EA0500505002EB8300002141601A
:102E7000981D0C3302EB800002EB83034160596024
:102E800070BD00BFCC8501087428002008B503F090
:102E90007DF8002008BD000008B50A4B1B684BB147
:102EA00003F0F0F904F0EFF84FF47A72002312F017
:102EB000C7FD08BD03F0BEF84FF47A73B0FBF3F022
:102EC00008BD00BF8C2A002010B588B003F0B6FE04
:102ED000052101A803F0D2F90424039B019A1A608A
:102EE000962004F05BF9019B049A1B041360962062
:102EF00004F054F9013CF0D10424039B019A1A60B8
:102F00004FF4C87004F04AF9019B049A1B04136043
:102F10004FF4C87004F042F9013CEED1DCE7000048
:102F200070B50D46A0B0044603F088FE2B4622463D
:102F30008021684609F024FC051E03DC03F094FEA2
:102F400020B070BD094B1B6823B903220221084839
:102F500000F090FE064E00241DF8041030460134A7
:102F600001F06AF8A542F7D1E8E700BFD42A0020B3
:102F7000B42D00200FB407B504A951F8040B01913A
:102F8000FFF7CEFF03B05DF804EB04B0704700001C
:102F900008B502F0A9FF01F0ADF802F095FF02F0CC
:102FA000A3FF024B01221A6008BD00BF8C2A00203B
:102FB00000207047036801221B690021184703683D
:102FC00000221B691146184703681B6918470368EC
:102FD0009B69184703689B6A184700290CBF6FF06C
:102FE000180000207047012070471120704770477B
:102FF0006FF01C0070476FF015007047012070479C
:103000000020704770470000F8B5074E15460C4683
:103010008F18BC4205D014F8011B304601F00CF8A3
:10302000F7E72846F8BD00BFB42D002038B58DB2B3
:1030300015F0010405D0084800F098FD041C18BFE5
:103040000124EB0605D5044800F0A6FD08B144F0C4
:103050001004204638BD00BFB42D002010B5044632
:1030600004F06CFB204610BD10B50C462AB1044894
:1030700000F0D0FF2070012010BD104610BD00BF31
:10308000B42D002038B51D46074B0360074B1B6865
:10309000044633B9064800F0EDFD2946044800F027
:1030A000B1FD204638BD00BF94860108D42A002017
:1030B000B42D0020002070470020704708B5012083
:1030C00000F036F80C4A136810B51844EFF3088185
:1030D000884205D3094B0C221A604FF0FF3010BD17
:1030E00007490C6824B10749096821448842F1D294
:1030F0001060184610BD00BF58060020782D002033
:10310000A02A0020A42A0020074C08B52368054601
:10311000986808F0A7FB2368D86808F0A3FB0DB1F6
:10312000FFF7D2FEFEE700BFEC070020012070474A
:1031300008B5FFF7E9FF01207047002109F010B939
:1031400008F0CABB7047704708B5FFF7FBFF08BD22
:1031500008B5FFF7F8FF08BD10B5037803F00303C7
:10316000012B04460CD02BB140F2A9520549064868
:1031700003F04EFB237843F002032370012010BDBF
:10318000002010BDDB7A0108327B010810B50378FE
:1031900003F00303022B044605D040F2B152054967
:1031A000054803F035FB237823F0030343F00103C4
:1031B000237010BDDB7A0108587B01083F2870B5E9
:1031C00004462FDC184D55F820305A1C13D1022824
:1031D00011DCFFF771FF034658B92046FFF76AFF7D
:1031E000034630B9114E3378BFF35B8FDB0704D54C
:1031F0000F4B45F82430184670BD3046FFF7ACFF42
:103200000028F5D04FF41653032202210848FFF797
:1032100039FF3046FFF7BAFF064A07490448FFF76F
:1032200085FFE5E70023E6E758050020902A002007
:103230009C2A0020C80100200530000838B505464A
:10324000FFF7BCFF0B4B002443F8254030B909F0D1
:10325000E3FE092303604FF0FF3038BD03685B696C
:103260009847051E04DA09F0D7FE6D420560F2E7C3
:10327000204638BD58050020FFF7E0BF38B50C46A2
:103280001546FFF79BFF38B909F0C6FE0923036016
:103290004FF0FF34204638BD03682146DB682A46DC
:1032A0009847041EF6DA09F0B7FE64420460EFE7BF
:1032B00008B5131E06DA09F0AFFE162303604FF0BF
:1032C000FF3008BD04D0FFF7D9FF40EAE07008BD29
:1032D000184608BD38B50C461546FFF76FFF38B9DC
:1032E00009F09AFE092303604FF0FF34204638BDF1
:1032F000036821469B682A469847041EF6DA09F0BF
:103300008BFE64420460EFE7002A08B503DBBDE8EA
:103310000840FFF7DFBF09F07FFE162303604FF080
:10332000FF3008BD10B5FFF749FF044628B909F082
:1033300073FE09230360204610BD0368DB699847CC
:10334000041EF8DA09F068FE644204600024F2E723
:103350001FB504220C4640230DEB020101900DF134
:1033600009008DF808300AF0BBF8214602A808F0E1
:1033700075FC044630B10198FFF7D4FF10B1204628
:10338000FFF7DBFE204604B010BDFFF7CBBF38B51A
:103390000C461546FFF712FF38B909F03DFE092328
:1033A00003604FF0FF34204638BD036821461B6997
:1033B0002A469847041EF6DA09F02EFE644204609D
:1033C000EFE7FFF7E4BF38B50D46FFF7F7FE044619
:1033D00030B909F021FE092303604FF0FF3038BDFA
:1033E0000368DB699847002814BF4FF400534FF47B
:1033F00000436B60236820469B6A98472861002041
:1034000038BDFFF7E0BF04F099B90000034610B5DE
:1034100053F8042B044602B9036022689A4204D090
:103420005E220349034803F0F3F9206810BD00BF92
:10343000687A0108C77A010810B504460948FFF701
:10344000E5FF0023084A194652F82300A04208BFAE
:1034500042F823100133402BF6D10248FFF7D6FF84
:1034600010BD00BF942A00205805002010B50F4859
:10347000FFF7CCFF0E4B032453F824206AB101342C
:10348000402CF9D109F0C8FD182303600748FFF765
:10349000BDFF4FF0FF34204610BD4FF0FF32034810
:1034A00043F82420FFF7B2FFF5E700BF942A00207D
:1034B0005805002010B50446FFF7D8FF0028A4BF28
:1034C000014B43F8204010BD5805002070B506465A
:1034D0000C46FFF7EFFF054690B12146FFF738FF96
:1034E000044630B9074B53F82520964203D143F8E0
:1034F0002500204670BD09F08FFD09230360F8E721
:103500000446F6E7580500200EB42DE9F04185B0D9
:103510000546FFF7ABFF041E13DB0023294602A874
:10352000019303F0C7FD02A803F016FE1B4D0646EB
:1035300068B909F071FD1323036045F824604FF06A
:10354000FF34204605B0BDE8F04103B0704702A843
:1035500003F0F0FD074602A837B103F0F4FD019037
:10356000019B45F82430ECE703F0DBFD064600281C
:10357000DFD0036802A8D3F8088003F0C7FD0B9BD7
:10358000024601A93046C04706460028E8D009F0A7
:1035900043FD7642066045F82470D0E758050020C8
:1035A00073B50E461849054609F07AFD044620B960
:1035B000FFF704FE204602B070BD1449284609F00A
:1035C0006FFD20B90120FFF7F9FD0124F2E7104952
:1035D000284609F065FD20B90220FFF7EFFD02241F
:1035E000E8E72B78402B07D10422691C0DEB020081
:1035F00009F076FF019CDDE726F400412846FFF73D
:1036000083FF0446D6E700BFE4860108EB86010885
:10361000DC86010870477047074B08499A680848DC
:1036200010B5043A52F8044F41F8044F8142F9D1E1
:103630004FF000529A6010BD00ED00E0FCFFFF1F4C
:10364000C001002008B5FFF7E7FFFFF7A1FCFFF777
:10365000E2FF08BD08B5FFF7DDFFBDE80840FCF755
:1036600051BE30B5C36891FAA1F4B4FA84F491FA6A
:10367000A1F10325B1FA81F1640005FA04F44900CF
:1036800023EA040302FA01F11943C16030BD012AA3
:1036900002D0022A18BF0022FFF7E3BF2DE9F04154
:1036A0000E46411C044604D13E224449444803F0DE
:1036B000AFF804F00F08434BC4F3031053F828503D
:1036C000FFF744F906F007070446836895FAA5F169
:1036D000B1FA81F195FAA5F20320490000FA01F14F
:1036E000B2FA82F223EA01035200022101FA02F245
:1036F0001343A36087425AD8DFE807F05E1D021D1E
:10370000B8F1070FC6F303203BD9626A2B0A93FA7C
:10371000A3F1B1FA81F193FAA3F34FF00F0EB3FACC
:1037200083F389000EFA01F19B0022EA010200FAFC
:1037300003F3134363623B46226895FAA5F0B0FA9F
:1037400080F095FAA5F14FF0030EB1FA81F1400037
:103750000EFA00F0490022EA00028B40013F1343B9
:10376000012F236005D8636832074CBF2B43AB435E
:103770006360C6F3011229462046BDE8F041FFF719
:1037800086BF226A95FAA5F3B3FA83F395FAA5F1F9
:103790004FF00F0EB1FA81F19B000EFA03F389008E
:1037A00022EA030200FA01F313432362C3E767220C
:1037B0000249054803F02CF80023BDE7977B010878
:1037C000047A0108F4860108C0800108431C70B522
:1037D00006460D4604D188221B491C4803F018F800
:1037E00006F00F021A4BC6F3031053F82240FFF7FE
:1037F000ADF804FB04F2016802EB42030B40B3FB9B
:10380000F2F3013B012B05D8EB1E022B436809D8CC
:1038100023434360032D08D101222146BDE87040B7
:10382000FFF735BF23EA04034360012DF4D0052DD3
:1038300001D0022D01D10222EFE721460022BDE88E
:103840007040FFF70EBF00BF977B0108047A0108A4
:10385000F486010870B5A6B03422002102A809F050
:1038600041FA5C2200210FA809F03CFA2A4B1D689E
:10387000002D4FD1294C019501261E60236C43F089
:1038800080532364236C03F080530193019B00F069
:103890005DFC042302A802930895049600F0C0FF83
:1038A00010B11F4803F032FDA36823F4F813A3609E
:1038B000A36823F4F813A360236F43F48073236792
:1038C00020230F930FA84FF480731F9300F058FD2F
:1038D00010B1144803F01AFD134B144801221A606A
:1038E000134B036003220023826041F6FF7243778B
:1038F0004360C26003614361836101F05EF910B10E
:103900000C4803F003FD094801F089FA10B10A4898
:1039100003F0FCFC26B070BDB02A00200038024045
:10392000EF7B01080F7C01083C0E4742B42A0020BF
:1039300000280040387C0108527C0108F0B51F4B7C
:103940001F491C681F4A5D688BB00C4015401E461D
:103950000F461868084084422BD1586810408542B1
:1039600027D105F03F0001F051FA0490C5F304207F
:1039700001F04CFA01380590280C01F047FA443068
:103980000690C4F3054001F041FA0390C4F3062009
:1039900001F03CFA029004F07F0001F037FA0122B6
:1039A0000190694601A802F051FF00B100980BB0E8
:1039B000F0BD346875683C401540CAE700280040F7
:1039C0007F7F7F003FFFFF00024BD868C0F30010ED
:1039D000704700BF00280040214B224A2DE9F041EA
:1039E0001D691C689E6AC5F30E05144018461746EB
:1039F000196811408C422ED1996A8E422BD1C4F3A2
:103A0000054001F003FA0746C4F3062001F0FEF971
:103A1000804604F07F0001F0F9F9134A13493C2372
:103A200013FB08004FF4616303FB0700136814687D
:103A300098420B683CBF03F5A83303F5C0731B1B0A
:103A400003440B6010600868013DC00305EB900063
:103A5000801BBDE8F0810468866A3C40C8E700BF6F
:103A6000002800407F7F7F00AC2A0020A82A002089
:103A700030B591B000211422044602A8019109F04A
:103A800031F903F0DBF82A4B2A4A1A6007A9012210
:103A9000204602F02BFF002848D00D9B03B90723D6
:103AA0008DF804300B9B01338DF805300A9B8DF89F
:103AB00006300C9B443B8DF80730099B8DF808308D
:103AC000089B8DF809300024079B8DF80A308DF88B
:103AD0000B4005940694FFF77FFF9DF809109DF8B1
:103AE0000A2013483C2313FB01229DF808304FF4B1
:103AF000616101FB0323104A13600E4B224601A9AA
:103B00009D6A01F0B3F810B10C4803F0FFFB0022EE
:103B100002A9074801F00AF910B1094803F0F6FBC1
:103B2000044A936A9D42FCD103F09EF811B030BD67
:103B3000B42A002000280040AC2A00206B7C010839
:103B4000827C01080FB407B5064B07491B6805AA1C
:103B5000D868019205F0B4FF03B05DF804EB04B03F
:103B6000704700BFEC070020997C01084368094AB0
:103B70009B0182B0D3581A68120706D50022019221
:103B80001A6801925A680192019A1868C0F34010AD
:103B900002B07047002E00204368034A9B01D358AF
:103BA0001868C0F3C0107047002E00204268144906
:103BB000920110B404685450531882685A60C26865
:103BC0009A600269DA6042691A61026A9A610022A7
:103BD000DA84DA619A84DA859A85B0F91A2001329A
:103BE00006D108225A6118465DF8044B01F0B1BEB7
:103BF000B0F9182001320CBF04220C22F2E700BFFA
:103C0000002E002010B581600C46FFF7CFFF28B1D1
:103C100021460348BDE81040FFF794BF10BD00BF28
:103C2000997C0108124B984217D0A3F54C43984257
:103C300015D003F58063984213D003F58063984252
:103C400011D003F5806398420FD003F544439842A6
:103C50000CBF05204FF0FF30704700207047012057
:103C6000704702207047032070470420704700BF50
:103C700000100140F0B50E4687B004465B4930465F
:103C8000154602F037FC5A490746284602F032FC36
:103C90000146384602F008FC2060013004D13D2284
:103CA0005449554802F0B4FD022E0CD0032D0AD021
:103CB0004E49022002F01EFC874202D14F4803F019
:103CC00025FB002700E001274D4B206898424FF06C
:103CD00000031AD100934B4B5A6C42F010025A6405
:103CE0005B6C03F010030093009B474B984229D173
:103CF00000230593434B5A6C42F020025A645B6CDC
:103D000003F020030593059B1CE0404A90420BD131
:103D100001933C4B1A6C42F400321A641B6C03F49E
:103D200000330193019BE0E7394A904240D102936E
:103D3000344B1A6C42F480221A641B6C03F4802307
:103D40000293029BFFF76EFF0028606004DAA42252
:103D50002849304802F05CFD2449304602F080FBDF
:103D60002349284602F07CFB721C03D00121304617
:103D7000FFF72CFD6B1C03D001212846FFF726FD21
:103D80004FF41653A3600023E36023616361236251
:103D9000268365832046FFF709FF3FB11E4B1F486E
:103DA00001221A6021464C2209F09AFB07B0F0BDAF
:103DB0001B4A90420BD10393124B1A6C42F400221F
:103DC0001A641B6C03F400230393039BBAE7154AA0
:103DD00090428AD104930B4B1A6C42F480121A64FD
:103DE0001B6C03F480130493049BABE75485010818
:103DF000DC840108C37C01081F7D01083B7D0108AC
:103E0000001001400038024000140140004400400E
:103E100000480040707D0108D42A0020B42D002005
:103E2000004C004000500040002808DB42090123FC
:103E300000F01F0003FA00F0014B43F82200704726
:103E400000E100E000280DDB4309012200F01F0023
:103E500002FA00F02033044A42F82300BFF34F8FE8
:103E6000BFF36F8F704700BF00E100E0F7B5FFF7C9
:103E7000D9FE071E26DB144E56F8270010B3134C4C
:103E8000BD0163591A68120606D5DB68190603D509
:103E90000F4B01211B68984763591A68920608D591
:103EA000DB68980605D50A4B56F827001B680021E9
:103EB000984763591A68110704D55A69D20744BF55
:103EC0005B68019303B0F0BDDC2A0020002E0020C7
:103ED000D82A00200148FFF7C9BF00BF00140140E5
:103EE0000148FFF7C3BF00BF005000400148FFF783
:103EF000BDBF00BF004C00400148FFF7B7BF00BF87
:103F0000004800400148FFF7B1BF00BF0044004037
:103F10000148FFF7ABBF00BF00100140034B196021
:103F20004168034B43F82120704700BFD82A002086
:103F3000DC2A002030B490E818002C48834233D0AB
:103F40000AD8A0F50060834228D000F58060834243
:103F500027D0002318460FE0254883420AD000F5F9
:103F60008060834223D0A0F544408342F1D1214BAD
:103F7000352001E0204B2520204DA401FAB1C9B91C
:103F80002959CA6842F02002CA601D4A00F1100196
:103F9000926830BC42F82130FFF746BF194B26200B
:103FA000EAE7194B2720E7E7184B3420E4E7184BE2
:103FB0004720E1E72959CA6842F08002E4E72B591B
:103FC000DA6849B922F02002DA60DB6813F0800F6A
:103FD00009D130BCFFF736BF22F08002DA60DB681F
:103FE00013F0200FF4E730BC704700BF004C0040D6
:103FF00000100140E13E0008113F0008002E0020A3
:1040000000ED00E0053F0008F93E0008ED3E000825
:10401000D53E000838B5446805462846FFF7A6FD9A
:104020000028FAD0A401034B1B595868C0F30800BC
:1040300038BD00BF002E002070B5456806460C460E
:104040003046FFF7A9FD0028FAD0AD01024B5B59BD
:10405000C4F308045C6070BD002E002008B50E4A51
:10406000C36D934214D008D8A2F5806293420FD05A
:104070000A4803F04BF9002008BD094A934203D0D7
:1040800002F580629342F3D1BDE8084000F04AB9DE
:10409000BDE8084000F036B9003C0040827D0108D0
:1040A00000300140DFF830D0002103E00B4B5B58BB
:1040B000435004310A480B4B42189A42F6D30A4A3D
:1040C00002E0002342F8043B084B9A42F9D301F086
:1040D0001FFEFCF7C1F8704700000220F4FA010847
:1040E000C8010020680D0020680D0020C82F0020A6
:1040F000FEE7704708B50B4B1A6842F400721A606D
:104100001A6842F480621A601A6842F480721A6077
:10411000032000F009F80F20FEF7B8FEFFF7E9FFD3
:10412000002008BD003C0240074AD36823F4E06346
:104130001B041B0C43F0BF63000243F4003300F484
:10414000E0600343D360704700ED00E0014B0122C3
:104150001A60704720000E4237B500230193184BB8
:10416000184C1A6C42F080521A641B6C03F0805396
:104170000193019B144B01221A60FEF78DFE054648
:104180006368DA030BD5114B0E4C01221A60FEF75F
:1041900083FE054663689B030AD5002006E0FEF710
:1041A0007BFE401BB0F57A7FEAD9032003B030BD17
:1041B000FEF772FE401BB0F57A7FEBD9F5E700BF42
:1041C000003802400070004040000E4244000E42A1
:1041D0002DE9F0410D46044610B90120BDE8F081FB
:1041E000444B1A6802F00F028A4228D321688F07D5
:1041F0002DD4C80740D43F4B1A6802F00F029542F5
:1042000066D3226851076CD4130707D53A4A21694F
:10421000936823F4604343EAC103936000F0B8FA63
:10422000354B364A9B68C3F30313D35CD840344BF9
:1042300018600F20FEF72AFE0020BDE8F081CAB208
:104240001A701B6803F00F039942C6D1CEE72A4BC0
:1042500011F0040F1EBF9A6842F4E0529A600E07F4
:1042600042BF9A6842F460429A609A68A06822F05D
:10427000F00202439A60BCE762681F4B012A1DD11D
:104280001B6813F4003FA8D01B4EB36823F0030350
:104290001343B360FEF700FE41F288380746B36867
:1042A000626803F00C03B3EB820FA4D0FEF7F4FDB9
:1042B000C01B4045F3D90320BDE8F081911E0129C0
:1042C0001B6802D813F0007FDDE713F0020FDAE776
:1042D000EAB21A701B6803F00F039D427FF47DAFB2
:1042E0008FE70549E0688B6823F4E05303438B6054
:1042F0008AE700BF003C02400038024044870108C2
:104300005C060020044B054A9B68C3F38223D35C00
:10431000034A1068D84070470038024054870108AB
:104320005C060020044B054A9B68C3F34233D35C10
:10433000034A1068D840704700380240548701088B
:104340005C0600200F2303600B4B9A6802F0030207
:1043500042609A6802F0F00282609A6802F4E052C9
:10436000C2609B68DB0803F4E0530361034B1B68E6
:1043700003F00F030B60704700380240003C02401E
:1043800003682DE9F74313F0010604460BD0AA4950
:10439000866BD1F88C2022F0C0623243B6FA86F6E2
:1043A000C1F88C2076099D070BD5A348E16BD0F8A6
:1043B0008C2022F0C0520A430029C0F88C2008BF8C
:1043C000012613F0040512D09B49256BD1F88C20EF
:1043D000B5F5801F22F4401242EA050218BFB5FA73
:1043E00085F5C1F88C2012BF6D090025012618073C
:1043F0000FD59148616BD0F88C2022F440020A431B
:10440000B1F5800FC0F88C2000F00981002908BFA9
:104410000125990633D500230193874B874F1A6CEA
:1044200042F080521A641B6C03F080530193019B8D
:104430003B6843F480733B60FEF72EFD80463B688B
:10444000DA0540F1EE807C4F3B6F13F4407340F08F
:10445000FB80236C03F44072B2F5407F764A40F053
:104460001681916823F0704021F4F81120F4407017
:1044700001439160116FC3F30B030B431367236870
:10448000D90642BF6E4B94F858201A6023681A066A
:1044900008D56949E06CD1F8942022F44002024327
:1044A000C1F894205F0608D56349A06CD1F8942028
:1044B00022F080620243C1F89420D8050CD55E48F2
:1044C000616DD0F8942022F000620A43B1F1006FD0
:1044D000C0F8942008BF0125990508D55649606C9D
:1044E000D1F8942022F080520243C1F894205A055A
:1044F00000F1D180012E40F0DC80524E4E4F00235F
:104500003360FEF7C9FC80463B681B0100F1258142
:104510002268D00701D5A36B1BB1910715D5E36BBA
:104520009BB94549D1F88430D1F8840003F4403375
:1045300000F07060034360680343A06843EA80139F
:10454000606943EA0073C1F88430530703D5236BD5
:10455000B3F5801F05D0170720D5636BB3F5800F27
:104560001CD13549D1F88430D1F8840003F44033AC
:1045700000F0E040034360680343A06843EA80130F
:10458000206943EA0063C1F88430D1F88C00A36A43
:1045900020F01F00013B0343C1F88C3050051BD5B0
:1045A000236DB3F1005F17D123486768D0F88410FA
:1045B000D0F8843003F0E0433B43A768C1F30141E6
:1045C000013143EA871343EA4163E168490801394D
:1045D00043EA0143C0F88430110511D52369A2686C
:1045E0001B0643EA821362681343626943EA02735B
:1045F000E2685208013A43EA02430F4AC2F88430A3
:1046000001233360FEF748FC0B4E074633681A015E
:1046100053D4FEF741FCC01B0228F7D908E001265D
:10462000F7E6FEF739FCA0EB080002287FF607AF9B
:10463000032003B0BDE8F083003802400070004062
:10464000E011474268004742226C02F440729342F4
:104650003FF4FFAE3B6F4B4A0121116023F44073DE
:10466000002111603B673B6FDB077FF5F2AEFEF781
:1046700013FC41F2883980463B6F98073FF5E9AE5D
:10468000FEF70AFCA0EB08004845F5D9D0E7916891
:1046900021F4F811EDE63C48216DD0F8942022F089
:1046A00000520A43B1F1005FC0F894207FF422AFBA
:1046B00023E7B3F5006F3FF420AF012D4BD1334D0D
:1046C000314E00232B60FEF7E7FB074633689B0063
:1046D0004BD421684E0701D5236B1BB108071AD5AF
:1046E000636BC3B9284AA069D2F8883003F4403319
:1046F0000343E06943EA8013606A43EA0063C2F857
:104700008830D2F88C30E06A23F4F853013843EA59
:104710000023C2F88C30CA0514D5636DB3F1006F65
:1047200010D11949A269D1F8883003F0706313439E
:10473000E26943EA8213226A5208013A43EA0243D9
:10474000C1F8883001232B60FEF7A6FB0E4C05460E
:1047500023689B000FD500206BE7FEF79DFBA0EBC5
:10476000080002287FF6D0AE62E7FEF795FBC01B7B
:104770000228ABD95CE7FEF78FFB401B0228E7D984
:1047800056E700BF400E47420038024070004742E3
:10479000204908B58B6803F00C03082B07D00C2BBD
:1047A00020D01D4A1D48042B18BF104608BD4A687A
:1047B0004B68496813F4800314BF18481648C1F3C6
:1047C000881118BF002302F03F02A1FB000111F085
:1047D00037F9104B5B68C3F3014301335B00B0FB57
:1047E000F3F008BD4A684B68496813F4800314BFAE
:1047F0000A480948C1F3881118BF002302F03F029C
:10480000A1FB000111F01CF9024B5B68C3F30273BA
:10481000E5E700BF003802400024F40000127A00EF
:1048200003682DE9F341DF07044610D423689E078F
:1048300067D423681A0700F1B28023685B0700F190
:10484000D080A269002A40F0398100201EE0974BF9
:104850009A6802F00C02042A10D09A6802F00C0246
:10486000082A02D15B685D0208D4904B9A6802F076
:104870000C020C2A0DD15A6850020AD58B4B1B68CA
:104880009903D3D56368002BD0D1012002B0BDE8D5
:10489000F0816268B2F5803F11D11A6842F480322B
:1048A0001A60FEF7F9FA814D06462B689A03BDD4CB
:1048B000FEF7F2FA801B6428F7D90320E6E77B4D68
:1048C000B2F5A02F2B6807D143F480232B602B680F
:1048D00043F480332B60E4E723F480332B602B68B0
:1048E00023F480232B60002ADBD1FEF7D5FA06469D
:1048F0002B689B039AD5FEF7CFFA801B6428F7D963
:10490000DBE76A4B9A6812F00C0F10D09A6802F03D
:104910000C02082A02D15B685F0208D5634A9368DB
:1049200003F00C030C2B11D153685E020ED45F4BC5
:104930001A68950702D5E268012AA6D11A6821698A
:1049400022F0F80242EAC1021A6072E7E268584BAC
:10495000B2B101221A60FEF79FFA544D06462B6849
:10496000980707D52B68226923F0F80343EAC203AE
:104970002B605EE7FEF790FA801B0228EFD99CE7D8
:104980001A60FEF789FA494D06462B6899077FF5AC
:1049900050AFFEF781FA801B0228F6D98DE76269D5
:1049A000444B7AB101221A60FEF776FA3F4D064673
:1049B0006B6F9F073FF541AFFEF76EFA801B022831
:1049C000F6D97AE71A60FEF767FA384D06466B6F3C
:1049D00098077FF532AFFEF75FFA801B0228F6D901
:1049E0006BE7324B1A6C12F0805228D101921A6C8C
:1049F00042F080521A641B6C03F080530193019BB8
:104A000001262D4D2B68D9051BD5A368274D012BF9
:104A100027D12B6F43F001032B67FEF73DFA234D9F
:104A2000074641F288382B6F9B0739D5002E3FF49B
:104A300008AF1E4A136C23F08053136401E700266D
:104A4000DFE72B6843F480732B60FEF725FA0746F7
:104A50002B68DA05D9D4FEF71FFAC01B0228F7D954
:104A60002BE7052B04D12B6F43F004032B67D0E712
:104A70002A6F22F001022A672A6F22F004022A67B5
:104A8000002BCAD1FEF708FA41F2883807462B6F8F
:104A90009807CBD5FEF700FAC01B4045F7D90CE7C5
:104AA000FEF7FAF9C01B4045BDD906E700380240C1
:104AB00000004742800E474200700040234DAB6823
:104AC00003F00C03082B3FF4E0AE214E0023022A32
:104AD00033602DD1FEF7E0F907462B68990121D408
:104AE000226AE3691343626A43EA8213E26A43EA91
:104AF0000263226B43EA0273A26A144C5208013A21
:104B000043EA02436B6001233360FEF7C5F90546B3
:104B100023689A013FF599AEFEF7BEF9401B0228C3
:104B2000F6D9CAE6FEF7B8F9C01B0228D5D9C4E603
:104B3000FEF7B2F904462B689B017FF586AEFEF7BF
:104B4000ABF9001B0228F6D9B7E600BF00380240D7
:104B5000600047427047026838B5D36823F0A0036D
:104B6000D3600446FEF798F905462368DB689B0688
:104B700001D5002038BDFEF78FF9401BB0F57A7FD4
:104B8000F3D9032038BD38B50368DA685206044605
:104B900001D5002038BD4FF0FF32DA60FEF77CF916
:104BA00005462368DB685B06F3D4FEF775F9401B06
:104BB000B0F57A7FF5D9032038BD38B50446B8B1D1
:104BC000437F03F0FF0213B90277FFF7C3FF02230D
:104BD00063772368CA225A6253225A622046FFF73B
:104BE000D2FF2368054628B1FF225A620423637767
:104BF00001252EE09A68206922F4E00222F04002AA
:104C00009A60626899680243606902430A439A6045
:104C1000E2681A611A69A16842EA01421A61DA6817
:104C200022F08002DA609B689B0605D42046FFF7DD
:104C300092FF08B12368D7E72368A1691A6C22F4B0
:104C400080221A641A6C0A431A64FF225A620123F2
:104C50006377284638BD0023092803D840EA0310AB
:104C6000C0B270470A380133C0B2F5E7F8B5037F28
:104C7000012B05464FF0020630D00123037746771B
:104C80004B78C8788E780C78002A48D1DA0603D59C
:104C900023F010030A334B70FFF7DDFF0746487817
:104CA000FFF7D9FF02463046FFF7D5FF40EA443010
:104CB00040EA074040EA02242B68CA225A62532283
:104CC0005A622846FFF75FFF2B68064640B1FF2275
:104CD0005A6204236B7700232B7701263046F8BDF8
:104CE00024F07F4424F0C0045C60DA6822F0800283
:104CF000DA609B689B060AD42846FFF72CFF30B188
:104D00002B68FF225A6204236B772E77E5E72B6826
:104D1000FF225A6201236B7700232B77DEE71B0209
:104D200043EA0040304340EA4434C5E7F8B5037F26
:104D3000012B06460F464FF002052FD001230377C3
:104D40000368457708784D788C789B6842BB13F0F0
:104D5000400308BFCB70FFF77EFF01462846FFF7F0
:104D60007AFF02462046FFF776FFFB7840EA0340D1
:104D700040EA014040EA02243368CA225A625322C0
:104D80005A623046FFF7FFFE33680546A8B1FF229E
:104D90005A62042373770023337701252846F8BD30
:104DA00013F040034FEA052508BFCB7045EA0040E9
:104DB0002043CC7840EA0444DEE704F07F3424F05A
:104DC000FE441C609A68386922F480229A60FA686E
:104DD000996802430A439A60DA6822F08002DA6036
:104DE0009B689B060AD43046FFF7B5FE30B13368A6
:104DF000FF225A62042373773577CEE73368FF22A8
:104E00005A620123737700233377C7E7030903EB63
:104E1000830300F00F0000EB4300C0B27047037F34
:104E2000012B4FF002030FD043770368CA225A6266
:104E300053225A629A6842F020029A60FF225A6214
:104E400001234377002303771846704703685A68A5
:104E500022F0E0025A604268B2F5827F0AD182688D
:104E6000B2F5004F02D0B2F5806F03D11A6822F07C
:104E700040021A60826AB2F5005F09D11A6822F412
:104E800000521204120C1A601A6842F400521A609E
:104E9000012380F85130002380F850300320704700
:104EA00070B505460C46164629688B689B0701D5E8
:104EB000002070BD621CF8D024B92846BDE87040BF
:104EC000FFF7C4BFFDF7E8FF801B8442ECD8F4E78E
:104ED0002DE9F041DDF8188005460F4616461C46C0
:104EE0002B6898683840B04202D10020BDE8F081BC
:104EF000621CF6D024B92846BDE8F041FFF7A6BFF2
:104F0000FDF7CAFFA0EB08008442E9D8F3E713B528
:104F10000B460092802100220446FFF7D9FF20B102
:104F2000636D43F020036365032002B010BD70473A
:104F300038B5044600283BD090F8513003F0FF020A
:104F40001BB980F85020FFF7F2FF2168A568A06A1E
:104F5000A269022384F851300B6823F040030B60F0
:104F600063682B43E5682B4325692B4365692B4315
:104F7000E5692B43256A2B43034302F400752B4359
:104F80000B60120C636AB0F5005F02F0040242EAA3
:104F9000030208BFE36A4A6008BF0B61CB6923F4D0
:104FA0000063CB6100200123606584F8513038BD77
:104FB000012038BD2DE9F3411E4690F85030012BF9
:104FC00004460D46904600F0BA80012380F8503028
:104FD000FDF762FF074694F85100C0B2012840F087
:104FE000AC80002D5FD0B8F1000F5CD0032384F8B3
:104FF000513000236365A363A4F83680A387E38759
:1050000063642364A36822682563B3F5004F08BF77
:105010001368A4F8348004BF43F480431360A36A88
:10502000B3F5005F09D1136823F400531B041B0C74
:105030001360136843F40053136013685B065EBF8C
:10504000136843F040031360E368B3F5006F6368CF
:105050003AD11BB1E38E9BB2012B06D135F8023B4E
:10506000D360E38E013B9BB2E386E38E9BB283B9B0
:105070003A4631462046FFF713FF98B93A46314683
:105080002046FFF744FF002840D02023636501201D
:1050900009E023689A68900703D535F8022BDA6097
:1050A000DFE74EB90320012384F85130002384F850
:1050B000503002B0BDE8F081711CD6D0FDF7ECFE97
:1050C000C01B8642D1D8EDE71BB1E38E9BB2012B0A
:1050D00006D115F8013B1373E38E013B9BB2E386C7
:1050E000E38E9BB2002BC3D023689A68920703D546
:1050F00015F8012B1A73EFE7002ED3D0731CEFD0F5
:10510000FDF7CAFEC01B8642EAD8CBE7A36833B9D5
:1051100001932368DA6801929B680193019BA36A5B
:10512000B3F5005F01BF2268136843F48053136036
:10513000606D003018BF0120B5E70220B3E7022000
:10514000B7E72DE9F04385B099460023ADF80A3062
:1051500090F850300C9E012B04460D46904600F00E
:105160004581012380F85030FDF796FE94F85130C8
:105170006168DBB2012B07460AD0B1F5827F40F0AF
:105180003381A268002A40F02F81042B40F02C814B
:10519000002D00F01B81B8F1000F00F01781B9F16C
:1051A000000F00F0138194F85130C4F83880012BBF
:1051B00004BF052384F851300023636523646364CE
:1051C000A36AA4F83E90B3F5005FA4F83C90256371
:1051D000A4F83690A4F83490236809D11A6822F410
:1051E00000521204120C1A601A6842F400521A603B
:1051F0001A6850065EBF1A6842F040021A60E26800
:10520000B2F5006F6BD119B1E28E92B2012A06D1CC
:1052100035F8022BDA60E38E013B9BB2E3864FF058
:105220000109E38E9BB2B3B9E38F9BB29BB9A36A2A
:10523000B3F5005F40F0AE8001220097334611467F
:105240002046FFF745FE002800F09D80636D43F087
:105250000203636535E0B9F1000F1BD0E38E9BB20A
:10526000C3B122689368990714D535F8023BD3601F
:10527000E38E013B9BB2E386E38E1FFA83F9B9F11B
:10528000000F29D1A16AB1F5005F03D1116841F483
:1052900080511160E38F9BB263B123689A68D20793
:1052A00008D5DB6828F8023BE38F013B9BB2E3871C
:1052B0004FF00109701CB4D0FDF7EEFDC01B864213
:1052C000AFD80325012384F85130002384F85030EF
:1052D000284605B0BDE8F0834FF00009DAE719B1C0
:1052E000E28E92B2012A06D115F8012B1A73E38ED1
:1052F000013B9BB2E3864FF00109E38E9BB21BB9E1
:10530000E38F9BB2002B92D0B9F1000F21D0E38E36
:105310009BB2F3B123689A6891071AD5297819735B
:10532000E38E013B9BB2E386E38E1FFA83F96A1C8E
:10533000B9F1000F0AD1A16AB1F5005F04D120686C
:10534000016841F480510160154602E015464FF0B6
:105350000009E38F9BB273B123689A68D2070AD51C
:10536000DB6888F80030E38F013B9BB2E38708F1EC
:1053700001084FF00109731CBFD0FDF78DFDC01B64
:105380008642BAD89DE72368DB689BB2ADF80A3045
:10539000BDF80A302268956815F0100507D0636DD6
:1053A00043F0020363654FF6EF73936001253A46BD
:1053B00031462046FFF774FD002882D13A46314637
:1053C0002046FFF7A4FD18B120236365012579E786
:1053D000A368002B7FF476AF03932368DA68039207
:1053E0009B680393039B6DE702256BE702256FE73C
:1053F0002DE9FF411D460023ADF80E304368B3F59B
:10540000827F04460E4690460CD1836853B904232C
:1054100080F85130134600950A46FFF792FE04B01B
:10542000BDE8F08194F85030012B00F0CD800123CD
:1054300084F85030FDF730FD074694F85100C0B2B3
:10544000012840F0BF80002E7DD0B8F1000F7AD047
:10545000042384F85130002363652363A4F83E805D
:10546000A386E38623646364A36AA663B3F5005F3F
:10547000A4F83C8023680DD11A6822F4005212046B
:10548000120C1A601A6842F400521A60E28F013A54
:1054900092B2E287A268B2F5004F02BF1A6822F406
:1054A00080421A601A6851065EBF1A6842F04002D4
:1054B0001A60E368CBB1E38F9BB2D3B123689A68DB
:1054C000D0074FD5DB6826F8023BE38F013B9BB248
:1054D000E387F0E723689A68D20732D51B7B06F88A
:1054E000013BE38F013B9BB2E387E38F9BB2002B31
:1054F000F0D1A36AB3F5005F45D12268136843F485
:1055000080531360012200972B4611462046FFF777
:10551000DFFCB8B9E368B3F5006F23684FF0010210
:105520000BBFDB681B7B3380337000972B46114623
:105530002046FFF7CDFCF8B1636D43F002036365CD
:1055400000E03DB90320012384F85130002384F8A2
:10555000503064E76B1CC8D0FDF79EFCC01B854231
:10556000C3D8EFE7002DEDD0691CA4D0FDF794FC63
:10557000C01B85429FD8E5E72368DB689BB2ADF886
:105580000E30BDF80E306368B3F5827F23680AD110
:10559000A268B2F5004F02D0B2F5806F03D11A684D
:1055A00022F040021A609A68D20606D5626D42F077
:1055B000020262654FF6EF729A60606D003018BFAC
:1055C0000120C0E70220BEE7022028E77047000064
:1055D0002E4A0368904212D0B0F1804F0FD0A2F54E
:1055E0007C4290420BD002F58062904207D002F5D7
:1055F0008062904203D002F5784290421DD14A6801
:1056000023F070031343214A904204D1CA6823F463
:105610004073134328E0B0F1804FF7D01C4A90420A
:10562000F4D002F580629042F0D002F580629042A0
:10563000ECD002F578429042E8D0164A9042E5D08C
:1056400002F580629042E1D002F580629042DDD0A6
:10565000A2F598329042D9D002F580629042D5D01E
:1056600002F580629042D1D003608B68C3620B6800
:105670008362064B984206D003F58063984202D0BD
:105680000123436170470B690363F9E700000140A0
:10569000000400400040014010B50446A0B190F85D
:1056A000393003F0FF021BB980F83820FFF78EFF76
:1056B000022384F839302068211DFFF789FF012378
:1056C00084F83930002010BD012010BD036A10B5E8
:1056D00001248C4023EA04030362036A8A401A43CC
:1056E000026210BD10B5044601220068FFF7EEFF0C
:1056F0002368084A934203D002F58062934203D1A3
:105700005A6C42F400425A641A6842F001021A606C
:10571000002010BD00000140FFF7E4BF2DE9F04775
:105720000668C2683369C16923F440531343336187
:10573000044683680069F2680343606922F41642F4
:10574000034322F00C020B431343F3607369A26915
:1057500023F440731343B1F5004F73617A4B7CD14E
:105760009E4203D003F580639E4244D1FEF7DAFDEA
:10577000192505FB00F360684FF064094000B3FB96
:10578000F0F3B3FBF9F34FEA0318FEF7CBFD6368C0
:1057900068435B00B0FBF3F7FEF7C4FD6368684342
:1057A0005B00B0FBF3F3B3FBF9F309FB1373DB000E
:1057B0003233B3FBF9F35B0003F4F877FEF7B2FD85
:1057C000626868435200B0FBF2FAFEF7ABFD636813
:1057D00068435B00B0FBF3F3B3FBF9F309FB13A3DE
:1057E000DB003233B3FBF9F303F0070343443B44DC
:1057F000B360BDE8F087FEF785FD192505FB00F3D2
:1058000060684FF064094000B3FBF0F3B3FBF9F3B9
:105810004FEA0318FEF776FD636868435B00B0FB50
:10582000F3F7FEF76FFD636868435B00B0FBF3F3CB
:10583000B3FBF9F309FB1373DB003233B3FBF9F36A
:105840005B0003F4F877FEF75DFD62686843520081
:10585000B0FBF2FAFEF756FDB9E79E4202D03B4B91
:105860009E4240D1FEF75EFD676819254FF064093E
:1058700005FB00F3BF00B3FBF7F3B3FBF9F31F0124
:10588000FEF750FD636868439B00B0FBF3F8FEF73A
:1058900049FD636868439B00B0FBF3F3B3FBF9F386
:1058A00009FB13831B013233B3FBF9F303F0F00858
:1058B000FEF738FD626868439200B0FBF2FAFEF72B
:1058C00031FD636868439B00B0FBF3F3B3FBF9F36E
:1058D00009FB13A31B013233B3FBF9F303F00F03EE
:1058E00043EA080383E7FEF70DFD676819254FF0CB
:1058F000640905FB00F3BF00B3FBF7F3B3FBF9F357
:105900001F01FEF7FFFC636868439B00B0FBF3F8E0
:10591000FEF7F8FC636868439B00B0FBF3F3B3FB4E
:10592000F9F309FB13831B013233B3FBF9F303F0E3
:10593000F008FEF7E7FC626868439200B0FBF2FAF9
:10594000FEF7E0FCBDE700BF00100140001401407D
:10595000704710B5044640B390F8393003F0FF02A9
:105960001BB980F83820FFF7F3FF2268242384F85E
:105970003930D36823F40053D3602046FFF7CEFEBE
:1059800023681A6922F490421A615A6922F02A02A5
:105990005A61DA6842F40052DA6000202023E063A2
:1059A00084F8393084F83A3010BD012010BD000071
:1059B0000FB407B5064B07491B6805AAD8680192C2
:1059C00004F07EF803B05DF804EB04B0704700BF4C
:1059D000EC0700209C7D01080268136823F0400357
:1059E00010B513600446FFF7A3FA10B1054801F0A3
:1059F0008DFCA36823B92268136843F04003136049
:105A000010BD00BFD57D01082DE9F04F884687B055
:105A100004465949BDF94060404615461F4600F00E
:105A200069FD56498146284600F064FD54490190BD
:105A3000384600F05FFD53498246304600F05AFD7B
:105A4000019B83461946484600F02EFD5946814683
:105A5000504600F029FD0146484600F025FDE0656E
:105A6000013004D16F224849484800F0D1FE484B2C
:105A7000E26D9A424FF000034BD10293454B5A6CB2
:105A800042F480525A645B6C03F480530293029B8D
:105A9000232384F858303849404600F0E1FC374968
:105AA000284600F0DDFC3649384600F0D9FC731C6E
:105AB000A4F86050A4F86280A4F86470A4F866604A
:105AC00057D03049304600F0CBFC4FF48023A3611F
:105AD000E36D236001354FF4827308BF4FF4004239
:105AE00063604FF03803E36108BFA2604FF000032A
:105AF0004FF0070218BFA36063612361A362E262F3
:105B0000E360236263622046FFF766FF07B0BDE8EB
:105B1000F08F21498A420CD103931E4B1A6C42F438
:105B200080421A641B6C03F480430393039B242379
:105B3000AFE71A498A420CD10493164B1A6C42F40F
:105B400000421A641B6C03F400430493049B332348
:105B50009FE713498A429ED105930E4B5A6C42F43B
:105B600000525A645B6C03F400530593059B542365
:105B70008FE74FF40073AAE78C830108388301088C
:105B8000108401087C840108EB7D0108487E01082F
:105B9000003001400038024000380040003C004026
:105BA0000034014010290CBF4FF400610021012A8C
:105BB00010B50446C16023D0022A24D032BB026152
:105BC0006261A269B2F5007F05D0002B14BF0022EC
:105BD0004FF48022A261002B14BF00234FF4827384
:105BE000636008D0A368B3F5004F04D10948FFF7FC
:105BF000DFFE0023A3602046BDE81040FFF7ECBEA7
:105C000000210161DCE702610022D9E70222026182
:105C10000122D5E79C7D010870B504460E46FEF7CB
:105C20001DFA0023022290FBF2F0B042DDB203DD48
:105C30000133082B09D10725054B33F81530E361F3
:105C40002046BDE87040FFF7C7BE90FBF2F0ECE7DE
:105C50003487010807B583680191B3F5004F024608
:105C600007D10A23012201A9FFF7A4F903B05DF8C7
:105C700004FBC36D99688907FCD5D168019AB1F519
:105C8000006F0CBF92B2D2B2DA609A68D207FCD52C
:105C9000D868B1F5006F0CBF80B2C0B2E6E72DE95D
:105CA000F84F0A9E84689DF82CB09642354680468F
:105CB0008A4617469946B8BF154694B9AC4202DBEE
:105CC0002846BDE8F88FBC42B4BF1AF80410594604
:105CD0004046FFF7BFFFB442B8BF09F804000134E3
:105CE000ECE73AB10A23534392B2FFF763F9002875
:105CF00018BF0025002EE3D00A237343B2B24946F1
:105D00004046FFF775FB002818BF0025D8E70000C4
:105D10000D4AD2F8883043F47003C2F888300B4B38
:105D20001A68002142F001021A6099601A6822F094
:105D3000847222F480321A60054A5A601A6822F48A
:105D400080221A60D960704700ED00E00038024000
:105D500010300024F0B5ADB02C4B002101911A6C2D
:105D600042F080521A641B6C03F080530193019B34
:105D7000274B02911A6842F440421A601B6803F4F0
:105D800040430293029B01230893002839D14FF42A
:105D9000803309934FF480030F934FF4B4730225BB
:105DA0000826119308A807230E95109612951393B1
:105DB0001495FEF735FD38BBFEF7CEF9074618BB44
:105DC0004FF4C0731C934FF48073159315A84FF0D4
:105DD00000632A931B961D96FEF7D2FA0F230393B6
:105DE0004FF4A053069305214FF4805303A8049564
:105DF00005970793FEF7ECF9B0FA80F040092DB053
:105E0000F0BD4FF4A023C4E70020F8E700380240BB
:105E10000070004030B5ADB00023294A0193116CE9
:105E200041F080511164126C02F080520192019A8B
:105E3000244A0293116841F44041116012680993A9
:105E400002F440420292029A0F9303224FF4B47379
:105E50000892012202240B9211931022062308A813
:105E60000C920E94109212941393FEF7D9FC10B179
:105E700000202DB030BDFEF76FF905460028F7D1A0
:105E800008231B931D934FF48073C022159315A80C
:105E90004FF000631C922A93FEF772FA0F230393CC
:105EA0004FF4A053069305214FF4805303A80494A4
:105EB00005950793FEF78CF9B0FA80F04009D8E712
:105EC000003802400070004008B50120FFF742FF93
:105ED00038B9FFF79FFF20B90248BDE8084001F03C
:105EE00015BA08BD637E0108174A1849936803F084
:105EF0000C03042B10B50DD0082B0DD0144B0B60E8
:105F0000114B144A9B68C3F30313D25C0B68D34054
:105F10000B6010BD104BF2E7546850685268630282
:105F2000C2F3881200F03F004CBF0B4B084BB3FB91
:105F3000F0F35343044A5268C2F301420132520063
:105F4000B3FBF2F3DBE700BF003802405C06002041
:105F50000024F4004487010800127A00074B084A25
:105F600013601A69910707D5DA68920704D56FF0B4
:105F700002021A6100F08AB9704700BF000C0040AD
:105F8000842F0020004870475C87010830B589B035
:105F900001A903A8FEF7D6F9FEF7B4F9002302938E
:105FA0001E4B01901A6C1E4C42F008021A641A6CC7
:105FB00002F008020292029A1A6A42F008021A6279
:105FC0001A6A22F008021A62069AA3F50B332360BC
:105FD0004FF0FF33E360134BF2B9B0FBF3F001383D
:105FE000002560600E482561A5606561FFF754FBE0
:105FF0000D4B0E4A9B680A48C3F808210C4B4FF41E
:1060000080225A602946FFF787FB2268D36823F075
:106010000203D36009B030BD4000DEE70038024023
:10602000842F002040420F0000ED00E05D5F00087B
:1060300000E100E0014B586A704700BF000C0040CF
:10604000054B1B686FF0020258631A61DA6842F070
:106050000202DA60704700BF842F0020064B1B68E5
:106060006FF002021A615A6942F002025A61DA685C
:1060700042F00202DA607047842F0020034B1A6856
:10608000D36823F00203D360704700BF842F002041
:10609000FFF7F4BF024B1B686FF002021A617047F2
:1060A000842F002003689B6818470000094B10B537
:1060B000002203600023C0E902230023036143613F
:1060C000044600F0DFF80449A06100F059FF2046C3
:1060D00010BD00BF6C870108A560000807B50090DF
:1060E00000F10801806900F08AFF03B05DF804FB4D
:1060F00000F10801806900F0ABBF000010B5034B50
:1061000003600446FFF7F4FF204610BD6C870108CA
:1061100070B5D0E90823D0E90245064612196B4153
:10612000FFF7DCFF736B2BB106F128001B68BDE89D
:106130007040184770BDD0B5044616461F4600F0A3
:106140007DFD2046FFF7D4FFC4E90867A06900F091
:106150009AFF321847EB01032046FFF7BFFFBDE867
:10616000D04000F081BD7FB5044600F067FD2046B9
:10617000FFF7BEFF636B13B194F83830E3B904F155
:1061800028066D4610220021684606F0ABFDAE429F
:106190000BD03046FAF7ACFC3EB1039B1BB15B68F9
:1061A000694630469847039B63632846FAF7A0FC8C
:1061B00000F05AFD04B070BD00F00CFBDFE70000FA
:1061C0001FB5436B044600F1280113B15B686846B4
:1061D0009847636B03932046FFF7C5FF039B2BB9DA
:1061E00040F239220649074800F012FB039B68463B
:1061F0001B6898476846FAF77BFC04B010BD00BFE7
:10620000777E0108D27E010870B50E460446154619
:10621000FCF740FC013609D020460021FCF75EFC6B
:1062200029462046BDE87040FCF754BC70BD38B527
:1062300004460D4603685AB1826813602046012166
:10624000FCF74CFC29462046BDE83840FCF742BC30
:10625000C2681B04F1E70022FFF7D6BF70B50E46F7
:1062600004461546FCF716FC013606D02A462046A1
:106270000021BDE87040FFF7DABF70BD0022FFF7D4
:10628000EDBF000000487047A0870108024B1B6863
:106290000BB102481847704760060020A08701082C
:1062A0007047A0F1BC00FFF7FBBFA0F1BC00FFF7F7
:1062B000F7BF00F0B7BBA0F1BC00FFF7FABF00F0DA
:1062C000B4BBA0F1BC00FFF7FABF000038B504462C
:1062D0001D46049B00F0B0FB294604F1BC0001F010
:1062E00055F9064B03F10802226003F128028833B6
:1062F000C4F8BC20C4F8C030204638BDC4870108AB
:106300000346024A2030FCF7D5BC00BF3D640008BC
:10631000F8B50546134B45F8043B04460F461026D6
:106320001C220021284606F0DDFC3246002104F143
:10633000200006F0D7FC3246002104F1300006F0C0
:10634000D1FC3246002104F1400006F0CBFC394676
:106350002046FFF7D5FF28463946FFF77CFF204649
:10636000F8BD00BF5C88010810B5084B044640F832
:10637000203BFCF761FD04F14000FAF7B9FB04F1A2
:106380003000FAF7B5FB204610BD00BF5C8801085D
:1063900010B50446FFF7E8FF2046FDF734F8204625
:1063A00010BD884238B504460D460AD0FAF7A0FB66
:1063B0003CB1EB681BB15B68294620469847EB6807
:1063C000E360204638BDF0B50F4685B0044600F0C6
:1063D00035FCFD6804F13006203465B1394630469D
:1063E000FFF7DFFF012201212046FCF7EBFB00F065
:1063F0003BFC05B0F0BD10222946684606F072FC51
:1064000069463046FFF7CDFF6846FAF771FB2A462A
:10641000E9E70000C36810B504462BB940F2392201
:106420000449054800F0F4F9E36820461B68BDE81C
:1064300010401847777E0108D27E0108012908B56F
:1064400002D0022906D008BDC36B13B13030FFF76C
:10645000E1FF08BDC36C002BFBD04030F7E7000024
:1064600013B5044601300FD102B010BD9C420AD1D1
:1064700020468968FDF712F90021204602B0BDE8E8
:106480001040FDF7A3B90C31B1F900305A1CEDD121
:106490000023009322460249024800F059FFE3E737
:1064A000087F010830010180884207B502460BD001
:1064B000431C09D001310BD0002306490093064844
:1064C00000F046FF4FF0FF31084603B05DF804FBD3
:1064D0000146F9E7D77E010830010180B1F90030AB
:1064E0005A1C01D118467047834201D14868704751
:1064F0000C31F3E7421C13B504460BD0FFF7EEFF57
:10650000431C044606D10023024600930349044875
:1065100000F01EFF204602B010BD00BFE87E01085B
:106520003001018010B480B1146853680CB9DA07E7
:106530000BD513F0010F4FEA63031CBFC258145967
:10654000184423465DF8044B18475DF8044B704728
:10655000064B19681A1D01B91A601B68934204D0D2
:106560005E220349034800F053B970479C2B00207A
:10657000687A0108C77A010870B50A4D2B68834212
:1065800004460ED0061DD0F8D020D0F8CC10002341
:106590003046FFF707FBD4F8D4103046FFF73CFB3A
:1065A0002C6070BDA42B0020036870B59B68044666
:1065B0000D46164698470C4BC4F8CC501B68C4F8DF
:1065C000D0609C420BD1002332462946201DFFF7A4
:1065D000E9FA23682046DB68BDE87040184720468A
:1065E000FFF7CAFFF5E700BFA42B002038B503680A
:1065F00004469B680D4698472046FFF7BDFF294695
:10660000201DFFF727FB23680546DB6820469847D7
:10661000284638BDF7B51F46036804469B680D46FB
:10662000164698472046FFF7A7FF94F8D830019305
:10663000089B009329463B463246201DFFF72FFB5F
:1066400023680546DB6820469847284603B0F0BD1E
:106650002DE9F04306469946274B46F8043B85B0A2
:10666000044600250F46904600219022304606F051
:1066700039FB04AB0295039513E9030004F198027A
:106680001E4B82E80300C4F8A03048F20703C4F8A8
:10669000A4301B4BC4F8AC50C4F8A840C4F8B020D8
:1066A000C4F8B430BFF36F8FBFF34F8F1022294669
:1066B00004F1B80006F016FB0823C4F8CC30114BE7
:1066C000C4F8D430FF2384F8D830BDF930300093BB
:1066D00042464B463946304684F8C85084F8C95083
:1066E000C4F8D050FFF790F92046FFF745FF204649
:1066F00005B0BDE8F08300BF6C88010801A090E8F8
:106700002565000840420F00C36810B504460BB170
:106710009B689847204610BD38B5044648B15830AC
:10672000A04206D0A0F12C051438FFF7EDFF284653
:10673000F6E7204638BD38B500250446294640F81E
:10674000045B282206F0CEFA1022294604F1180034
:1067500006F0C8FA204638BD10B50A4C2046FFF7AF
:10676000EAFF04F12C00FFF7E6FF0023A3652046B3
:10677000E365054A84F860300449BDE81040FCF741
:10678000D5BC00BF382B0020C801002019670008C5
:1067900013B50D4C00F052FA22884FF6FF739A425F
:1067A00008D100F061FA00232288009307490848C5
:1067B00000F0CEFD0121044800F064FA02B0BDE80B
:1067C000104000F051BA00BFA82B0020197F01082B
:1067D0002301048037B50B4D00F030FA2C8844B902
:1067E00000F042FA2A88009423460749074800F03F
:1067F000AFFD0121034800F04FFA03B0BDE830407F
:1068000000F032BAA82B00203E7F0108240104804A
:1068100070B504460D46164600F010FA33462A4677
:1068200021460348FCF7A6FBBDE87040FCF74CBBD3
:106830005C7F010809B9C82805D010F0030F0CBF10
:10684000012000207047084670470000F8B5074651
:106850000E4641B338B34469A4F14605882D22D8C9
:106860000368416880684FF4616E0EFB00F04FF0E2
:106870003C0E0EFB01011944FB681848013B00FB6C
:10688000031311462046FFF7D5FF3F690C2101FB9A
:106890000070134951F82010CE2C0B4409D122B9B5
:1068A00010498B4207D90020F8BD012A03D10E49B7
:1068B000F7E7462C0FD0611E8910A1F111001AB91B
:1068C000C82CC8BFA1F1120040F26D1202FB0505F1
:1068D000024A02FB053333600120F8BD80510100FC
:1068E000848801087F223100FFD02F0070B50B464D
:1068F00000295AD03C21B0FBF1F501FB15041C60C6
:10690000B5FBF1F401FB1451182559604FF4616196
:10691000B0FBF1F1B1FBF5F405FB14119960244CC7
:10692000B0FBF4F40721201DB0FBF1F1C1EBC10174
:10693000411A9961462159615D6911462846FFF760
:1069400079FF38B1B4F5B77F0DD301355D61A4F59A
:10695000B774F1E7B4F5B67F05D901356FF4B671B8
:106960005D610C44E8E7124A1249DC61302554436A
:106970000B221A6105FB0015002255F82260B44273
:106980000FD2013A1A611A690C2505FB0020084A4A
:1069900051F82000241AB4FBF2F40134DC60012029
:1069A00070BD01320C2AE8D1EDE7084670BD00BF8A
:1069B00080510100848801087047704710B480B18D
:1069C000146853680CB9DA070BD513F0010F4FEABE
:1069D00063031CBFC2581459184423465DF8044B86
:1069E00018475DF8044B7047090170B501F198052F
:1069F0000544EB6883B14418D4F8A4302BB940F2B5
:106A0000392206490648FFF703FFD4F8A430284688
:106A10001B68BDE87040184770BD00BF777E010855
:106A2000D27E01084C30FDF7F5BA10B54C300C465B
:106A3000FDF702FB204610BD2DE9F04F87B0002581
:106A40009246009502460195044689469B469DE87C
:106A50000300324B42F8083B314B82E803002361CC
:106A600048F2070363612F4BE561A4612262636210
:106A7000BFF36F8FBFF34F8F102284F8285084F834
:106A8000295004F12C0006F02DF904F14C0629469A
:106A9000102204F13C0006F025F904F1980829467B
:106AA0004C22304606F01EF904F1A80729461022B0
:106AB000404606F017F929461022384606F012F92A
:106AC00010222946C4F8B8B002A806F00BF902A9B2
:106AD0004046FFF766FC02A8FAF70AF8102229469A
:106AE00002A806F0FFF802A93846FFF75AFC02A8F0
:106AF000F9F7FEFF524649463046FDF7BBF8D4F899
:106B0000B8103046FDF77EF8304622460649FDF7BC
:106B100005FA204607B0BDE8F08F00BFEC880108F9
:106B200001A090E8BD690008E96900082DE9FF416E
:106B30000646884656F84C3B17461B6805463C01FE
:106B4000984700F07BF8D8F80C3098342C44ABB15F
:106B5000E3680BB9FFF71CFE41462046FFF721FC16
:106B6000012239463046FDF7E5F900F07DF82B6843
:106B700028465B68984704B0BDE8F081E3680BB134
:106B8000FFF728FE10220021684606F0ABF86946A0
:106B90002046FFF706FC6846F9F7AAFF0022E0E767
:106BA0007FB51A4B0360044610220021684606F0A8
:106BB00099F8002269462046FFF7B8FF6846F9F7C2
:106BC00097FF10220021684606F08CF801226946E2
:106BD0002046FFF7ABFF6846F9F78AFF14F19806E5
:106BE00008D004F1B805B54204D0103D2846F9F7A5
:106BF0007FFFF8E704F13C00FFF786FD04F12C006D
:106C0000FFF782FD204604B070BD00BFEC8801088C
:106C100010B50446FFF7C4FF2046FCF7F4FB2046FE
:106C200010BDEFF31080C04300F001007047EFF398
:106C30000580003018BF01207047000010B5074CD8
:106C40002368013304D1552205490648FFF7E0FDCA
:106C500000F026FD23680133236010BDAC2B00201B
:106C60008D7F0108E27F0108054B1A6832B11A686E
:106C7000013A1A601B680BB900F024BD704700BFD1
:106C8000AC2B0020D0E85F3F0B449BB2C0E8523FE2
:106C9000002AF7D118467047D0E85F3F5B1A9BB2D5
:106CA000C0E8523F002AF7D1184670472DE9F74F48
:106CB00090E8080404465B68984763681B6A98423A
:106CC0003FD0DAF82030DAF80840CAF82000A0EB0C
:106CD0000308DAF80C30314808EA030884424646D3
:106CE0004FF0000727D0DAE90A239AF83AB0A8FB58
:106CF0000089CDE900230025BBF1000F2BD05A46B7
:106D0000404649460EF080F9DDE9002312EB080207
:106D100043EB090390465A46994606460F460EF045
:106D20007FF9B8EB000069EB0101A94208BFA0425E
:106D30000AD2CAE90A01DAE90C23B6185F41CAE9A6
:106D40000C6703B0BDE8F08F013647F10007001B68
:106D500061EB0501EDE722462B46404649460EF021
:106D60006FFE224606460F46404649462B460EF029
:106D700067FEDDE9008918EB020849EB0309A94524
:106D800008BFA04502D2CAE90A89D4E7013647F113
:106D90000007B8EB040869EB0509F4E740420F006F
:106DA000824206D98A420BD9884294BF0020012032
:106DB0007047884206D98A428CBF00200120704764
:106DC00001207047002070472DE9F047466896F88B
:106DD00039300746002B5BD1FFF768FF7D68D7F895
:106DE00000A06B68002B49D0D5E90C89D3E90001DC
:106DF000894508BF804504D3DAF81430BDE8F04770
:106E00001847D5E90623B0EB080861EB09094B45A3
:106E100008BF42452C6906D3AB681E4A934219D17C
:106E2000444528BF44462A6A336A1444EA68144039
:106E3000A342E1D0DAF81030204698473B685B68FF
:106E4000984722460146306AFFF7AAFF00B33B6825
:106E50005B69D3E795F83A205AB1404649460EF0AF
:106E6000DFF80C4A00230EF0EBFD844228BF0446F5
:106E7000D9E7A3FB080103FB0911F2E73369306A84
:106E8000F26818441040DAF81030BDE8F0471847AF
:106E9000BDE8F08740420F002DE9F04F036805463A
:106EA00085B01B6898472B689B699847066804461D
:106EB0002EB929222F493048304EFFF7A9FC1F2355
:106EC000012202FA03F1B1425FFA83FB02D0013BD7
:106ED000F7D19B46D4F804A0AAF104031C2B06D9D1
:106EE000372224492448FFF793FC4FF0200AAAF1E7
:106EF0000403072716F1FF3007FA03F71F4C4FF082
:106F0000000343F1FF313246C4FB07010EF098FD48
:106F10006C682A6800232360636052680393CDE99C
:106F20000001904720626C684FF000084FF00009A4
:106F30005246C4E90A89A66084F83AB001200021CB
:106F40000EF06EF8DDE90023C4E90623039B84F804
:106F5000393001380123E06027612846C4E90C89F3
:106F600084F83830FFF7A2FE284605B0BDE8F04FA0
:106F7000FFF72ABF13800108C080010840420F00BC
:106F800038B5436893F8383004460D460BB9FFF71F
:106F900083FFFFF753FE63681D60BDE83840FFF7CD
:106FA00063BE70B50446FFF749FE2368DB68984767
:106FB0006368012283F8392063685B68A3B12046C7
:106FC000FFF774FE65686E68D5E90C01D6E9002309
:106FD000994208BF904207D3F3686B602B68002B7F
:106FE000EAD0B0689847E7E763680022204683F854
:106FF0003920FFF7E9FEBDE87040FFF735BE2DE907
:10700000F04180460C4616461F46069DFFF716FEC9
:107010004046FFF74BFED8F80420A560C4E900679E
:10702000536800254BB9E36085B954604046FFF7CB
:10703000CBFEBDE8F041FFF717BED3E900018F4258
:1070400008BF8642EFD31D46DB68EBE7EC60F0E754
:1070500038B505460C46FFF7F1FD6A685368A34250
:1070600009D1DB6853602846FFF7AEFEBDE8384023
:10707000FFF7FABD1346002BF8D0DA689442F9D135
:10708000E268DA60F2E7436893F8383010B50446F6
:107090000BB9FFF701FFFFF7D1FD2046FFF706FE12
:1070A000FFF7E2FD6368D3E90C0110BD08B5FFF7F7
:1070B000EAFF08BD70B50E46002504460560456030
:1070C0000F49304605F0CCFE0644266023681A7846
:1070D0002F2A0ED10133236025B9292209490A48F4
:1070E000FFF796FB2946304600F0D6F9606020464F
:1070F00070BD002AF0D0013301352360E6E700BF00
:107100006580010867800108B98001080068704740
:10711000406808B520B100F06FF9431E584258414D
:1071200008BD10B50446FFF7F3FF10B1606800B169
:10713000043810BD406808B520B100F05DF9B0FA20
:1071400080F0400908BD10B50446FFF7F3FF10B109
:10715000606800B1043810BD4068003018BF0120DD
:10716000704770B50446FFF78DF80646FFF79EFF9F
:1071700005463046FFF79AFF401BA042F9D370BD89
:1071800007EE100ADFED047A67EE277AFDEEE77A64
:1071900017EE900AFFF7E5BF002474494FF47A73A5
:1071A0005843FFF7DEBF00002DE9F0411B4C1C4E99
:1071B000237836EA200628BF0646012B8EB00F46FC
:1071C000904600D1FEE7174DFFF738FD01232370ED
:1071D000FFF74AFD2B6800220133342101A82B6000
:1071E00005F080FD2B680196012BCDF808800397F0
:1071F00004D1342201A90C4806F072F9342201A905
:107200000A4806F06DF90A4B1B680BB1074898470E
:10721000002020700EB0BDE8F08100BFB82B002028
:107220000101FF80B02B0020BC2B0020F02B0020A0
:10723000B42B002073B5274C2168C1F34173032B95
:107240000CBF4D428DB2C1F307432A460646224881
:10725000FBF790FE6FF498731D44072D09D8DFE803
:1072600005F0042326292C322F35A1681B48FBF793
:1072700081FE3046FBF77EFE61681948FBF77AFE17
:10728000A1681848FBF776FEE3690193A3690093B0
:1072900004F10C010EC91448FBF76CFE134802B050
:1072A000BDE87040FBF766BEA1681148DFE7A16842
:1072B0001048DCE7A1681048D9E7A1680F48D6E775
:1072C000A1680F48D3E7A1680E48D0E7A1680E482F
:1072D000CDE700BFF02B0020D780010828810108EE
:1072E000B5810108C5810108D881010827820108FC
:1072F0003D8101084C8101085A8101086C81010817
:107300007F81010892810108A08101080FB437B57F
:107310000C4D2978724679B90B48FFF745FF0B48A9
:10732000FFF788FF012407A906982C700191FBF74D
:10733000F7FD2046FBF7FCFE03B0BDE8304004B08B
:10734000704700BFB82B00200001FF80C2800108F9
:1073500010B50C4611467246FFF726FF68B9204665
:10736000FFF768FFFFF763FC10B9FFF75AFC08B995
:1073700030BFFDE70120FBF7DBFE014810BD00BF79
:107380000F01FF8010B504460748FCF73FF8074B94
:107390001B6803B19847064B1B680BB12046984702
:1073A0000148FCF733F810BD242C00206C060020A7
:1073B0006406002038B505460C48FCF727F80C4B4E
:1073C0001B681BB1984708B9FFF7DCFF094B1B6826
:1073D00043B19847044605B12C600448FCF716F801
:1073E000204638BD4FF0FF34F5E700BF242C0020C5
:1073F0006806002070060020007B704738B5044600
:107400000A4B0360002343600D46A16002730848E5
:10741000FBF7FCFF45B1074B1A6862601C6004482B
:10742000FBF7F4FF204638BD6560F8E704890108E2
:10743000302C00202C2C002010B50F4B036004468C
:107440000E48FBF7E3FFA3682BB10D4A13689C427B
:107450000CD1636813600948FBF7D8FF237B13B98D
:10746000201FFBF7E9FF204610BD13465A689442DF
:10747000FBD162685A60EEE704890108302C0020D5
:107480002C2C002010B50446FFF7D6FF2046FBF752
:10749000BAFF204610BD000070B506460C480D46E8
:1074A000FBF7B4FF0B4B1C685CB1A06870B12A46B7
:1074B000314605F065FC48B9A06806F0C1F8854280
:1074C00004D10348FBF7A2FF204670BD6468EBE7D8
:1074D000302C00202C2C0020002070477047704773
:1074E000F8B503681B6D0E4604468F18984735465D
:1074F000BD4207D0236815F8011B9B6C20469847B6
:107500000130F5D1236820465B6D9847A81BF8BD74
:10751000F8B503681B6D0E4604468F18984735462C
:10752000BD4208D023682046DB6C9847431C02D03C
:1075300005F8010BF4E7236820465B6D9847A81B0C
:10754000F8BD00207047704700207047002070474A
:1075500010B5054B03605033044640F8043FFFF775
:107560006BFF204610BD00BF14890108A0F1040084
:10757000EEE700BF10B50446FFF7EAFF2046FBF731
:1075800042FF204610BDA0F10400F3E7104B13B5F5
:107590000022044640F8043BFFF730FF0D4B236008
:1075A00060336360002363610B492046FBF78EFF65
:1075B0000346606120B1FBF7C0FD204602B010BD5C
:1075C0000090024605490648FFF7C2FEF5E700BFF6
:1075D000E489010874890108418201084482010894
:1075E0001901018010B5074B03F108026833044606
:1075F00002604360406904F069F82046FFF7A8FF85
:10760000204610BD6C89010838B5036804461B6D1F
:107610009847606904F026F96069FBF791FD2368DB
:1076200005465B6D20469847284638BD0EB477B5B1
:10763000036807AD044655F8046B1B6D98476069F5
:10764000019504F00FF9019A6069314602F038FAA9
:10765000236805465B6D20469847284603B0BDE881
:10766000704003B070470EB477B5036807AD0446A9
:1076700055F8046B1B6D98476069019504F0F2F8AA
:10768000019A6069314603F091FF236805465B6DFE
:1076900020469847284603B0BDE8704003B07047C5
:1076A000EFF31083DB4372B6044A117829B9044919
:1076B00003F001030B70012313707047392C002075
:1076C000382C002008B5EFF31083DB0704D43622F2
:1076D00005490648FFF79CF8054B00221A70054B38
:1076E0001B7803B162B608BD57820108B382010856
:1076F000392C0020382C0020036870B51B6901224A
:10770000002104469847051E0DDB236802221B69F1
:107710000021204698472368064629461B69002217
:10772000204698473546284670BD0000024B01466A
:1077300018680EF081BB00BFEC070020024B014629
:1077400018680EF07DBB00BFEC070020024B1B68E1
:107750000022C3E926027047EC0700200C4B0D48BD
:1077600019680D4AD1F8983010B4D1F89C4003FB49
:1077700000F002FB0400A3FB0232013340EB0200E5
:10778000C1E926305DF8044B20F00040704700BF8F
:10779000EC0700202DF451582D7F954C000000007F
:1077A0002DE9F04FDBB0164608911C4683460E9338
:1077B00005F0AEFB03681793184605F041FF082259
:1077C000169000212AA805F08DFABBF1000F04D015
:1077D000DBF83430002B01F0D981089B5A6EB3F9E5
:1077E0000C30D70740F1C3859D0400F177870899D5
:1077F00043F4005322F400528B814A661BB21D07EA
:1078000040F18F85089A1269002A00F08A8503F0FA
:107810001A020A2A00F094859FED937B00239E466E
:10782000CDE91AEE8DED127BCDE92F3331AB2E93DE
:107830001C46CDF860E0CDF864E0CDF824E0CDF84A
:1078400044E037463D468A4BD3F8E46005F05AFBE6
:107850002AAA0346009226A92A465846B04700287D
:1078600000F0D583C0F2CB83269A252A034601D0A7
:107870001D44E8E7B5EB0708064640F0CC8300233B
:107880004FF0FF328DF88F309A460A9301352B78EE
:10789000079201359946A9F120035A2B5CD8DFE8FD
:1078A00013F054025B005B0050025B005B005B0066
:1078B00033025B005B00AB01BA015B00B60116024C
:1078C0005B001202D100D100D100D100D100D10063
:1078D000D100D100D1005B005B005B005B005B006E
:1078E0005B005B00E9005B004601C602E900E900BD
:1078F000E9005B005B005B005B000E025B005B006D
:10790000BF015B005B005B0076015B001D035B0059
:107910005B0017085B005B005B005B005B005B00CB
:107920005B005B00E9005B0046013101E900E90012
:10793000E900BC0231012D015B00B2025B0078025C
:10794000650287022D015B0076012B01E6025B00D8
:107950005B0087085B002B01B9F1000F00F06F831B
:107960000023CDE90F3301228DF804918DF88F307B
:107970000B930C920793159341AF0692309E149689
:107980001AF0840300F0F5809DF88F2002B32F9841
:107990004FF00008013001220136626007280DF126
:1079A0008F02CDE92F06226000F3F2840834B8F18B
:1079B000000F0DD02F98013024AA0236226007282C
:1079C0004FF00202CDE92F06626000F3EF84083425
:1079D000802B00F09583079B0C9AA3EB0208B8F16B
:1079E000000F00F3D2831AF4807F40F032830C9BA7
:1079F00063601E442F9B27600133072B30962F9323
:107A000000F32C8408341AF0040F05D00A9B069A60
:107A10009F1A002F00F3D884DDE9093206998A42C3
:107A2000ACBF9B185B180993002E40F0ED83002338
:107A30002F930B9B1BB10B9958460EF001FA31ACFA
:107A40002F46FFE6A9F13003002215F8019B02EB57
:107A5000820203EB4202A9F13003092BF5D90A9205
:107A600019E700BFAFF30080000000000000000035
:107A7000800600200E9B073323F00703B3EC027B44
:107A80008DED127B0E93139B8DED1E7A23F0004338
:107A90001F93DDE91E01B24B4FF0FF320DF022FFC4
:107AA000002840F0BB86DDE91E01AD4B4FF0FF32F0
:107AB0000DF0FAFE0646002840F0B086DDE912011E
:107AC000002200232AF0800A0DF0E4FE002841F095
:107AD000FD839DF88F30B9F1470FCCBFA14FA24F66
:107AE000002B41F095860322CDE90F330B930C92C6
:107AF00007931593069241E72B78CAE62B784AF054
:107B0000200AC6E61AF0200F40F063860E9A1AF09B
:107B1000100F52F8046B41F0A2871AF0400F0E923A
:107B200001F02E8146F3C038434636B28FE10E9BFA
:107B3000B9F1430F03F1040600F087871AF0100F24
:107B400040F083870E9B1B688DF804310123069358
:107B50000C9341AF0023CDE90F330E968DF88F3093
:107B6000309E0B93079315931AF0840314967FF4B9
:107B70000BAF0A9A0698A2EB0008B8F1000F00F3C9
:107B80000D859DF88F20002A3FF425AFFFE6DDF834
:107B9000388058F8047B00238DF88F30002F00F0D8
:107BA0004387B9F1530F01F00C801AF010030F93C3
:107BB00041F00780079B002BC1F23D821A460F99C6
:107BC000384605F03DFC9DF88F300B90002801F001
:107BD00089860B9AD21B0C9222EAE27206920BB1B2
:107BE000013206920F9BCDF83880079315931093BE
:107BF0000B934FF07309C1E60E9B53F8042B0A92C6
:107C0000002A80F280850A9A0E9352420A922B78BB
:107C10004AF0040A3DE62B238DF88F302B7838E6A6
:107C20001AF0200F4AF0100000F0F0850E9B073389
:107C300023F007031A46596852F8083B0E920022B7
:107C40008DF88F20079A002A18DB53EA010220F4EE
:107C5000906A15D1079A9AB910F001031A46069353
:107C600000F08B8730238DF86731079B0C92CDE9AC
:107C70000F3315930B930DF267177FE620F4806A9C
:107C80005AAF03F00702DB0843EA4173C9083032F8
:107C900053EA0106384607F8012DF2D11AF0010324
:107CA0000F9340F06384079915935AAAD21B91420F
:107CB000B8BF11460C92069110930B935EE62B7899
:107CC0004AF0080AE5E52B784AF0800AE1E5294602
:107CD00011F8019BB9F12A0F01F09486A9F1300344
:107CE000092B98BF002201F27F8411F8019B02EB5F
:107CF000820203EB4202A9F13003092BF5D942EAD3
:107D0000E27307930D46C6E5584605F001F943684E
:107D10001993184605F094FC1B900646584605F04A
:107D2000F7F882682B781A92002E3FF4B2AD002A41
:107D30003FF4AFAD1278002A3FF4ABAD4AF4806A4D
:107D4000A7E52B784AF0010AA3E59DF88F202B7850
:107D5000002A7FF49EAD20228DF88F2099E500BF88
:107D6000FFFFEF7F308A01082C8A01081AF0200FEC
:107D700040F0F6840E9A1AF0100152F8043B41F0DC
:107D80007C861AF0400001F00C809BB20E925046A7
:107D900055E70E9A1AF0200F02F1040300F0E38475
:107DA000126809991160C91751600E932F4649E571
:107DB0000E9A079F52F8040B002147F630038F42BA
:107DC000ADF890308DF88F100346C0F2F3852AF09D
:107DD000800646F0020A002840F0EE85002F01F0F0
:107DE00036800E9230230122069710908DF867316D
:107DF0004FF078090DF2671715900C920F9084469A
:107E00000B9000F0BABD2B786C2B03BF6B784AF057
:107E1000200A01354AF0100A3BE52B78682B03BF96
:107E20006B784AF4007A01354AF0400A31E51AF0DD
:107E3000200F4AF0100300F0CF840E9A073222F090
:107E400007029A46536852F8086B0E929846002B28
:107E5000C0F2CE84079A002A20DB56EA08032AF0F3
:107E6000800A1BD1002A00F0A58730231DE01AF0FC
:107E7000200F00F08A8451460E9B073323F007033E
:107E80001A46D3F8048052F8086B0E9200238DF83E
:107E90008F30079B002B80F22A848A460A2E78F1C5
:107EA000000337D206F13003DBB2079A8DF8673151
:107EB000012AB8BF012206929DF88F3001220C9250
:107EC0000DF26717002B01F0B585069B0133069371
:107ED0000023CDE90F330B9315934FE51AF0200FD4
:107EE0004AF01001C8D10E9B1A1D0E9B07981B6803
:107EF0004FF0000840458DF88F801E46C1F2E281A8
:107F000021F0800A002B00F057840A2E78F100033C
:107F10000E92C7D30AF480630022CDE90B59069470
:107F2000DDF868905AA994461C4626E016EB080333
:107F3000B24843F10003A0FB032020F0030202EB50
:107F400090029B1AF31AAD484FF0CC32B646454624
:107F500002FB03F268F1000800FB0822A3FB0063A8
:107F6000BEF10A0F13444FEA560675F10005394673
:107F700046EAC3764FEA53082DD3A04D16EB08030B
:107F800043F10003A5FB032020F0030202EB900263
:107F90009B1AF31AA3FB053268F100005B0805FB8E
:107FA000002243EAC27303EB8303A6EB430330339F
:107FB0000CF1010C01F8013C4F1E002CB6D099F8D1
:107FC00000306345B2D1BCF1FF0FAFD00A2E78F17B
:107FD000000381F0A7815AAB0799069CCDF8689001
:107FE000DB1B1A469142B8BF1146DDF830900B9D5D
:107FF0000C93CDF844C09DF88F30069162E70822BB
:1080000000212AA804F06EFE01231D441BE4B5EBF9
:108010000708064613D0DDF8BCE0309B0EF10102E4
:108020004344072AC4E9007830932F9200F370810B
:108030000834099B43440993002E7FF420AC309B05
:10804000002B41F00680089B0022B3F90C302F92E0
:10805000EBE0B9F1650F40F30C81DDE9120100227C
:1080600000230DF00DFC002800F0FE812F9B644AD8
:108070002260013301360122072B30962F93626074
:1080800000F393850834259B119A934280F22A834A
:10809000169B179A1E44C4E900232F9B3096013388
:1080A000072B2F9300F3B4840834119B5F1E002F1D
:1080B0007FF7A9AC102F2F9B41F368845149DDF85D
:1080C0002090149132464FF010080E4604E0083418
:1080D000103F102F40F3B78001331032072BC4E953
:1080E0000068CDE92F32F2DD2EAA4946584603F04A
:1080F0007DFA002840F09080DDE92F3231ACE7E7CF
:108100000A9B069AA3EB0208B8F1000F7FF763AC55
:108110003C4B2F9A1493B8F1100F29DD21463046BD
:10812000384C2E461023089D06E0A8F11008B8F13F
:10813000100F01F1080118DD01321030072AC1E9E2
:108140000043CDE92F20F0DD2EAA2946584603F042
:108150004DFA002860D1A8F11008B8F1100FDDE940
:108160002F2031A94FF01003E6DC35460C460646B9
:108170000132149B23604644072ACDE92F26C4F818
:10818000048000F33984083425E41E4B2F9A14939D
:10819000B8F1100F24DD21461023089C06E0A8F159
:1081A0001008B8F1100F01F1080118DD013215486F
:1081B0001036072AC1E90003CDE92F26EFDD2EAAEC
:1081C0002146584603F012FA30BBA8F11008B8F166
:1081D000100FDDE92F2631A94FF01003E6DC0C4625
:1081E0000132149B23604644072ACDE92F26C4F8A8
:1081F000048000F367820834FFF7F5BBCDCCCCCC0C
:108200006C8A0108648C010808992EAA584603F06C
:10821000EDF900283FF40BAC0B9B1BB10B995846B2
:108220000DF00EFE089BB3F90C30089A526ED00781
:1082300002D49A0540F183845B0600F1118109980C
:108240005BB0BDE8F08F16460133149A22603E44BD
:10825000072B6760CDE92F367FF7D4AB08992EAA9C
:10826000584603F0C3F90028D6D1309E31ACFFF751
:10827000CABB2F9B03F10108119B012B06F10106DC
:1082800004F1080940F3D4810123B8F1070FCDE9C7
:108290002F862760636000F31F84169B179A08F1EE
:1082A00001081E44B8F1070FC9E90023CDE92F8664
:1082B00000F3208409F10809119BDDE912015C1E1D
:1082C000002200230DF0DCFA002840F0CB8108F1F9
:1082D000010801372644B8F1070FCDE92F86C9F808
:1082E0000070C9F8044000F3B08109F10809189A38
:1082F000C9F8042008F101031644072B28AACDE988
:108300002F36C9F80020A9DC09F10804FFF77BBB70
:1083100008992EAA584603F069F9002882D131AC99
:1083200087E6089D5846294604F066FA002841F081
:10833000E782B5F90C3003F01A020A2A7FF46CAA1E
:108340000899B1F90E20002AFFF666AA4A6ED207F4
:1083500002D49B0540F1948608992346324658463C
:1083600001F0BCFB099009985BB0BDE8F08F99055E
:1083700067D59F047FF53BAA95047FF540AA089B2B
:108380009B899E056CD4089B986D04F079FE67E08C
:10839000089914932EAA584603F028F900287FF470
:1083A0003BAF309E149B31ACFFF701BB089914938F
:1083B0002EAA584603F01AF900287FF42DAF309EFC
:1083C000149B31ACFFF704BBBC4A2F9B1492102FB7
:1083D00022DDAA46DDF820904FF01008154604E093
:1083E000103F102F04F1080415DD01331036072B60
:1083F000C4E90058CDE92F36F2DD2EAA4946584689
:1084000003F0F4F800287FF407AF103F102FDDE9E8
:108410002F3631ACE9DC55460133149A3E44072B24
:10842000C4E90027CDE92F367FF7F6AA08992EAACE
:10843000584603F0DBF800287FF4EEAE309EFFF7DD
:10844000EBBA089DA86D04F019FEB5F90C306A6E00
:1084500098047FF5CCA991047FF5D1A9D7078ED5D3
:108460004FF0FF330993EAE62599002940F34F8145
:108470000F9B119A9342A8BF1346002B99460ADD21
:108480001E44C4E900732F9B30960133072B2F93B2
:1084900001F3518008340F9BB9F1000FA8BFA3EB83
:1084A0000903002B984600F316840F9B1AF4806F83
:1084B0003B4440F04D86259A11998A4203DB1AF01D
:1084C000010F00F0D184169917980E44C4E90001F9
:1084D0002F993096013107292F9101F33880083404
:1084E000119907EB0108A8EB03088F1AB845A8BF3C
:1084F000B846B8F1000F0BDD23602F9BC4F8048051
:1085000001334644072B30962F9301F372800834D1
:10851000B8F1000FA8BFA7EB0807002F7FF773AAD9
:10852000102F2F9B41F332826549DDF82090149182
:1085300032464FF010080E4604E00834103F102F6A
:108540007FF781AE01331032072BC4E90068CDE913
:108550002F32F2DD2EAA4946584603F047F800288C
:108560007FF45AAEDDE92F3231ACE7E7302A00F074
:1085700033823023079907F8013C02385AAB1B1AA3
:1085800099424FF00002B8BF1946CDE90F220B9275
:108590000C93074606911592FFF7F0B9DDF8BCE0A1
:1085A000464814991490B8F1100F724628DDCDE9B1
:1085B00020532046414D089C102606E0A8F11008E3
:1085C000B8F1100F00F1080017DD01321031072A51
:1085D000C0E90056CDE92F21F0DD2EAA21465846EC
:1085E00003F004F800287FF417AEA8F11008B8F1E2
:1085F000100FDDE92F2131A8E7DCDDE92053044627
:1086000014982060501C08EB01060728CDE92F06BE
:10861000C4F8048000F39B829DF88F200834002A60
:1086200040F09A80002B3FF4D6A91346FFF7C3B958
:108630001AF0010F7FF428AE0123B8F1070FCDE93E
:108640002F86276063607FF752AE08992EAA58469E
:1086500002F0CCFF00287FF4DFADDDE92F860DF1BD
:10866000C40944E6119B012B7FF741AE112B41F366
:10867000F28113491491324643461027DDF82080D9
:108680000E4605E009F10809103C102C40F3518317
:1086900001331032072BC9E90067CDE92F32F1DD34
:1086A0002EAA4146584602F0A1FF00287FF4B4AD3F
:1086B000DDE92F320DF1C409E6E700BF748C010833
:1086C000648C010808992EAA584602F08FFF0028F2
:1086D0007FF4A2AD309E31ACFFF785B990047FF5F1
:1086E0008EA8BDE61AF0010F3FF48DA9D0E456EA3A
:1086F000080321F0800A7FF4D1AB079B002B5FD0E9
:108700000026FFF7CFBB0E932B78FFF7C2B82F9B45
:10871000AE4A2260013301360122072B30962F9397
:10872000626000F348860834002940F0AD82119A57
:108730000AF0010313433FF466A9169B179A1E44DF
:10874000C4E900232F9B30960133072B2F9300F3AE
:108750008A8404F10802A8E298460023FFF71AB9B8
:108760005046FFF763BA1AF0100F40F085821AF0F6
:10877000400F40F090831AF4007F00F07D820E9A43
:10878000099912681170FFF710BB0E9A1AF01008C1
:1087900052F8043B41F078811AF0400100F0DA828F
:1087A0009EB2079B8DF88F80002BFFF6AEAB2AF0B0
:1087B000800A002E7FF4A9AB079B0E92002B9FD15D
:1087C000CDE90F330C93159306930B935AAFFFF734
:1087D000D5B85346FFF731BB0E9A04320E990E926C
:1087E0000E684FEAE6789A464346002BBFF632AB56
:1087F0002D238DF88F30079B764268EB4808002BBD
:10880000FFF64CAB2AF0800AFFF748BB0E9B1A1DFF
:108810000E9B0E921B680021FFF711BADDE91201D1
:1088200002460B460DF05EF80646002840F0D98758
:10883000B9F1610F00F0EA85B9F1410F00F0318321
:10884000079B013300F0A887B9F1670F139B4AF427
:10885000807800F02E87B9F1470F00F02A870B903F
:10886000DDE91212002AC0F21C879DED127B8DED0E
:108870001C7B00231493A9F14103252B00F2A18254
:10888000DFE813F04E079F029F029F020304530488
:108890009F029F029F029F029F029F029F029F02D0
:1088A0009F029F029F029F029F029F029F029F02C0
:1088B0009F029F029F029F029F029F029F029F02B0
:1088C0009F029F024E079F029F029F0203045304D0
:1088D0003F4E1AF0200100F0F0800E9B073323F08A
:1088E00007031A46596852F8083B0E921AF0010223
:1088F00000F0C28053EA010200F04D8130228DF871
:10890000902000228DF88F20079A8DF89190002AF0
:10891000C0F2FE802AF4906242F0020A03F00F02D5
:108920000AF00200B25C8DF867211B0943EA01736B
:108930000A0953EA11110DF267170BD003F00F016A
:108940001B09715C07F8011D43EA0273120953EA1F
:108950000201F3D1079A5AAB4FF0000CDB1B9A428D
:10896000CDE90FCCB8BF1A460C930692CDF82CC0B7
:10897000CDF854C000283FF401A8069BDDE92F067E
:10898000023306931AF084031496864606D10A9998
:10899000069AA1EB0208B8F1000F07DCBCF1000F4A
:1089A0003FF409A84FF00208FEF7F4BF0223F7E5F1
:1089B000084E8EE74AF0020A0E92064E03F00F02AE
:1089C0000220B25C4FF07809ADE700BF6C8A010865
:1089D000508A01083C8A010807995AAAD21B914281
:1089E0004FF00003B8BF1146CDE90F330B930C9243
:1089F00006911593FEF7C2BF08992EAA584602F0B9
:108A0000F5FD00287FF408AC309E31ACFEF7E3BFE3
:108A100008992EAA584602F0E9FD00287FF4FCAB25
:108A2000309E31ACFFF741BB079BCDF83880062B59
:108A30003A4628BF0623CDE90B730797CDE90F22ED
:108A4000AC4F06931592FEF799BF082200212CA87F
:108A500004F048F90E9B41AF1A6839462CAB5846D2
:108A600008F034F8034601330C905BD00C9B23EAEA
:108A7000E3730693FFF76EB88DF88F20079A002AEC
:108A800048DB53EA01022AF4906A7FF447AF079A61
:108A9000002A00F0F780012A33788DF86731B8BFDB
:108AA0000122002306920122CDE90F330B930C9291
:108AB00015930DF26717FEF761BF0E9A52F8043B4B
:108AC0000E921AF010027FF411AF1AF0400000F07D
:108AD00062819BB2114609E708992EAA584602F016
:108AE00085FD00287FF498ABDDE92F860DF1C409E0
:108AF000FFF7D3BB08992EAA584602F077FD00284D
:108B00007FF48AABDDE92F860DF1C409FFF7D4BBF2
:108B10004AF0020A03F00F020AF00200B25C2AF4E3
:108B2000806A00E70898B0F90C30426E43F04001CB
:108B3000D70781813FF594AC99053FF591AC089C2E
:108B4000A06D04F09DFAB4F90C30FFF775BB0899DD
:108B500014932EAA584602F049FD00287FF45CAB1E
:108B60009DF88F20309E149B002A00F0AC80984620
:108B700031AC03462F98FEF70DBF079B0C93CDE950
:108B80000F3315930B935AAFFEF7F8BE584602F019
:108B9000DBFFFEF722BE079B002083428DF88F008B
:108BA000C0F2A8832AF4906A71E708992EAA584661
:108BB00002F01CFD00287FF42FAB309E31ACFFF794
:108BC00062BA082200212CA8279704F08BF8079B93
:108BD000002BC0F29883002606940B9534461D4660
:108BE0000EE041A9584607F071FF431C204400F0F5
:108BF000DA85A84209DC06F1040600F0DF850446A8
:108C0000279A92592CAB002AEBD10C940B9D069C11
:108C10000C9B002B00F0DC83632B40F33285591C46
:108C200058460DF009F90746002800F039870B90E7
:108C3000082200212CA804F055F80C9E2CAB0093C0
:108C400027AA33463946584607F066FF864240F069
:108C500021870C9A0023BB5422EAE27206929DF807
:108C60008F20002A40F01285CDE90F220792CDF81F
:108C700038801592FEF782BE0E9A0999126811602B
:108C8000FFF793B8079B9BE5169B179A1E44C4E910
:108C900000232F9B30960133072B2F9300F3E381A2
:108CA00004F108020029C0F2BC8411991760013355
:108CB0000E44072BCDE92F3651603FF7CFAA02F1C2
:108CC0000804FEF7A0BE002B00F0D8802F981346B2
:108CD00031ACFEF770BEB8F1100F2F9B40F37586D4
:108CE0000548149022463146089C4FF0100906466C
:108CF0000BE000BF648A0108648C01080832A8F107
:108D00001008B8F1100F40F3CD8201331031072B5A
:108D1000C2E90069CDE92F31F0DD2EAA214658467F
:108D200002F064FC00287FF477AADDE92F3131AA34
:108D3000E5E71646984608F10108149BC9F800308B
:108D40002644B8F1070FCDE92F86C9F804407FF714
:108D5000CCAA7AE41AF4007840F0938007998DF851
:108D60008F8000291E46FFF6D0A82AF0800A002B2B
:108D70007FF4CBA80B460E9200297FF4C1AC1FE50F
:108D80001AF4007F16BF46F3C0184FEAE67876B2B1
:108D90004346FFF75CB81AF400711CBFDBB2014612
:108DA000A4E51AF400711CBF0146DBB20E925046D6
:108DB000FEF745BF9DF88F3006920C925AAFFFF731
:108DC00081B8079B01932CAB049327AB039325AB8E
:108DD0000293022300935846DDE91C2304F06CFD46
:108DE00007461AF0010F40F017842C9BDA1B259BD5
:108DF0001192D91C0F93C0F2B98307999942C0F21E
:108E000040839A4200F332840F9B0C931AF4806FD4
:108E100003D00F9B002B00F306850C9B23EAE37322
:108E2000C24606934FF06709002315931093149BD5
:108E30000AF00200002B00F07C814FF02D0C8DF821
:108E40008FC0069B013306930023079392E5079B8F
:108E50000E92109315930C930F9306934FF078098D
:108E60005AAF9C460B9388E507EB0108A8EB030873
:108E70008F1AB845A8BFB846FFF74ABB31ACFEF71A
:108E8000AABDDEB2079B8DF88F10002B8846BFF677
:108E90008EACFFF73AB80E9A099912681180FEF766
:108EA00084BF45F63003ADF89030079B632B4AF042
:108EB000020A00F35284DDE91212002AC0F228846B
:108EC00025AADDE9120104F02BFC00224FF07F53AC
:108ED0000CF06EFA02460B46CDE90C23002200236B
:108EE0000CF0CEFC08B1012325930023954A14937E
:108EF00006920B9341AF079B0F95591ECDE9109A2F
:108F00000794069EDDE90C45B8468A4609E0002232
:108F100000230AF1FF390CF0B3FC002840F0C284B2
:108F2000CA46894B0022204629460CF041FA0D46DC
:108F300004460CF0EDFC81460CF0D0F902460B46DD
:108F4000204629460CF07CF816F80930BAF1FF3FAC
:108F50004246044608F8013B0D46D8D116467B4BE5
:108F6000DDF844A00022CDE90C45079C0F9DCDF80B
:108F70001C90DDF840900CF0ABFC48B9DDE90C0129
:108F8000724B00220CF07CFCE0B1079BD80719D58E
:108F9000069B2C96D97B18F8012C9142434609D1A7
:108FA000302003F8010C2C9B5A1E2C9213F8012C34
:108FB0008A42F6D0392A0BBF069A0132927AD2B28F
:108FC00003F8012C259AA8EB07031193B9F1610F5F
:108FD00002F1FF33259300F0F58450214FF0410951
:108FE000002B8DF8A010C0F2E2842B22092B8DF803
:108FF000A12000F3CB820DF1A202303302F8013B35
:1090000028ABD31A1893119B189A012B1A440C926F
:1090100040F3BD830C9B169A13440C930C9A2AF4CC
:10902000806343F4807A22EAE2720023CDE90F33B1
:1090300015930692FBE6384604F002FB9DF88F304C
:109040000C9020EAE0720692002B3EF4CBADFEF7C6
:10905000C7BD08992EAA584602F0C8FA00283EF467
:10906000F2AFFFF7DFB808992EAA584602F0BEFA11
:1090700000287FF4D1A8DDE92F36259931AA11E621
:10908000886D03F0FDFFFFF767B9079B013311936C
:10909000022300932CAB049327AB119E039325ABC3
:1090A000019602935846DDE91C2304F005FC29F0E3
:1090B0002003462B07460693064400F00982DDE9AB
:1090C0001C01002200230CF0DBFB002840F0A883E9
:1090D0002C9BB34280F0A2834522069230215A1C79
:1090E0002C9219702C9BB342F9D3DB1B1193259B57
:1090F0000F93069B472B00F0BD81069B462B00F08B
:1091000000820F9B8DF8A090013B002B2593C0F2AD
:1091100034822B22092B8DF8A12000F337823022D4
:109120008DF8A2200DF1A30267E7079B119303239B
:10913000AFE79DF88FC0BCF1000F7FF482AE149BA7
:10914000079317E4508A0108000030400000E03F18
:10915000119ADDF85480CDF850A0BA180792224633
:109160001C46109BDDF86890DDF820A00F95002BC1
:10917000314615971B9E2EDDB8F1000F7FDD08F1FB
:10918000FF382F98199B013031440728C2E9003677
:1091900030912F9068DC0832079B99F800001F1B64
:1091A0008742A8BF0746002F0BDD2F9801303944B6
:1091B0000728C2E9004730912F9066DC99F800003B
:1091C0000832002FACBFC51B0546002D16DC044439
:1091D000109B002BD0DCB8F1000FD0DC2346159F8C
:1091E0000F9DDDF850A0CDF868901446119ABA187A
:1091F00093420E4628BF1346FFF75DB9102D2F98F6
:10920000AF4B23DD0C9410272C461D4604E0103C88
:10921000102C02F1080216DD0130A94B103107288D
:10922000C2E90037CDE92F01F1DD2EAA514658469B
:1092300002F0DCF900287EF4EFAF103C102CDDE9E1
:109240002F0131AAE8DC2B4625460C9C1360013027
:1092500029440728CDE92F01556000F3C98099F80A
:10926000000008320444B3E72EAA5146584602F0E3
:10927000BDF900287EF4D0AF309931AA8CE7109B5D
:10928000013B09F1FF3910937BE72EAA514658465E
:1092900002F0ACF900287EF4BFAF99F800003099D5
:1092A00031AA8EE714460E460133149A22604644D2
:1092B000072BCDE92F36C4F8048000F35C82083414
:1092C000FFF7F3B80E928A46FEF7E8BD2D23B9F1F9
:1092D000470F8DF88F300B963346079640F39881F1
:1092E0000322784F0C92CDE90F3315930423069394
:1092F000FEF744BB33788DF867312AF4806A0DF2AB
:109300006717FFF727BB2CAB00930023194627AA4A
:10931000584607F001FC034601330C9000F04382ED
:10932000279775E41B9A1999BF1A384603F064FD14
:1093300099F801300BB109F10109634A16EB0803F2
:1093400043F10003A2FB030525F0030000EB9500A9
:109350001B1AF31A4FF0CC3168F1000803FB01F13E
:1093600002FB0811A3FB023001445B0843EAC1760B
:109370004FEA510816EB080343F10003A2FB031068
:1093800020F0030101EB90015B1AF31AA3FB0231F9
:1093900068F100005B0802FB001243EAC27303EBB2
:1093A0008303A6EB4303303307F8013C4FF0010C75
:1093B000013FFEF704BE08992EAA584602F016F99E
:1093C00000287EF429AF2599309E31ACFFF7ACB967
:1093D0009DF88F30CDF83880003B18BF01230693ED
:1093E0000C9B0793CDE90F3315930B93FEF7C6BA89
:1093F0002EAA5146584602F0F9F800287EF40CAF28
:1094000099F80000309931AA0444E1E647F63003A8
:10941000ADF89030079B632B4AF0020A00F39D8160
:10942000DDE91212002AC0F2738125AADDE91201DA
:1094300004F076F900224FF07F530BF0B9FF02469B
:109440000B46CDE90C23002300220CF019FA034649
:10945000002800F07A8201231496259341AF0B96E1
:109460001A4B069347E5259B0F93F31B1193069B1D
:10947000472B46D10F9B033378DB079B0F9A934210
:1094800010DA0F9B013BA9F10209002B8DF8A09087
:109490002593BFF63EAE0F9B2D22C3F101038DF83D
:1094A000A1203CE6119B0F9A934200F3DF801AF053
:1094B000010F0F9B00F05082169A13440C93A5E401
:1094C000648C0108308A0108CDCCCCCC3C8A0108E0
:1094D0003B78302B00F07881259B1E44DDE91C0190
:1094E000002200230CF0CCF90028BCD12C9BB34205
:1094F000FFF4F4ADDB1B1193259B0F93069B472BC9
:10950000B8D00F99079A0AF00103002943EA020331
:1095100040F36282002B40F0B0810F9B0C934FF020
:1095200066091AF4806F40F080810C9B23EAE37394
:10953000C246069378E408992EAA584602F056F8D7
:1095400000287EF469AE309E31ACFEF7A4BF0899C6
:1095500007932EAA584602F049F800287EF45CAE24
:10956000259A309E079B31ACFEF7BABF0F9BA9F13D
:109570000209013B8DF8A09025930F9BC3F10103D5
:109580002D22092B8DF8A1207FF7C9AD0DF1B7066B
:10959000DFF84CC332461046ACFB0312D20802EB94
:1095A0008201A3EB4101303100F8011C1946632907
:1095B000134600F1FF32EEDC303302F8013C831E2B
:1095C000B34280F005820DF1A10213F8011B02F8ED
:1095D000011FB342F9D103F5B4736B44C43B1B1AAA
:1095E00028AA9B1A18930EE500230D460793FEF751
:1095F00052B908992EAA584601F0F8FF00287EF4C7
:109600000BAE259F119B309EDF1B31ACFEF780BF58
:109610000322AF4F0C9266E6079BFE184723069382
:109620005CE7C1F10008103180F23182A948149042
:1096300031461024064605E00832A8F11008B8F1BA
:10964000100F56DD01331031072BC2E90064CDE95C
:109650002F31F1DD08992EAA584601F0C7FF0028E6
:109660007EF4DAADDDE92F3131AAE6E7119B169AD7
:109670009A180F9B0C92002B40F308814FF067095A
:109680004FE700230B9341AFFFF7D2BA069A079337
:109690000132CDE90F330692CDF838801593FEF7ED
:1096A0006DB902F100431D932D231C911493FFF714
:1096B000E2B8079A002A00F03181002BC0F2AD8198
:1096C0009DED127B8DED1C7B1496079B01932CABBB
:1096D000049327AB039325AB0293022300935846D0
:1096E000DDE91C2304F0E8F8002307460B93FFF79D
:1096F00078BB0E460133149911604644072BCDE91F
:109700002F36C2F8048000F345810832FFF7CDBA46
:1097100002F100431D932D231C910B9641AF14932E
:1097200025AADDE91C0103F0FBFF00224FF07F5367
:109730000BF03EFE02460B46CDE90C23002200232F
:109740000CF09EF808B101232593B9F1610F3FF4A5
:1097500087AE614B0693FFF7CEBB079B5846591C5B
:109760000CF06AFB074600283FF4DCA90B904AF492
:109770008078FFF775B808992EAA584601F036FF91
:1097800000287EF449AD309E31ACFEF78EBE1AF053
:10979000010F3FF443AC3DE406230B9007934AF4DA
:1097A0008078FFF75DB8089BB3F90C3000220B926C
:1097B00043F04003089A9381FEF72EBD079B069C59
:1097C0000B9D0C93FFF724BADDE91C010022002356
:1097D0000CF056F8002800F0D480259B0F931E440F
:1097E00043E6139B13F000432AF0800A0F9300F026
:1097F000B6802D238DF88F30B9F1470F4FF000035D
:109800000B93079340F312810322344F0C926AE5C5
:1098100000230322CDE90B32079364E5DB1B119390
:10982000259B0F936DE44FF067091A990B78FF2B76
:1098300000F0268100260F9A304603E00130013106
:10984000FF2B08D0934206DAD21A4B78002BF5D1C1
:109850000B780136F4E7CDE90F201A911596109A8E
:10986000159B1B9913440C9A01FB03230C9323EAC9
:10987000E373C2460693FFF7DABA13460B449946E0
:10988000169B4B440C934FF066094AE6C3F1010363
:109890001A4422EAE273C2460C9206934FF067091B
:1098A000FFF7C2BA51460029DDE9109A079C0F9DC7
:1098B000FFF688AB4A1C42444346302003F8010BB4
:1098C0009342FBD108EB010303F10108FFF77ABBD8
:1098D0002C8A0108648C0108508A0108388A010822
:1098E000CDCCCCCCCDF8388023B3079B0C935A1C3D
:1098F00006920790159010904FF07309FEF73EB84E
:10990000089A536ED8073EF5ABAD938999053EF59D
:10991000A7AD906D03F0B4FBFEF7A2BD002BC0F223
:109920008F809DED127B079B149301238DED1C7B93
:109930000793CAE6079B0C9306930B9B1593109312
:1099400007934FF07309FEF719B8594A149306921A
:109950000B9341AFFFF7CFBA0C93FFF757BA9DF8BF
:109960008F30B9F1470FCCBF524F534F002B79D1F5
:10997000032207930C92159310930B930692FDF715
:10998000FDBF119BC3F101032593A6E54B4A149239
:10999000FEF75ABC08992EAA584601F027FE002867
:1099A0007EF43AACDDE92F3631AAFFF77EB9C2F179
:1099B0000103092B4FF02D028DF8A1203FF7E6ADF2
:1099C000FFF719BB7021FFF70BBB3C4A14926BE405
:1099D00002231893FFF717BBC24633B9012306933E
:1099E0004FF066090C93FFF71FBA169B03F10109AC
:1099F000079B4B440C9323EAE37306934FF06609ED
:109A0000FFF712BA0E9A6B780D4652F8041B0E92AD
:109A100041EAE1710791FDF73CBFDDE9121202F165
:109A200000431D932D231C9114934EE60322224FD5
:109A30000C9258E4CDE90F330B931593FDF79EBFBD
:109A4000DDE9121202F100431D932D23149301232B
:109A50001C91079339E6194B1493FFF76CB95346E1
:109A6000FEF7BCBE00230793159310930B930323BB
:109A70000C9304230693FDF781BF5046FEF7C8BE42
:109A8000002315931093EAE65146FEF72EBA0B49D0
:109A900014912FE6089BB3F90C3043F0400389E69C
:109AA000089B0B90B3F90C3043F0400382E600BFF3
:109AB0003C8A0108388A0108348A0108648C01084C
:109AC00010B4054C8446134620685DF8044B0A46E2
:109AD0006146FDF765BE00BFEC0700202DE9F041AF
:109AE00098468B89ADF58D6D23F00203ADF80C30EF
:109AF0001AAB009304934FF48063029305934B6E6B
:109B00001993CB89ADF80E30CB6907934B6A099353
:109B100016460023074616A80D46069303F0AAFA38
:109B20003246434669463846FDF73AFE061E6C4605
:109B300007DB6946384601F06BFE002818BF4FF07E
:109B4000FF36A3895B0603D5AB8943F04003AB81A5
:109B5000A06D03F091FA30460DF58D6DBDE8F081F2
:109B60002DE9F04FADF5377D8B4602AF496EFB62B4
:109B7000CB07BBF90C40F864164640F16081A504A0
:109B800000F1568244F4005421F40051ABF80C402B
:109B9000CBF864100822002107F1580003F0A2F866
:109BA0004FF0000EC7F838E0C7F824E0C7F840E0EF
:109BB000F246C7F844E0C7F828E0AE4BD3F8E440DB
:109BC00003F0A0F907F15802009203463246F86C00
:109BD00007F15401A0470028C0F212817B6D0644B2
:109BE0000146002B3BD0012800F01881252B4ED0D8
:109BF0000028E2D0A6EB0108DBF804301A46404406
:109C0000002A00F1FF3408F1FF3516DDDBF80030E3
:109C10006A781878904203F1010305F101011ED121
:109C2000DBF80420CBF80030013A8C42CBF804205A
:109C300000F00081002A0D46E8DCF86C594602F07D
:109C4000A3FA0028E2D07A6C002A01F0C282BBF8A5
:109C50000C3013F0400F18BF4FF0FF327A64DBF87E
:109C60006430DD0740F1FC80BB6B43B1BB6B18680F
:109C70007B6C013300F0428108B1FDF75FFD786C29
:109C800007F53577BD46BDE8F08F01200146002479
:109C90003578A146A5F12503721C552BDFD80FF2AC
:109CA000080C5CF823F000BF71A500085F9C000859
:109CB0005F9C00085F9C00085F9C000853A500089B
:109CC0005F9C00085F9C00085F9C00085F9C000888
:109CD0005F9C0008AB9F0008AB9F0008AB9F00088B
:109CE000AB9F0008AB9F0008AB9F0008AB9F00082C
:109CF000AB9F0008AB9F0008AB9F00085F9C00086B
:109D00005F9C00085F9C00085F9C00085F9C000847
:109D10005F9C00085F9C0008C19F00085F9C0008D2
:109D20002FA1000899A20008C19F0008C19F000848
:109D3000C19F00085F9C00085F9C00085F9C0008B2
:109D40005F9C00085F9F00085F9C00085F9C000804
:109D50007DA200085F9C00085F9C00085F9C0008D3
:109D6000B5A200085F9C00085F9C00085F9C00088B
:109D70005F9C000839A000085F9C00085F9C0008F9
:109D8000C9A200085F9C00085F9C00085F9C000857
:109D90005F9C00085F9C0008C19F00085F9C000852
:109DA0008BA0000823A10008C19F0008C19F0008E4
:109DB000C19F0008BBA40008D3A400085F9F00084F
:109DC0005F9C000887A40008EFA400080BA500080A
:109DD0009FA4000831A500085F9C00085F9C000854
:109DE00055A00008539F000865A000085F9C00086C
:109DF0005F9C000839A000085F9C0008539F000882
:109E00004FF6FD730822002107F158007B6502F030
:109E100069FF7B6D0136002B3FF421AF164AD25CFF
:109E2000110700F1A480252B3FF42FAF06F1FF3876
:109E30000120E1E602355544A5EB080ABDE6A00580
:109E400076D5A2047FF59EAE8B047FF5A3AEBBF85A
:109E50000C30990541F1F4814FF0FF337B640EE73C
:109E6000BBF80C309C053FF5FFAEDBF8580003F063
:109E700007F9F9E680060020F98D0108B9F1000F15
:109E800008BF4FF0FF3914F0010604F0100341F051
:109E9000FD81002B41F0C682FB6A14F0800453F868
:109EA000046BFB6201F06581002E3FF4D8AE2020E8
:109EB000FDF73CFC8046002801F08B81BB6B3060D5
:109EC000DA889C88A242C1F035834FF6F6739C4233
:109ED000BA6408D8BB6B08341868A10005F062FAB0
:109EE000002841F05D83DBF86430DA0704D4BBF866
:109EF0000C309B0541F1BC81BB6B1868BB6BDE88E5
:109F00007EB10024051FA046814655F8043F18681D
:109F1000FDF714FC01342B68B442C3F80080F4D17F
:109F200048464FF0FF337B6400287FF4A6AEA6E6D8
:109F3000DBF8580003F0A2F8BBF90C40DBF8641022
:109F4000A5047FF51FAE88047FF524AEC80783D42F
:109F50007DE725077FF483AE757816469AE62307DA
:109F60007FF47DAE757844F00204164692E6DBF885
:109F70000420FC6C10E0DBF80030AC491A788A5CF5
:109F8000120703F101037FF518AEDBF80420013A54
:109F9000CBE900320AF1010A002AECDC59462046DE
:109FA00002F0F2F80028E6D007E614F08F0F7FF4F5
:109FB00056AE09EB890905EB4909A9F13009CBE750
:109FC000DBF804307A63002B4FF0040656DDDBF833
:109FD0000010964D0B78EB5C180721D5D7F84C8014
:109FE0000A4605E0CBF800201378EB5C190717D57B
:109FF000DBF80430013B002B0AF1010ACBF80430F6
:10A0000002F10102EEDC5946404602F0BDF800289C
:10A010007FF419AEDBF800201378EB5C1907E7D466
:10A02000033E012E3FF62AAFDFE816F0BF027503AC
:10A030008C047FF5AFAD0FE7DBF804307A63002BBB
:10A0400044F4007440F37C82794BBB6210233B6480
:10A050000326BCE7DBF804307A63002B4FF00206DE
:10A06000B5DC0BE0DBF804307A63002B704BBB628D
:10A070004FF00A033B644FF00306A8DCF86C594626
:10A0800002F082F80028A2D0DDE5DBF804307A6324
:10A09000002B41F34C804D46012D38BF012514F0B3
:10A0A000010340F09687E60600F1CD86FB6A2406A0
:10A0B00053F8046BFB6240F1B086002E3FF4CFAD45
:10A0C0002846FDF733FB0446002801F08280BB6B75
:10A0D0003060B3F806809A88904580F09C871868B5
:10A0E000BB6B40F8286008F10108A3F80680CDF8A2
:10A0F00000B02146F86C2B46012201F0BBFD04465E
:10A1000000283FF4A0AD854205D93068214605F00E
:10A1100049F900B130607B6C7E6B0133A2447B64F3
:10A120004BE5DBF804307A63002B424B9FE7DBF80A
:10A1300004307A63002B44F0410440F3EF874D462E
:10A14000012D38BF012514F0100940F09B86FB6AF1
:10A1500053F8042BFB622306FA6340F1B287002A0E
:10A160003FF47DAD8020FDF7E1FA0646002801F0BE
:10A170003080FB6B1860BB6BDC88B3F8048044450F
:10A1800080F0FD861868FB6B40F82430BB6B3E62A4
:10A190000134DC8020233B63C7F84890D7F8249033
:10A1A000002407F5B87802F0ADFEA0423FF44BADB5
:10A1B000DBE9002112F8010B08F804000139B9F1BC
:10A1C000030FCBE9002104F1010402D1BB6E042B83
:10A1D00005D00822002107F1680002F083FD07F195
:10A1E00068030093F86C23464246314606F044FC6F
:10A1F000B0F1FF3F81463FF426AD002840F0BB811F
:10A20000BB6CA244013D53B93360FB6B33B13B6A75
:10A21000F41A3B6BB3EBA40F40F296850436DBF8DF
:10A220000420002A0FDDA5B10024BCE7F98D010848
:10A230004107010809060108BB6C002BE5D0DBF8DB
:10A240000420002AF0DCF86C594601F09DFF00283C
:10A25000E9D0C7F82490D7F84890FB6B33B13B6A3C
:10A26000F11A3B6BB3EBA10F00F2FB86B9F1000FC3
:10A2700002D17B6C01337B647E6B9EE4DBF804309F
:10A280007A63002B44F0010440F32487B54BBB6292
:10A2900008233B6403269AE6DBF804307A63002B3C
:10A2A00044F0010440F32887AF4BBB620A233B64B0
:10A2B00003268CE6DBF804307A63002B40F3138727
:10A2C00044F00104022682E6114607F1700001F015
:10A2D000FBFFDBF80430002B064640F31687B9F18C
:10A2E000000F08BF4FF0FF3904F0100314F0010510
:10A2F000FB6300F0A884002B40F0EE85FB6A20068B
:10A3000053F8042B7A63FB6240F1CF86002A3FF4B6
:10A31000A6AC8020FDF70AFA8046002800F0598795
:10A320007B6B1860BB6BDC889D88AC4280F0E0855D
:10A3300018687B6B40F82430BB6BC7F83080013461
:10A34000DC8020233B627D6AC7F848A00024FE61C0
:10A3500002F0D8FDA0423FF476ACDBE9003207F50D
:10A36000B87013F8011B0155013A032DCBE90032F7
:10A3700004F1010407F1600A03D1DAF80030042B7C
:10A3800004D008220021504602F0ACFCCDF800A019
:10A390004146F86C234607F5B87206F06DFB411C88
:10A3A00005463FF450AC002840F0F680C8F80000A5
:10A3B00006460822002107F1680002F093FC6B4B6F
:10A3C000F86C324607F15001D3F8E06007F16803FA
:10A3D000B04701280CBF97F85060002607F17003C2
:10A3E0009B5D002B00F0AC86BB6C032D2344BB644B
:10A3F00018D0FB6B09F1FF395BB97B6B08F10408DE
:10A400003BB13B6BA8EB03043B6AB3EBA40F40F2F8
:10A410000984DBF80430002B0FDDB9F1000F12D0F6
:10A42000002495E7DAF80030042BE2D1FB6B002B17
:10A43000E3D0DBF80430002BF2DCF86C594601F075
:10A44000A3FE0028E9D0D7F848A0FE697D62FB6B27
:10A45000002B7FF4B2ABC8F800307B6B73B13B6B61
:10A460003A6AA8EB03018B1001339A4206D97C6B40
:10A470000431206804F096FF00B120607B6C01334A
:10A480007B64FFF79ABB23077FF4E9AB75786C2DEB
:10A4900000F0938544F001041646FFF7FBBBDBF8A0
:10A4A00004307A63002B2F4BBB624FF008033B64F0
:10A4B0004FF003063FF78BADE0E525077FF4CFAB08
:10A4C0007578682D00F07F8544F004041646FFF788
:10A4D000E1BBDBF804307A63002B234BBB624FF007
:10A4E00000033B644FF003063FF771ADC6E514F07F
:10A4F0008F037FF4B4ABBD6B002D00F0C58575787C
:10A5000044F080041646FFF7C5BBE1067A633FF5C9
:10A51000B3AEFA6A52F8043BFA62220700F177857B
:10A52000660740F160867E6BA3F800A0FFF745BB8D
:10A53000DBF804307A63002B44F408743FF784ADF1
:10A54000F86C594601F020FE00283FF47DADFFF77E
:10A550007ABB59EA04097FF482AB75781024164659
:10A56000FFF798BB41070108090601088006002093
:10A570001646FFF73DBB10F1020F00F029830328B8
:10A58000A24403D1BA6E042A3FF456AEBB6C013D1F
:10A59000002B3FF43AAE42E6821C00F02E83D8F83E
:10A5A0000060731C7FF405AF18E709F1FF33B3F5C2
:10A5B000AE7F88BF6FF4AE7007F5B8788CBF09EB3B
:10A5C000000200224FF000034546464688BF40F295
:10A5D0005D19D84644F45864D346BA649A46D8F80C
:10A5E000000090F800C0ACF12B034D2B64D8DFE8DD
:10A5F00013F09A0263009A0263006300C802B70175
:10A60000B701B701B701B701B701B701A002A002B6
:10A6100063006300630063006300630063004E0037
:10A620004E004E004E004E004E006300630063007B
:10A630006300630063006300630063006300630002
:10A64000630063006300630063006300A9026300AA
:10A6500063006300630063006300630063004E00F7
:10A660004E004E004E004E004E006300630063003B
:10A6700063006300630063006300630063006300C2
:10A68000630063006300630063006300A9023B6C26
:10A690000A2B11DD24F4386405F801CBD8F8043016
:10A6A000013B002BC8F8043040F385820130C8F824
:10A6B0000000B9F1010992D1E105C7F848A0DA46D6
:10A6C000C346B04605D5B54200F2B58345453FF4D3
:10A6D000C6AA14F0100216D13B6C2A70F86CBE6A40
:10A6E0004146B047FB6AA20603F1040900F1698301
:10A6F000230740F17284FB6A1B6818707B6CC7F8F3
:10A700002C9001337B64BB6C7E6BA5EB08051D446C
:10A71000AA44FFF752BAF86C02F0FAFB0368FB6137
:10A7200009F1FF33B3F5AE7F40F247836FF4AE70AB
:10A7300009EB0003FB6040F25D190025C7E90455F1
:10A7400044F4F06307F5B878BB64FD633D63BD6115
:10A7500044464E46C7F82080DBF800100A78A2F184
:10A760002B034E2B50D8DFE813F0D6014F00D60153
:10A770004F004F00FA019E009E009E009E009E002A
:10A780009E009E009E009E004F004F004F004F0015
:10A790004F004F004F00C801EF00EF00EF005401E1
:10A7A000BC014F004F0058014F004F004F004F00B9
:10A7B0003F014F0020014F004F004F001C014F0090
:10A7C0004F004F00070103014F004F004F004F00A3
:10A7D0004F004F004F00C801EF00EF00EF005401A1
:10A7E000BC014F004F0058014F004F004F004F0079
:10A7F0003F014F0020014F004F004F001C014F0050
:10A800004F004F0007010301BB6C9B0569D5F86938
:10A810000378934265D1C7E9016481465E464FF0F3
:10A820000008AB4606E0316091F800E099F80000BE
:10A8300086451CD119F8010F45465446013108F1EF
:10A8400001080AF1010A002800F0A48270680138AA
:10A8500000287060E7DCF86C314601F095FC30B9F7
:10A86000316899F8000091F800E08645E2D02B4667
:10A870005D46B3464646D7E90728FC601644BC68E7
:10A88000D7F84CA03C62914634461E4614F8011D90
:10A890005A46504601F0E2FEA145F7D1FA683C6AFB
:10A8A000A2EB060A1FE0FB6B5B191AD11D46BB6CBD
:10A8B000FD6323F4C073BB6404F8012B013EDBF895
:10A8C0000430013B002B0AF1010ACBF8043040F3BD
:10A8D0006781DBF800300133CBF80030002E7FF4C5
:10A8E0003BAFD7F82080FB6B3A6B013B002A00F0AE
:10A8F000A680BA6C012B22F48072BA6440F27E8288
:10A900006B1E062B40F21C83BA6C12F010037FF40E
:10A91000B3AC237002F4C063B3F5806F40F0BD8028
:10A92000BB693A6B934200F0BC809A1A7C617969EA
:10A9300007F2C323994224BF07F2C2237B617869DF
:10A94000A14901F0E7FDACE0B96C0805C9D5FB6B86
:10A950005B19C6D11D4621F4C073BB64FD63ABE730
:10A960003A6C9A4B33F912303B6424F4386493E622
:10A97000072DB6D108259FE7B96C01F41863B3F52C
:10A98000807FAED13B6B012BABD121F4807343F4BC
:10A990000063BB64302304F8013B0023013E3B63AA
:10A9A0008AE7062D9DD1072586E7BB6C190598D54A
:10A9B000B96C01F4A063B3F5806F04D0480590D55D
:10A9C0003B6B002B37D0BB6C990504D43B6BB9694A
:10A9D0005B1AC7E90434BB6C23F4786343F4C07397
:10A9E000BB6400233B6367E7FB6B002B40F0C38134
:10A9F0003B6B33B9BB6C03F4E063B3F5E06F00F07D
:10AA00000484012D02D0042D7FF46BAF0135EDB22B
:10AA100052E7B96C0B05CBD599E7002D40F0A48126
:10AA20003B6B002B40F0DF81BB6C03F4E063B3F5BC
:10AA3000E06F00F0E383FB6BD7F82080013B012B34
:10AA400040F2DC816B1E062B40F2AF8200233B6399
:10AA5000BB6CD8057FF558AF590500F1E28314F8B7
:10AA6000011C652904F1FF350AF1FF360AD045299A
:10AA700008D0F86C5A4601F0F1FD14F8021CAAF156
:10AA80000206A51EF86C5A4601F0E8FDBB6C13F0F7
:10AA9000100340F0A4812B70B2463B69002B40F0BC
:10AAA000FA820022F86C414605F00CFDFB6A53F86F
:10AAB000046BFB62BB6CDA0704460D4600F1628151
:10AAC000BB6C9B0700F15E8102460B460AF00AFF51
:10AAD000002840F0D482204629460AF061FF306009
:10AAE00052E1BB6C180503D5FB6B5B193FF4DEAE7E
:10AAF000022D7FF4F6AE0325DEE6BB6C1B0503D505
:10AB0000FB6B5B193FF4D2AEFB6B012B7FF4E9AE1C
:10AB10000223FB63D0E6BB6C19067FF5E2AE23F09F
:10AB20008003BB64C8E623067FF5C6AD24F080042D
:10AB3000B2E53A6C254B33F912303B64082B3FF7F2
:10AB4000A9ADB9E504F4C063B3F5007F7FF4B4ADFB
:10AB500024F40074102344F4A0643B649CE5BB6CB3
:10AB6000D9057FF5A0AE23F08003BB643B6B0133B6
:10AB70003B63FB68002B3FF4A1AEFB68013BFB602D
:10AB80009DE621057FF588AD3B6C1BB9082344F495
:10AB900000743B64620540F1178124F4B0647BE5E6
:10ABA000F86C594601F0F0FA00287FF49AAE002EB6
:10ABB0007FF4D2AD95E6F86C414601F0E5FA002845
:10ABC0003FF477AD78E500BF708A0108848C0108F6
:10ABD000DBF80420002A3FF7E6AAF86C594601F09A
:10ABE000D3FA00283FF4DFAAC7F82490D7F848909A
:10ABF000002C3FF432ABFFF726B8DBF80430002B13
:10AC00003FF7A6ABF86C594601F0BEFA00283FF4B6
:10AC10009FABD7F848A0FE697D62002C3FF417ACCB
:10AC2000FFF711B8386BD9001E4604F0BBFB386340
:10AC3000002800F0CE827A6B730000EB04081060ED
:10AC40003B62FFF7E6BBFB6B002B40F02181FB6A08
:10AC500014F0800453F8048BFB6200F02E82B8F1EC
:10AC6000000F3EF4FCAF2020FCF760FD05460028F5
:10AC700000F0AF82BB6BC8F80000DC889A88944271
:10AC800080F049811868BB6B40F824800134DC8077
:10AC90002022DBF8003007F170001978415C0029B0
:10ACA0003EF4DDAFBE642C4618461646DBF80410B1
:10ACB000431C0139CBE900312946007801F8010B2A
:10ACC000B8F1000F02D00D1BB54223D20D46B9F1E9
:10ACD00001090BD0DBF80410002928DDDBF80000A7
:10ACE00007F170030178595C0029DFD12C1B324633
:10ACF000BE6C3EF4B4AF00232B70B8F1000F03D04C
:10AD0000611C8A4200F29D81A2447B6C01337B640A
:10AD1000FEF753BF76002046314604F043FB04465D
:10AD2000002800F056820544C8F80000CFE7F86C10
:10AD3000594601F029FA0028D0D0A5423246BE6C0F
:10AD40003EF481AF2C1BD6E7386AD90004F02AFB09
:10AD50003862002800F03D823B6BFA6B5B000619FD
:10AD600010603B63FFF75ABA032D3FF44FAE052D39
:10AD70003FF44CAEB5E5FB6B022B7FF442AE0323F0
:10AD8000FB6399E5C6E900457B6C7E6B01337B6410
:10AD9000FEF713BFBB6CF969A246BC6823F42073AD
:10ADA00020464246BB645D46B3467E6802F072F8B8
:10ADB0003B6BBB610446013E81E50023FB60BCE4C4
:10ADC000FB6A1B68186099E4BB6C24F460741BB1C7
:10ADD000013BBB6409F101090AF1010A5EE4B246D4
:10ADE0007E6BFEF7EABEFB6BBA6CD7F82080013BA6
:10ADF00022F48072012BBA643FF686AD4445464684
:10AE00007EF62DAFFD6C14F8011D5A46284601F060
:10AE100025FCB442F7D1FEF722BFCDF800B0F86CA4
:10AE20002B463146012200F025FF044600287FF41E
:10AE300072A9FEF708BF15F8011CF86C5A46013DCF
:10AE400001F00CFC42E4FE6C1C460AE0CBF800105A
:10AE5000304659461C44ED1A01F096F9002840F09E
:10AE6000BD81DBE900239D4202EB0301EEDC5B1BAD
:10AE70002A44CBF804302C44CBF800207E6BA2444B
:10AE8000FEF79BBE00263E633E62FE63FFF784B979
:10AE9000DBF8001007F170020B78D35C002B3EF456
:10AEA000DEAEFC6C0A4604E0137807F17001CB5C5F
:10AEB000DBB1DBF8043001350132013B4D45CBE914
:10AEC000002312D0002BEFDC5946204601F05CF93C
:10AED00058B9DBF80020E7E70023C7E90C333B62F1
:10AEE00007F154039846FFF72EBAAA44FEF765BE51
:10AEF0004FF6F6739D4200F26C81BB6B0835186803
:10AF0000A90004F04FFA002800F06381BB6B9D801C
:10AF10001860FFF70EBA4FF6F6739A423EF6E3AFAB
:10AF200002F10803BA6BBB641068990004F03AFAA6
:10AF300000283EF4D8AFBA6BBB6C93801060A2E6D9
:10AF4000022D40F28381032D3FF4DEAC043D5FFA15
:10AF500085F96FEA0905FE6CFC63254414F8011DB0
:10AF60005A46304601F07AFBAC42F7D1FC6B0AF14D
:10AF7000FF3A013CAAEB090AA4EB090468E54FF685
:10AF8000F673984500F22581BB6B08F10808186834
:10AF90004FEA880104F006FA002800F01A81BB6B22
:10AFA000A3F804801860FFF7EEB8022D40F24E813E
:10AFB0000023032D3B63C9D14AE5B57844F0020470
:10AFC0000236FEF767BEB57844F008040236FEF795
:10AFD00061BE44F04004FFF7B6B866073CD414F0F5
:10AFE00001027FF4EDAEA4077FF5EAAEA54BB96A86
:10AFF000F86C99423B6C414600F0368105F06EFCDE
:10B000000B46FA6A1168C1E90003FFF777BB83F8C2
:10B0100000A0FFF731B94FF6F6739A423EF663AFE0
:10B02000BB6B02F1080918684FEA890104F0BAF90C
:10B0300000283EF458AFBB6BA3F804901860FFF7EC
:10B040004FB8D8F8000004F0ADF900283FF45CAE2A
:10B05000C8F80000A24458E6FB6A1B681880FFF796
:10B060004DBBFC6B206804F09DF900283FF4FEA85E
:10B070002060B9F1000F7FF4FFA8FFF7FAB882480B
:10B0800002F04AFB30607FE682B0CDE9023302ABCA
:10B09000BB63FFF734BA7969F86C0A2300220131E7
:10B0A00005F0B2FA3B69C21A41E4FB6BD7F8348071
:10B0B0003B62C7E90C33FFF746B945462246A04636
:10B0C000E7E5FE6BC7F83090C7F82090C7F83C90D2
:10B0D000FFF762B8F86C594601F056F800283FF4C3
:10B0E000D5A8FEF7B0BDF86C594601F04DF8002820
:10B0F0003FF4E6A8FEF7A7BDF86C594601F044F806
:10B1000000283FF4D1A8FEF79EBDF86C594601F027
:10B110003BF800283FF4E3A8FEF795BDF86C5946CC
:10B1200001F032F800283FF40AA8FEF78CBDF86C55
:10B13000594601F029F800283EF4ADAFFEF783BD73
:10B14000D7F848A0FE697D622346002C3FF47FA912
:10B1500007F5B872D7F84C9014191D46013D14F844
:10B16000011D5A46484601F079FA002DF6D1FFF745
:10B170006EB9B0462646DBF800000378EB5C1A0790
:10B1800000F1778143464146C7F848A0A046B24641
:10B190001C46DBF80420013ACBF80420421CCBF813
:10B1A00000200E46027806F8012BBAF1000F00F0DD
:10B1B0007581321B4245C0F071814FEA4808204634
:10B1C0004146FA6304F0EEF8FA6B0446002840F0BA
:10B1D00062814FF0FF337B64FEF741BD002C7FF4AA
:10B1E0004DAEFEF730BDE50717D4A40715D54FEADD
:10B1F000EA72C3F800A05A60FFF73EB8BB6C23F4B4
:10B20000F063BB640125FFF757BBBB6C23F4F0630D
:10B21000BB640123FB63FFF74FBBC3F800A0FFF73C
:10B220002BB8444546467EF61AADFD6C14F8011D58
:10B230005A46284601F012FAB442F7D1FEF70FBD84
:10B24000DBF8580001F01CFFFEF706BE44457EF611
:10B2500006AD454614F8011DF86C5A4601F0FEF99A
:10B26000AC42F7D1FEF7FBBC05F004FC0B46C8E688
:10B27000DBF8580001F004FF4FF0FF337B64FEF76A
:10B28000F5BC00BF41070108CC8B0108002B40F042
:10B29000BE80FA6A200652F8041BB964FA6240F1D3
:10B2A000BC80FB6300293EF4DAAC8020FCF73EFA58
:10B2B000FB6B064600288CD0BA6C1060BA6BB2F8F3
:10B2C00006809488A045C0F0D2804FF6F6718C427B
:10B2D000FB633FF67EAFBB6B08341868A10004F037
:10B2E00061F800283FF475AFBB6B9C801860FB6B66
:10B2F000BA6C40F82820BA6B08F10108A2F8068061
:10B30000B6462022DBF800100978695C11F00801CC
:10B3100063D1C7F8209074468946FA633B6301F015
:10B32000F1FD48453EF48FACDBE9003213F8011B18
:10B33000013ACBE900327B6A07F5B870032B00F8BD
:10B34000091009F1010807F1680903D1D9F80020B3
:10B35000042A04D008220021484601F0C3FCCDF89D
:10B36000009007F5B872F86C4346314605F084FB4F
:10B37000421C78623EF467AC002840F0B080306038
:10B3800005F0D6FB002840F0EF80C2443B6A013B49
:10B390003B623B6B002B40F0C880BB6C0436002B3B
:10B3A00000F0C380FB6BA6EB0409B3EBA90F40F2DE
:10B3B000C980D7F83080DBF80420002A40F3A3804E
:10B3C000DBF800201278AA5C130703D43B6A002B39
:10B3D00040F0AE80FA6B3B6BA646002B7EF44CAF80
:10B3E0003360BB6C002B3EF444AFA6EB0E018B1018
:10B3F00001339A427EF63DAFBC6C0431206803F005
:10B40000D1FF00283EF435AF2060FEF732BF0022A6
:10B410009646BA6407F1540674E7BE6CBB641A46DC
:10B420009E466FE7DBF800301978695C08073EF547
:10B4300023AFDBF8042001360133013AB145CBE9F3
:10B44000003208D0002A09DD1A78AA5C1107F0D56D
:10B45000B244FEF711BFCA44FEF70EBFF86C59465E
:10B4600000F092FE0028F3D1DBF80030ECE7106822
:10B470003EE70121002388F80030002E3FF484AC21
:10B480008C427FF681AC306803F08CFF00283FF4DB
:10B490007BAC306078E4CAF800008618B9F1010985
:10B4A0000BD0DBF80420002A12DDDBF80000027864
:10B4B000AA5C130731467FF56CAE324623465646EA
:10B4C000D7F848A0D31A44469A44591C9046D1E76D
:10B4D000F86C594600F058FE0028E6D0EDE77B6A8C
:10B4E00002333FF468AF306805F022FB00283BD1FF
:10B4F0007B6A032BC2447FF449AFD9F80030042B98
:10B500007FF444AF45E7F86C594600F03DFE002853
:10B510003FF456AFFA6B3B6BA646B8F1000F7EF4D2
:10B5200092AB002B7EF4A8AE5AE74FF0000842E73A
:10B53000C146F4E6186840F82260531CBA6B202418
:10B54000D38018E62046D90003F02CFF04460028DB
:10B550003FF43FAEFB6BBA6CD7F8308010605B00F5
:10B5600000EB0906FB6326E7FA6B3B6BA64607F583
:10B57000B87101EB08047546914614F8011DF86C8A
:10B58000FB635A4608F1FF3801F068F8FB6BB8F12D
:10B59000000FF2D1AE464A46002B7EF46DAE1FE797
:10B5A000BB6BBA6C9C801860C5E700BF30B50E4B12
:10B5B0000446186883B00D46134608B1426B32B199
:10B5C0002A46214603B0BDE83040FEF7C9BACDE9AE
:10B5D000000300F0B9FADDE900032A46214603B072
:10B5E000BDE83040FEF7BCBAEC070020936810B508
:10B5F00014461BB918460023636010BD00F022FCFE
:10B600000023A3600023636010BD00BF70B5002954
:10B610003FD006460C4610B1436B002B3CD0636E06
:10B62000B4F90C20DD0732D4900538D521463046D8
:10B6300000F054F8E36A054633B1E16930469847B3
:10B640000028B8BF4FF0FF35A3891A0639D4216B03
:10B6500041B104F14003994202D030460AF0F0FBB8
:10B6600000232363616C21B130460AF0E9FB00231B
:10B67000636400F087FA636E0022DB07A2811CD5A9
:10B68000A06D01F0F9FC00F083FA284670BD002A95
:10B69000CCD10025284670BD00F056FABFE7A06D5A
:10B6A00001F0ECFCB4F90C30002BBFD1636ED9076C
:10B6B000EFD4A06D01F0E4FCEBE7A06D01F0E0FC3D
:10B6C000DEE7216930460AF0BBFBC0E7024B0146CA
:10B6D0001868FFF79BBF00BFEC070020B1F90C20F2
:10B6E0002DE9F04115070C4680464ED4496842F4D6
:10B6F00000630029A38163DDA66A002E42D00021E9
:10B7000012F48052D8F80050C8F8001065D1E169F1
:10B7100001234046B0470246501C6CD0B4F90C30AF
:10B72000A66A590705D56368D21A236B0BB1E36B80
:10B73000D21A0023E1694046B047421CB4F90C30EC
:10B740004DD1D8F800101D2940D8304ACA40D7073B
:10B750003CD52269226023F40062A281DE044FF00E
:10B760000002626001D5002943D0216BC8F8005067
:10B7700041B104F14003994202D040460AF060FB17
:10B78000002323630020BDE8F0810E69002EF9D06C
:10B790000D680E6092070CBF4B690023AD1B8B60D8
:10B7A0000BE02B463246E169676A4046B847B0F184
:10B7B000000CA5EB0C05664406DD002DF1DCE1E78D
:10B7C000E16B002998DCDDE7B4F90C3043F040036D
:10B7D000A3814FF0FF30BDE8F081226DA1E722691F
:10B7E000226023F40062A281DB044FF00002626059
:10B7F000BBD52065B9E7D8F80030002B8ED01D2BC3
:10B8000001D0162BE0D1C8F80050BBE70100402062
:10B8100038B50C46054608B1436B03B3B4F90C00C8
:10B8200088B1636EDB0701D481050FD52846214618
:10B83000FFF754FF636EDA07054602D4A3899B0520
:10B8400008D5284638BD0546284638BDA06D01F00C
:10B8500015FCEBE7A06D01F013FC284638BD00F0A5
:10B8600073F9DBE750B338B5174B1D6804460DB1CB
:10B870006B6BBBB1B4F90C0088B1636EDB0701D40C
:10B88000810513D528462146FFF728FF636EDA07A6
:10B89000054602D4A3899B050CD5284638BD05462C
:10B8A000284638BD284600F04FF9E3E7A06D01F0C7
:10B8B000E5FBE7E7A06D01F0E3FBEEE7034A04498F
:10B8C000044800F031BC00BFEC07002074060020E3
:10B8D00011B80008F007002038B5184B1D68044661
:10B8E0000DB16B6B2BB3636ED80702D4A389990596
:10B8F0001BD56368013B002B63600BDB23685A1C7C
:10B9000022601D78636EDA0702D4A3899B0507D5F0
:10B91000284638BD2846214600F0B0FC0546F1E730
:10B92000A06D01F0ADFB284638BDA06D01F0A6FB6F
:10B93000DFE7284600F008F9D5E700BFEC07002054
:10B94000024A0349034800F0EFBB00BF7406002021
:10B950000DB60008F00700200C4B4168994210B565
:10B96000044601D0FFF752FEA168094B994202D06C
:10B970002046FFF74BFEE168064B994204D0204673
:10B98000BDE81040FFF742BE10BD00BF3C2C0020B8
:10B99000A42C00200C2D00202DE9F843314A324C14
:10B9A0003249DFF8DC90DFF8DC80314F1160002590
:10B9B00004232946082204F15C00C4E903352D4E16
:10B9C000A560C4E90055C4E90555656601F08AF92A
:10B9D00004F15800C4E90749C4E90987E66201F0A7
:10B9E00049FB2946244B6367082204F1C400C4E9DB
:10B9F0001A55C4E91E552567C4F8CC50C4F88050C8
:10BA000001F070F904F1680304F1C000C4F8843057
:10BA1000C4E92298C4E9247601F02CFB174BC4F842
:10BA2000DC30294604F596700822C4E93455C4E98F
:10BA30003855C4F8D850C4F83451C4F8E85001F06F
:10BA400051F904F1D003C4E93D87C4F8F09004F53E
:10BA50009470C4F8FC60C4F8EC30BDE8F84301F021
:10BA600009BB00BF742D00203C2C002041B9000808
:10BA7000BDC50008E1C50008090001001200020070
:10BA800059C500087DC50008F8B506462A4801F0EA
:10BA9000F5FA2A4B1B68002B43D0294FD7E9013414
:10BAA000013B04D524E05A1C04F1680420D0B4F909
:10BAB0000C50013B002DF6D1224BE36004F15800FD
:10BAC000656601F0D7FA1C4801F0DAFAC4E90155BD
:10BAD000C4E9045508222560A561294604F15C00EB
:10BAE00001F000F9C4E90C55C4E911552046F8BD30
:10BAF0003D680DB12F46D1E74FF4D67130460AF0BC
:10BB00009BF9044680B10423C0E900530C30294658
:10BB1000A0604FF4D072254601F0E4F83C602F4657
:10BB2000BCE7FFF739FFB8E703483C6001F0A8FA2B
:10BB30000C233360DAE700BF7C2D0020742D002039
:10BB4000740600200100FFFF10B504460A4801F00A
:10BB500095FA636B23B9094B094A1B68626323B1E9
:10BB6000BDE81040044801F08BBAFFF715FFBDE8AF
:10BB70001040014801F084BA7C2D0020742D002073
:10BB800059B90008014801F079BA00BF7C2D0020A6
:10BB9000014801F075BA00BF7C2D0020F0B51446B5
:10BBA00083B00F4601AA2146064607F0C7F90028D0
:10BBB00035D005463046FFF767FF044600282ED0F3
:10BBC0003946019A4FF4DB73304601F0E3F9071E62
:10BBD0001CDB636EDB0702D4A38998052DD51B4BB4
:10BBE0001B4AE781C4E907431A4B2DB2C4E9092374
:10BBF000E905194BA581E36215D4636EDA0702D417
:10BC0000A3899B051DD5204603B0F0BDFFF7BAFF01
:10BC10000023A06DA38101F02FFAFFF7B9FF0024E4
:10BC2000204603B0F0BD022300222146304600F03A
:10BC300007F9636EDA07E6D4E2E7A06D01F01EFAB9
:10BC4000CDE7A06D01F01CFADDE700BF59C5000883
:10BC50007DC50008BDC50008E1C5000810B4044C4E
:10BC600003460A4620685DF8044B1946FFF796BF65
:10BC7000EC0700202DE9F04F85B0994602FB03F355
:10BC80000E9C0193002B50D0934606460D4610B1F2
:10BC9000436B002B64D0636EB4F90C2013F00101E8
:10BCA00047D112F400774BD0900455D442F400529F
:10BCB00023F40053A2816366D4F804A0A289019FF3
:10BCC000BAF1000FB7BF0023534663609A4692074C
:10BCD00049D4B04656460FE001F002FC23683344D5
:10BCE0002146236040463544A7EB060A00F04CFA93
:10BCF000002876D166685746BE42216832462846FB
:10BD0000EAD33A4601F0ECFBD4E90032D21B1F44DF
:10BD1000C4E90072636ECDF80490DA0705D4A389F4
:10BD20009B0502D4A06D01F0ABF9019805B0BDE808
:10BD3000F08F9104BAD59F04BED500230193F4E798
:10BD4000A06D01F09BF9B4F90C20636E9004ADD5A1
:10BD50009904B1D50197E0E79F04ADD50191DEE7E5
:10BD6000FFF7F2FE97E79F423A46216828BF1A463E
:10BD70002846904601F0B4FB2368216B43442360BE
:10BD80006368A3EB08036360A7EB080751B1002FBA
:10BD90003AD004F14003994202D030460AF050F8FC
:10BDA00000232363CDE902B945444FF0000A4FB3A5
:10BDB000D4F810B0D4F80080D4F814902560C4E909
:10BDC00004572146304600F0DFF96368C4F800806C
:10BDD000C4E904B91D44C4F804A0FA1AC0B917464E
:10BDE000E5E7626ED007B24602D4A289910523D559
:10BDF000019B5344DB1BB3FBFBF30193019805B09C
:10BE0000BDE8F08FDDF80C90636ECDF8049084E708
:10BE1000626EDDF808B0D60707D4A289950504D470
:10BE2000A06D029301F02CF9029B019A1344DB1BD5
:10BE3000B3FBFBF3019378E7A06D01F021F9D7E79D
:10BE400000F058BD9368002B00F0B6802DE9F04F4C
:10BE5000B1F90CC01CF0080F83B0174680460C46A1
:10BE600027D00B692BB31CF002033D682DD04FF097
:10BE7000000ADFF8B0B25646B9465E453346524630
:10BE800028BF5B464046002E00F08580E169676A66
:10BE9000B847002840F38880D9F808301B1A82443C
:10BEA000361AC9F80830002BE7D1002003B0BDE8EE
:10BEB000F08F2146404600F09FFC002879D1B4F96C
:10BEC0000CC03D681CF00203D1D11CF0010975D1F2
:10BED0004E460097002E5AD01CF4007F2068D4F8FC
:10BEE00008B000F0B180B3455A4600F2DF801CF480
:10BEF000906F32D023696269A0EB030A02EB420221
:10BF000002EBD2720AF1010152103144914292BF08
:10BF100093468B460A461CF4806F00F0E58011467C
:10BF2000404609F089FF002800F0F580524621695B
:10BF3000019001F0D5FAA289019B22F4906242F0AF
:10BF40008002A28103EB0A002361ABEB0A03C4F871
:10BF500014B0A3602060B34632464946019200F017
:10BF600045FEA368019AA3EB0B012368A16013446B
:10BF7000B24623600026009A9368A3EB0A03D144DB
:10BF80009360002B91D0B4F90CC0002EA4D1D5E958
:10BF9000009608359EE7D5E900A608356DE72146ED
:10BFA0004046FFF735FC70B3B4F90C3043F0400362
:10BFB000A3814FF0FF3079E7002070471E46BA4654
:10BFC0009946184600951F465EB3002831D04A4670
:10BFD000D4E904132068B24228BF3246884204D90B
:10BFE000A16803EB010B5A4570DC934261DCE16907
:10BFF000656A3A464046A847B0F1000BD4DDB9EB7C
:10C000000B09CCD00120DAF80830A3EB0B035F4416
:10C01000A6EB0B06CAF80830002B3FF446AF002E03
:10C02000D3D1009A5668134608320092002EF8D0F9
:10C030001F6832460A21384601F002FA002867D00C
:10C040000130A0EB0709C2E72369834216D3626976
:10C05000B24213D86FF00043B34228BF3346E169C0
:10C0600093FBF2F3676A02FB03F340464A46B84784
:10C07000B0F1000A98DDA6EB0A067CE7B345DA4684
:10C0800028BFB2465246494600F0B0FDA368226878
:10C09000A3EB0A035244A3602260002BEBD121469C
:10C0A0004046FFF7B5FB0028E5D07DE7B3463246B2
:10C0B00053E73946019200F099FD019AA3689B1A53
:10C0C000A360236813442360934698E739465A4691
:10C0D00000F08CFD23685B44236021464046FFF757
:10C0E00097FB00288BD05FE71946404609F0A6FE73
:10C0F000034600287FF426AF2169404609F0A0FEE0
:10C10000B4F90C300C22C8F8002023F080034DE76E
:10C11000721C91465CE70C22B4F90C30C8F8002080
:10C1200044E700BF00FCFF7F2DE9F843074688463F
:10C1300016464FF00009D6E90154013D10D4A389F9
:10C14000012B08D9B4F90E3001332146384602D00C
:10C15000C04749EA0009013D6B1C04F16804EED1B7
:10C160003668002EE7D14846BDE8F8838B8903F096
:10C170000903092B01D000207047024B1868FFF714
:10C1800047BB00BFEC07002070B50C46054610B158
:10C19000436B002B56D0B4F90C3000229E0662602F
:10C1A0005DD4580719D4D9065CD51A0739D443F0A1
:10C1B0000403A3812369002B3FD0B4F90C60B307BB
:10C1C0001ED12269266A6369E16922602846B04768
:10C1D0000028606039DD002070BD216B0029E9D0A6
:10C1E00004F14003994202D0284609F029FEE36B8E
:10C1F000636000222263002BDCD0A36B2360EAE79C
:10C200000123A3811A4A1B491B48FFF78DFF06F043
:10C210000903092BA681D4D121462846FFF75EFAEF
:10C22000CFE721462846FFF7F3FAC0B9B4F90C303E
:10C23000A06023F00803A061B9E72146284606F074
:10C24000BBFEBAE7FFF780FCA5E7B4F90C3017BFD7
:10C25000002243F0200343F040036260A3814FF0CB
:10C26000FF3070BD092243F040032A60A381F6E746
:10C27000740600206DC10008F007002038B50C4698
:10C28000054608B1436BE3B1B4F90C30626E990412
:10C2900012D443F4005322F40052A3816266214673
:10C2A0002846FFF771FF48B9D4E90023511C013B30
:10C2B000C4E90013107838BD9304F0D54FF0FF3077
:10C2C00038BDFFF741FCDFE770B50C785E2C864681
:10C2D00024D00023481C9C46002263F3070263F32A
:10C2E0000F2263F3174263F31F620EF580717346EA
:10C2F00043F8042B8B42FBD174B18CF001010EF892
:10C300000410451C15F8013C2D2B0ED05D2B0AD0D6
:10C310001BB11C462846F2E7013870BD01234C785A
:10C32000881C9C46D8E7284670BD90F801C0BCF137
:10C330005D0FEED06445ECDC661C02300EEB0602AD
:10C3400002F8011BA2EB0E03013B9C45F8DCACEBB1
:10C350000403013B6445A8BF002302359C19D1E7C3
:10C36000B1FA81F252094FF48063520000F000B834
:10C370002DE9F041664CD4F8008084B004460E46A6
:10C3800017461D46B8F1000F04D0D8F83430002B02
:10C3900000F0A680022F05D0012F00F2A580002D0D
:10C3A000C0F2A280636EDB073DD521464046FFF711
:10C3B0002FFA216B41B104F14003994202D040466B
:10C3C00009F03EFD00232363B4F90C300022190666
:10C3D000A261626057D423F44A6323F00303022F5F
:10C3E000A3815DD003AB02AA2146404606F04CFE75
:10C3F000A3891843A081EDB1EEB1D8F8343043B32E
:10C40000029AB4F90C30AA421CBF43F40063A38122
:10C41000012F22D01807C4E90465266027D5D90763
:10C4200053D4A56025E0A3899805BED4A06D00F083
:10C4300025FEBAE7029D2846FBF778F90646002854
:10C4400055D0A38943F08003A381D8F83430002B62
:10C45000D6D14046FFF778FBD2E743F00102C4E9AA
:10C46000046512B226601E07A2812FD41346002253
:10C47000A260626ED20701D49B052DD50025284607
:10C4800004B0BDE8F0812169404609F0D9FCB4F957
:10C490000C3023F44A6323F00303022FA381A1D1BC
:10C4A000002543F00201A181002104F14302A160B3
:10C4B0000121C4E904212260626ED207DFD49F0506
:10C4C000DDD4A06D00F0DCFDD9E71A4600236D42F3
:10C4D000A360A5611346CCE7A06D00F0D1FDCDE7C8
:10C4E0004046FFF731FB55E74FF0FF35C7E7029BAA
:10C4F000AB4208D018460193FBF718F9019B06469A
:10C500001D4600289DD1B4F90C304FF0FF35C8E727
:10C51000EC0700200EB430B59CB06FF000411FABAB
:10C52000049107910A4953F8042B029000240690C5
:10C53000084D0868019302A905951B9404F0D8FBE7
:10C54000029B1C701CB0BDE8304003B0704700BFB8
:10C55000EC0700200802FFFF10B50C46B1F90E10E1
:10C5600000F02EFD002803DB236D0344236510BD7E
:10C57000A38923F48053A38110BD00BF2DE9F041AE
:10C580000C46B1F90C101F46CB05054616460BD4D8
:10C5900021F48051A1813B46B4F90E103246284661
:10C5A000BDE8F04100F022BDB4F90E1002230022D4
:10C5B00000F0DAFCB4F90C10EAE700BF10B50C4645
:10C5C000B1F90E1000F0D0FCB4F90C30421C0EBFD3
:10C5D00023F4805343F480532065A38110BD00BF32
:10C5E000B1F90E1000F098BC01F140032DE9F041C3
:10C5F0000C46096B994214D0666B77003A4609F0F5
:10C600001DFC054630B300EB0608014632464046A5
:10C6100000F066FFC4E90C57C4F800800020BDE8B4
:10C62000F0814FF4806109F007FC98B194F8423032
:10C630004FF48062C4E90C0280F8FF3394F8413073
:10C6400080F8FE3394F8402080F8FD2300F2FD339B
:10C650002360E3E74FF0FF30E1E700BF70B54C1C0B
:10C660003CD00E460546144610B1436B002B74D0E7
:10C67000626EB4F90C30D10701D49A0550D523F07D
:10C6800020025807A28106D4D90670D51B0757D4BB
:10C6900042F00402A281226B6368F6B20AB3626BB5
:10C6A0009A420FDD23685A1E226003F8016C63680A
:10C6B000626E0133D207636002D4A3899B053AD529
:10C6C000304670BD21462846FFF78EFF0028E9D08E
:10C6D000636ED80702D4A38999054CD54FF0FF3675
:10C6E000EEE7626E2069216802F0010228B18842FB
:10C6F00003D211F8010CB04232D0E3632346A163A8
:10C7000004F1400003216163206303F8426F0121BB
:10C71000C4E90031002AD3D1A3899B05D0D40AE013
:10C72000A06D00F0ABFCB4F90C3023F020025807E8
:10C73000A281B0D4A8E7A06D00F0A2FC304670BD85
:10C7400021462846FFF764F80028C1D1B4F90C202F
:10C75000A06022F00802A0619AE7FFF7F5F987E7E9
:10C7600001390133C4E90013002AA9D1A5E7626E9B
:10C77000D207B3D4B0E7A06D00F082FCAEE700BFF3
:10C7800010B51C4C002924689AB02DDB0090049051
:10C790004FF40270ADF80C004FF00000199013D068
:10C7A00001394FF6FF7002910591ADF80E00694610
:10C7B000204604F09DFA421C01DA8B232360009B83
:10C7C00000221A701AB010BD4FF6FF700291059149
:10C7D000ADF80E006946204604F08AFA431C01DADF
:10C7E0008B2323601AB010BD8B2323604FF0FF30E2
:10C7F000F8E700BFEC07002038B53D4B1B68054645
:10C800000C4613B15A6B002A5AD0B4F90C301907F0
:10C810000BD522699AB113F0010221D19B075ABFAF
:10C820006369A360A260002038BDDA0658D55807B6
:10C830001CD4226943F00803A381002AEBD1990597
:10C8400028D5180603F0800124D4D80741D49D07C9
:10C850003CD5A2600029E6D043F04003A38144E028
:10C86000636900225B42A260A361DCE7216B51B1E6
:10C8700004F14002914204D0284609F0E1FAB4F9EB
:10C880000C300022226322690021C4E9002123F038
:10C890002403CFE72146284606F08EFBB4F90C307E
:10C8A000226913F001010FD0616900204942A060A4
:10C8B000A161002AB7D103F080010029B3D0CBE7F2
:10C8C0001846FFF741F9A0E7980700D46169A16015
:10C8D000EFE76069A2604042A0610029A3D0BBE7F6
:10C8E000092243F040032A60A3814FF0FF3038BD96
:10C8F000EC0700202DE9F04F0C4697B090461E46FD
:10C90000054618B1436B002B00F03481626EB4F918
:10C910000C30D70702D4980540F1088103F48473E2
:10C92000B3F5847F00F00D81D4F82890B9F1000FA1
:10C9300000F05381012E56D036F002070FD0636EFF
:10C940001622D9072A6005D4A3899F0502D4A06DB9
:10C9500000F096FB4FF0FF3017B0BDE8F08F226972
:10C96000BA46002A64D0B4F90C3040F61A021342D9
:10C9700007D15A0579D49C4A91455ED043F40063AF
:10C98000A38121462846FEF743FF002840F020817E
:10C99000E169334642462846C847013000F0188115
:10C9A000216B41B104F14003994202D0284609F0BD
:10C9B00047FA00232363A3892269002123F4026339
:10C9C000C4E90021A381082204F15C0000F08AF987
:10C9D000636EDA0703D4A3899B0540F1CE80002063
:10C9E00017B0BDE8F08F21462846FEF711FFB4F9D5
:10C9F0000C3013F4805240F08B803346E1692846B6
:10CA0000C847421C18BFB4F90C30074600F0E0805C
:10CA10005E07226940F181806368FF1A236B0BB1C6
:10CA2000E36BFF1AB8444FF0010A0026002A9AD19E
:10CA30002146284606F0C0FA95E7B4F90E10002901
:10CA40009CDB6A46284600F079FAB4F90C300028DD
:10CA500094D1019A02F47042B2F5004F8ED143F4A2
:10CA60008063A3814FF48063E364002E6ED1C346DC
:10CA7000BAF1000F79D1A389D80440F18980206DE3
:10CA80006268216B871A00297BD0E36BFF1A174479
:10CA90002069A26B121ABF1A1344BB4502DBFA18B5
:10CAA0005A457ED8E76CE1697F4207EA0B0700230D
:10CAB0003A462846C84701303FF463AF2369216BEB
:10CAC00023600023636041B104F14003994202D026
:10CAD000284609F0B5F900232363A389BBEB070BB4
:10CAE00023F02003A38110D021462846FFF74CFBFA
:10CAF00000287FF446AF63685B45FFF442AF2268CD
:10CB0000A3EB0B035A44C4E90023082200215BE78E
:10CB10005E07276D22693FF57FAF180782D523682E
:10CB2000002B3FF47FAF9B1A1F447BE7A06D00F002
:10CB3000A5FAB4F90C3003F48473B3F5847F7FF461
:10CB4000F3AE21462846FEF763FEEDE6B4F90E107B
:10CB50006A46284600F0F2F900287FF412AF049BE1
:10CB600008EB030BBAF1000F85D0216B626841B16D
:10CB7000E36B8CE7FEF7E8FFC8E6A06D00F080FAF3
:10CB80002DE7236820691B1AFF1A0021134484E74C
:10CB9000E169524601232846C847411C7FF470AF23
:10CBA000EFE6ABEB07073844DB1BC4E9000341B1F8
:10CBB00004F14003994202D0284609F041F90023CC
:10CBC0002363A38923F020030822A3810021FBE62D
:10CBD000636EDB073FF5BEAEB6E6636E1D22D90776
:10CBE0002A603FF5B7AEAFE6BDC5000888420DD953
:10CBF0008B1883420AD900EB020C5AB3624613F831
:10CC000001CD02F801CD9942F9D170470F2A0DD814
:10CC100002F1FF3CF2B10CF1010C431E8C4411F8FF
:10CC2000012B03F8012F6145F9D1704740EA010358
:10CC30009B07F0B50C460ED002F1FF3C03460CF109
:10CC4000010C013B8C4411F8012B03F8012F6145C5
:10CC5000F9D1F0BD7047A2F1100525F00F0501F1E3
:10CC6000200E01F11003AE4400F1100C53F8106CCB
:10CC70004CF8106C53F80C6C4CF80C6C53F8086CB6
:10CC80004CF8086C53F8046C4CF8046C1033734582
:10CC90000CF1100CEAD101EB050C0CF1100105446C
:10CCA00012F00C0F05F110038E4602F00F0517D09D
:10CCB000043D25F00305AC440CF1140C041B0F6873
:10CCC0000E19043161453760F9D12C1D04EB0E01BA
:10CCD000234402F0030202F1FF3C002AAFD1F0BD71
:10CCE0002A46F8E7830730B546D08418844604E026
:10CCF00003F8011B9D0704D09C46A4456346F7D169
:10CD000030BD013A0244A2EB0C02032A29D9CCB26D
:10CD100004EB04240F2A04EB04442FD9A2F1100CD5
:10CD20002CF00F0C03F11005AC44C3E90044C3E937
:10CD3000024410336345F8D112F00C0F02F00F0ECD
:10CD400018D02EF0030C9C44AEF104051A4642F8AC
:10CD5000044B6245FBD125F0030404330EF00302BB
:10CD60002344002ACCD0C9B21A4403F8011B9342D1
:10CD7000FBD130BD7246F4E70346C6E79646E0E7CE
:10CD80008AB330B540EA0104A40786460B4617D1A2
:10CD9000032A07D814E0043A23D01CF0803F20D1A6
:10CDA000032A26D9DEF80040194653F8045BA4F1A3
:10CDB000013CAC4270462CEA040C0EF1040EEAD0A1
:10CDC00003780C78013AA34208BF121807D00CE090
:10CDD0006BB110F8013F11F8014FA34205D1904209
:10CDE000F6D1002030BD10467047181B30BD1846E4
:10CDF00030BD70461946E3E740EA01039B0710B5D2
:10CE000001D1032A17D8844601F1FF3E07E01EF83E
:10CE1000011F03F8011B541E29B19C46224663469C
:10CE2000002AF4D110BD9444002CFBD003F8011B60
:10CE30006345FBD110BD8E468446DEF80040A4F168
:10CE4000013323EA040313F0803F71460EF1040E10
:10CE5000DAD1043A032A4CF8044BEED87146D3E7F2
:10CE600030B40478A4B10D7884467DB10A462B46CF
:10CE700002E012F8013F2BB19C42FAD11CF8014F9D
:10CE8000002CF3D1ACEB000030BC70472846FBE728
:10CE90002046F9E740EA01039B0730B4044602D17B
:10CEA000032A0D460FD8013907E011F8013F00F8B9
:10CEB000013B551ECBB12A4604462046002AF4D138
:10CEC000204630BC70472868A0F1013323EA0003F4
:10CED00013F0803F294605F10405E4D1043A032A02
:10CEE00044F8040BEFD82946DDE735B1224401466A
:10CEF00001F8013B9142FBD12844002CE0D130BC29
:10CF0000704700BF014B93F828017047800600204E
:10CF1000004870477007002038B5074D00220446CE
:10CF200008462A60F6F7A8F9431C00D038BD2B68E4
:10CF3000002BFBD0236038BD782D002070B50C4647
:10CF4000084D03460026204611461C462E60F6F783
:10CF500058FA431C00D070BD2B68002BFBD0236017
:10CF600070BD00BF782D002038B50D46084C8446B2
:10CF7000114628461A46002323606546F6F721FA33
:10CF8000431C00D038BD2368002BFBD02B6038BD7C
:10CF9000782D002038B50D46084C844611462846A9
:10CFA0001A46002323606546F6F7FAFA431C00D0C0
:10CFB00038BD2368002BFBD02B6038BD782D0020B6
:10CFC00038B50D46084C8446114628461A460023BB
:10CFD00023606546F6F798F9431C00D038BD2368F6
:10CFE000002BFBD02B6038BD782D002038B50D46C6
:10CFF000084C8446114628461A460023236065469D
:10D00000F6F756F9431C00D038BD2368002BFBD03F
:10D010002B6038BD782D0020014B1868704700BF89
:10D02000EC07002070B50F4B0F4DAB42A3EB05068C
:10D0300007D0B610002455F8043B01349847A642A7
:10D04000F9D809F01BFD094D094B5E1BAB424FEAB5
:10D05000A60606D0002455F8043B01349847A642A2
:10D06000F9D870BD400D0020400D0020400D00207B
:10D07000640D0020704700BF704700BF704700BFBD
:10D08000704700BF0000000000000000000000002A
:10D090000000000000000000000000000000000090
:10D0A00002780B78012A28BF9A4240F0D8806DE9B7
:10D0B000044540EA0104CDE902676FF0000C4FEA35
:10D0C00044721AB380EA010414F0070F6BD100F028
:10D0D000070420F0070004F0030521F007014FEAE0
:10D0E000C505F0E8042314F0040FF1E804670CFA16
:10D0F00005F462EA040266EA04060BD063EA04035C
:10D10000624667EA0407664604E000BFF0E80423CD
:10D11000F1E8046782FA4CF582EA0604A4FA8CF47A
:10D120006CBB83FA4CF583EA0705A5FA8CF595B933
:10D1300050E9022351E9026782FA4CF582EA0604BB
:10D14000A4FA8CF483FA4CF583EA0705A5FA8CF56A
:10D150002543DBD09CB92DBAB5FA85F424F0070439
:10D1600027FA04F1DDE9026723FA04F303F0FF0074
:10D1700001F0FF01FDE80445A0EB0100704724BA6F
:10D18000B4FA84F424F0070426FA04F1DDE9026716
:10D1900022FA04F202F0FF0001F0FF01FDE804456D
:10D1A000A0EB0100704714F0030F3CD110F0030412
:10D1B00028D150F8082B51F8083B82FA4CF582EA46
:10D1C0000305A5FA8CF55DB950F8042C51F8043C20
:10D1D00082FA4CF582EA0305A5FA8CF5002DE8D019
:10D1E0002DBAB5FA85F424F0070423FA04F122FAE3
:10D1F00004F202F0FF0001F0FF01FDE80445A0EB9E
:10D20000010070474FEAC40420F0030050F8082BD7
:10D2100021F0030151F8083B0CFA04F462EA04021D
:10D2200063EA0403C9E710F003041DD0A1EB040175
:10D2300020F00300E40750F8042B06D012D28B78BC
:10D240005FFAA2F4E41A06D12BB1CB785FFAB2F4FC
:10D25000E41A00D133B920465DF8104B7047A2EBB9
:10D260000300704701F1040150F8042BCC0721F0B2
:10D27000030151F8043B48D824D222F07F4482FABB
:10D280004CF594EA1325A5FA8CF50AD165B951F845
:10D29000043B84EA0204B4EB036F0ED150F8042B74
:10D2A000EBE74FEA132355E035F07F454DD1087881
:10D2B000FDE80445C0F1000070474FEA126203F038
:10D2C000FF0347E002EA1C4482FA4CF594EA134556
:10D2D000A5FA8CF50AD165B951F8043B84EA020439
:10D2E000B4EB034F0CD150F8042BEBE74FEA134398
:10D2F00030E015EA1C4528D10B884FEA124229E09C
:10D300004FEA124203EA1C4324E002F0FF0482FACF
:10D310004CF594EA1365A5FA8CF50AD165B951F874
:10D32000043B84EA0204B4EB032F09D150F8042B28
:10D33000EBE74FEA13630DE015F0FF0F05D10B6823
:10D340004FEA122223F07F4304E04FF00000FDE893
:10D350000445704712BA1BBA82FA4CF482EA0304FD
:10D36000A4FA8CF5B5FA85F402FA04F203FA04F390
:10D370004FEA1260FDE80445A0EB1360704700BF60
:10D3800080EA0102844612F0030F4FD111F0030F1F
:10D3900032D14DF8044D11F0040F51F8043B0BD07D
:10D3A000A3F101329A4312F0803F04BF4CF8043BD2
:10D3B00051F8043B16D100BF51F8044BA3F10132E0
:10D3C0009A4312F0803FA4F101320BD14CF8043B98
:10D3D000A24312F0803F04BF51F8043B4CF8044BC9
:10D3E000EAD023460CF8013B13F0FF0F4FEA33233A
:10D3F000F8D15DF8044B704711F0010F06D011F819
:10D40000012B0CF8012B002A08BF704711F0020F06
:10D41000BFD031F8022B12F0FF0F16BF2CF8022BF1
:10D420008CF8002012F47F4FB3D1704711F8012B14
:10D430000CF8012B002AF9D1704700BF0000000052
:10D4400001F0FF01102A2BDB10F0070F08D010F8B5
:10D45000013B013A8B422DD010F0070F42B3F6D1B9
:10D46000F0B441EA012141EA014122F007047FF0D2
:10D4700000070023F0E80256083C85EA010586EA29
:10D48000010685FA47F5A3FA87F586FA47F6A5FA65
:10D4900087F68EB9EED1F0BC01F0FF0102F0070271
:10D4A00032B110F8013B013A83EA010313B1F8D11C
:10D4B0000020704701387047002D06BF35460338FD
:10D4C000073815F0010F07D1013015F4807F02BF36
:10D4D000013015F4C03F0130F0BC0138704700BF87
:10D4E000844641EA000313F003036DD1403A41D36F
:10D4F00051F8043B40F8043B51F8043B40F8043B2E
:10D5000051F8043B40F8043B51F8043B40F8043B1D
:10D5100051F8043B40F8043B51F8043B40F8043B0D
:10D5200051F8043B40F8043B51F8043B40F8043BFD
:10D5300051F8043B40F8043B51F8043B40F8043BED
:10D5400051F8043B40F8043B51F8043B40F8043BDD
:10D5500051F8043B40F8043B51F8043B40F8043BCD
:10D5600051F8043B40F8043B51F8043B40F8043BBD
:10D57000403ABDD2303211D351F8043B40F8043B5D
:10D5800051F8043B40F8043B51F8043B40F8043B9D
:10D5900051F8043B40F8043B103AEDD20C3205D36D
:10D5A00051F8043B40F8043B043AF9D2043208D065
:10D5B000D2071CBF11F8013B00F8013B01D30B88D7
:10D5C00003806046704700BF082A13D38B078DD0B5
:10D5D00010F003038AD0C3F10403D21ADB071CBF87
:10D5E00011F8013B00F8013B80D331F8023B20F8F1
:10D5F000023B7BE7043AD9D3013A11F8013B00F82A
:10D60000013BF9D20B7803704B7843708B788370B1
:10D6100060467047000000000000000000000000AD
:10D6200000000000000000000000000000000000FA
:10D6300000000000000000000000000000000000EA
:10D6400030B490F800F020F007016FF0000C10F0FB
:10D65000070491F820F040F048804FF000046FF08C
:10D660000700D1E9002391F840F000F1080082FAA8
:10D670004CF2A4FA8CF283FA4CF3A2FA8CF34BBB73
:10D68000D1E9022382FA4CF200F10800A4FA8CF2EC
:10D6900083FA4CF3A2FA8CF3E3B9D1E9042382FABA
:10D6A0004CF200F10800A4FA8CF283FA4CF3A2FACF
:10D6B0008CF37BB9D1E9062301F1200182FA4CF207
:10D6C00000F10800A4FA8CF283FA4CF3A2FA8CF36E
:10D6D000002BC6D0002A04BF04301A4612BAB2FA90
:10D6E00082F200EBD20030BC7047D1E9002304F095
:10D6F0000305C4F100004FEAC50514F0040F91F8CA
:10D7000040F00CFA05F562EA05021CBF63EA050366
:10D7100062464FF00004AAE7004870470000C07F4F
:10D72000DFF860C0F8B521F00043002763450446E8
:10D730000D461646176020D8844653EA0C0C1CD0C0
:10D74000DFF844C001EA0C0C0A46BCF1000F09D115
:10D750000B4B002207F02CFE6FF0350704460A46FB
:10D7600021F000431B156FF31E52A3F2FE3342F06B
:10D770007F553B4445F40015336020462946F8BDEB
:10D7800000005043FFFFEF7F0000F07F2DE9F04FD6
:10D7900003690C69A34283B0C0F28A80013C01F1A5
:10D7A000140500F1140855F8243058F824200133EA
:10D7B0009A428E4681464FEA840105EB840708EBC6
:10D7C000840AB2FBF3F63AD3CDE900150022AC4649
:10D7D000404613465CF8041B05681FFA81FB06FBF4
:10D7E0000B22090C4FEA124B06FB01BB92B2A9B205
:10D7F000891A19441FFA8BF3C3EB214303EB15433A
:10D8000089B241EA0341674540F8041B4FEA1B42D5
:10D810004FEA2343DED2DDE9001558F8013073B931
:10D82000AAF1040AD04504D307E0D04504F1FF343F
:10D8300003D25AF80439002BF7D0C9F810407146CA
:10D84000484601F067FB00282EDB4146002255F8D0
:10D85000040BD1F800C01FFA80FE1FFA8CF3A3EB73
:10D860000E031344020CC2EB234202EB1C429BB298
:10D8700043EA0243AF4241F8043B4FEA2242E6D278
:10D8800058F8242008EB84036AB9043B434504D8C4
:10D8900007E0984504F1FF3403D253F80429002A25
:10D8A000F7D0C9F810400136304603B0BDE8F08F1C
:10D8B000002003B0BDE8F08F2DE9F04F816B9FB0E1
:10D8C00016461F46CDE904672B9D044641B1C26B45
:10D8D0004A60012393408B6001F046F80023A36364
:10D8E000B7F10009B4BF012300232B60B44BBCBFC8
:10D8F00029F00049CDF8149033EA090300F0A38021
:10D900009DED047B002251EC170B00238DED027B73
:10D9100007F0B6FF824668B12A9A012313602C9B58
:10D9200013B12C9AA74B1360A74B079307981FB00E
:10D93000BDE8F08F1CAB01931DAB00932046DDE9E1
:10D94000022301F049FC5FEA1955DDF87080099067
:10D9500040F08F801D9D454405F23243202B40F35B
:10D960002E82C3F1400309FA03F905F2124326FAA5
:10D9700003F349EA030007F0A1FC0122013DA1F1F4
:10D98000F873109219460022904B07F059FB86A3BA
:10D99000D3E9002307F00CFD85A3D3E9002307F0AA
:10D9A00051FB064628460F4607F098FC82A3D3E9B0
:10D9B000002307F0FDFC02460B463046394607F0CF
:10D9C00041FB06460F4607F0A3FF00228146089060
:10D9D00000233046394607F05DFF002840F01581EE
:10D9E000A8EB0508089D162D08F1FF3B00F2F88012
:10D9F000774B03EBC503D3E90023DDE9020107F010
:10DA000049FF002840F0D581B8F1000F40F385852B
:10DA10000D90AB440C950A9000230B93289B092B87
:10DA20003BD8052BC4BF043B2893289BA3F10203DA
:10DA3000CCBF00250125032B31D8DFE813F0EC0221
:10DA4000E902DE02C9012A9AC9F3130942F20F73EF
:10DA500059EA0609136019D12C9B002B00F0398775
:10DA60005C4B079308332C9A079813601FB0BDE8EE
:10DA7000F08FDDE90201C1F3130343F07F53A5F2F8
:10DA8000FF35CDF840A043F440137BE72C9B002BDF
:10DA900040F09A81504B079348E7002328930025D4
:10DAA000E5632946204600F039FF0790002800F082
:10DAB000AB86079BA3631D9B002BC0F2B480089A22
:10DAC0000E2A00F3B080424B03EBC20393ED007BC0
:10DAD000DDE9028957EC176B404632463B46494622
:10DAE0008DED047B07F08EFD07F012FF054607F071
:10DAF000F5FB32463B4607F05BFC0B4602464946C7
:10DB0000404607F09DFA05F13003079D05F8013BFB
:10DB10004FF0FF3A02944FF001095446DDE904AB9F
:10DB20001DE052465B463046394607F06BFD07F074
:10DB3000EFFE804607F0D2FB52465B4607F038FC0A
:10DB400009F101090B4602463946304607F078FADA
:10DB500008F13003A14505F8013B00F03B851F4B60
:10DB6000002207F025FC0022002306460F4607F09E
:10DB700087FE0028D5D0089F029C0137AB46099943
:10DB8000204600F0F1FE00238BF800302A9B1F6036
:10DB90002C9B002B3FF4CAAE0798C3F800B01FB00F
:10DBA000BDE8F08FAFF3008061436F63A787D23F7A
:10DBB000B3C8608B288AC63FFB799F501344D33F7C
:10DBC0000000F07F6D8A01086C8A01080000F83FB0
:10DBD000E08C0108C08A0108CC8A010800002440BA
:10DBE00001230D93BBF1000FC0F2DD8000230A93E7
:10DBF000089B002B80F2D4800A9A089BD21A5B42C1
:10DC00000B9300230A920C9308E7484607F066FB43
:10DC100032463B4607F034FE00287FF4E1AE09F1BE
:10DC2000FF330893DCE64FF0FF3A2995CDF850A07A
:10DC3000109A002A40F0F2811C9B0B9FC3F136031F
:10DC40000A9A01212046D5189B4400F0ABFF0A9A9E
:10DC50000646002A40F07B830B9B002B00F0F083EC
:10DC6000002F40F0D4830B9A0999204601F07EF8EA
:10DC7000012309900B930121204600F093FF0C9B98
:10DC80000290002B40F00283289B012B40F38583F8
:10DC90000120584410F01F0000F0C881C0F120039B
:10DCA000042B40F393830A9BC0F11C0003440544FA
:10DCB0000A938344002D05DD09992A46204601F088
:10DCC000B5F80990BBF1000F05DD02995A462046D0
:10DCD00001F0ACF802900D9B002B40F0ED82BAF100
:10DCE000000F40F3AE820B9B002B40F0FB81089F9E
:10DCF0000137DDF81C80DDF824B0DDF8089001253F
:10DD000007E0594600230A22204600F037FE01357D
:10DD1000834649465846FFF739FD554500F1300026
:10DD200008F8010BEDDB079BCDF824B0BAF1000F2A
:10DD30000AF1FF3503F10102D8BF002505EB020A05
:10DD40008146002509990122204601F06FF80299C9
:10DD5000099001F0DFF8002840F37583079A02E08C
:10DD6000924500F07B83D3460AF1FF3A1BF8013C51
:10DD7000392BF5D001338AF800300299204600F0A3
:10DD8000F3FD002E3FF4FBAE2DB1B54203D0294682
:10DD9000204600F0E9FD3146204600F0E5FDEEE6C4
:10DDA0009B440C9338E6C8F101030A934FF0000B33
:10DDB0001EE7089B013B089300230D9312E7C3F174
:10DDC000200306FA03F0D6E5B74B079303334AE680
:10DDD00001231293299B089A134403F1010A564622
:10DDE000012E1493B8BF0126172E40F3628501223D
:10DDF00004235B0003F11400B042114602F101025A
:10DE0000F7D9E163204600F089FD0790002800F073
:10DE1000FB84BAF10E0FA06300F20F81002D00F019
:10DE20000C81089A002A40F34F83A04902F00F03A7
:10DE300001EBC303D105D3E900674FEA221540F196
:10DE4000E7839B4BDDE90201D3E9082307F0DAFB06
:10DE5000CDE90E0105F00F054FF0030985B1DFF89C
:10DE60005082EA0740F1DE8030463946F8E8022366
:10DE700007F09EFA6D1009F1010906460F46F0D130
:10DE8000DDE90E0132463B4607F0BCFBCDE90E0151
:10DE90000D9B53B1DDE90E67864B002230463946B3
:10DEA00007F0F8FC002840F06184484607F016FAB5
:10DEB000DDE90E2307F07CFA7F4B002207F0C2F861
:10DEC0000646A1F15077BAF1000F00F0DA82089B04
:10DED0001B93CDF854A0754B15991A93CDE918678B
:10DEE00003EBC103DDE90E5613ED027B31462846F4
:10DEF0008DED167B07F00CFD00F130035FFA83F81F
:10DF000007F0ECF90B4602463146284607F098F830
:10DF1000079B0F4612995D1C06460E95002900F0DE
:10DF2000AA83DDE916236549002007F06BFBDDE9D4
:10DF3000182307F085F8079B324683F800803B469C
:10DF4000CDE9120107F0C4FC002840F07084DDF830
:10DF50005480CDF858B0CDF854A04FF00009DDE959
:10DF600012AB0E942BE009F10109C14580F2CB817F
:10DF7000534B50465946002207F01AFA504B0022E4
:10DF800082468B463046394607F012FA0F4606465F
:10DF900007F0BEFC044607F0A1F902460B463046E6
:10DFA000394607F04DF8303405F8014B52465B46D0
:10DFB00006460F4607F06EFC002840F037843246D4
:10DFC0003B463C49002007F03BF852465B4607F0D1
:10DFD00061FC0028C7D01B9E0E9C079A013602E008
:10DFE000954200F0F383AB4615F8013D392BF7D08D
:10DFF0000133DBB22B703746C1E501231293299B15
:10E00000002B40F3B381299B14939A461E46EBE6FE
:10E0100000231293DEE600231293F0E70B9F03F236
:10E0200033430DE66D1008F108081AE71C230A9A1D
:10E030001A441D440A929B443CE61D9B002BC0F2EF
:10E040005781089A0E2A00F35381184B1A931A9B92
:10E05000089A03EBC20393ED007B299B002B8DED07
:10E06000047B80F2DC82BAF1000F00F3D88240F02A
:10E070002182144B0022DDE9040107F099F90246E0
:10E080000B46DDE9020107F00FFC5146002840F085
:10E090001282DDF81CB031230BF8013B204600F062
:10E0A00063FC089F02376AE5CC8A0108E08C01080E
:10E0B000B88C01080000F03F00001C400000E03F69
:10E0C0000000244000001440314600230A2220466C
:10E0D00000F054FC149B002B064640F3E083DDF86F
:10E0E00050A008950A9B002B05DD31461A462046B4
:10E0F00000F09CFE06460C9B002B40F05482B0467C
:10E10000079D05F1FF3B0BEB0A030B93049BDDF826
:10E1100024B003F001030C9302995846FFF736FB35
:10E1200031468246584600F0F5FE029907464246BF
:10E13000204600F011FFC3680AF130090146002BA8
:10E1400036D10A90584600F0E5FE0A99099020461B
:10E1500000F00AFC099B002B58D1289B1BB90C9B93
:10E16000002B00F08583002FC0F24B830B9BAA4647
:10E170009D420AF8019B00F07682594600230A224C
:10E18000204600F0FBFB4645834631464FF0000336
:10E190004FF00A02204633D000F0F0FB414606461D
:10E1A00000230A22204600F0E9FB55468046B3E7EB
:10E1B0002046CDF824B000F0D7FB002F06DB049BEF
:10E1C00003F00102289B1F433A432CD109990122F5
:10E1D000204600F02BFE0299099000F09BFE0028DB
:10E1E00040F32A83B9F1390F00F0F3820AF13109C3
:10E1F000AB46089F0BF8019B354601374646BCE508
:10E2000000F0BCFB55460646804685E7002FC0F26D
:10E210000283289A17430C9A174300F0FC82002BC4
:10E22000A4DDCDF824B0B9F1390F00F0D282AB46AD
:10E23000089F09F1010335460BF8013B01374646BB
:10E240009BE5289B022B7FF74EADBAF1000F40F003
:10E250008C81029953460522204600F08FFB01462F
:10E260000290099800F056FE002840F37E81DDF808
:10E270001CB0029931230BF8013B204600F074FBDF
:10E28000089F0237002E7FF486AD78E41A460146D7
:10E29000204600F06BFD289B0290012B40F3768115
:10E2A00000230C93029A136902EB8303186900F0B0
:10E2B0000FFCC0F12000ECE40299099800F02AFE5E
:10E2C0000028BFF60CAD00230999089D0A222046BC
:10E2D00000F054FB0B9B0990013D002B7FF4F4AE42
:10E2E000149B002B40F3D082089FDDF850A000E57E
:10E2F000129A92B90A9B002B6DD10B9B002B7BD1FC
:10E300001D461E46B7E41D9B0E9C002BDDE915AB98
:10E3100003DB089A0E2A7FF79AAE289A012A7FF724
:10E3200087AC0B9B0AF1FF37BB42C0F2FF80BAF10A
:10E33000000FA3EB070780F2A482012120460A9D6B
:10E3400000F030FCA5EB0A080646CDF82880BBF1AA
:10E35000000F7FF781AC0A9A5A451346A8BF5B4667
:10E36000D21AED1A0A92ABEB030B75E40021E163BC
:10E37000204600F0D3FA0790002800F04582079B62
:10E38000A363002D40F0FE801D9B002BC0F269822C
:10E39000012214922992924653E6049B002B7FF4AB
:10E3A00077AC059BC3F31303002B7FF471AC059B83
:10E3B00023F000431B0D1B05002B3FF469AC012328
:10E3C00001350BF1010B0C93184662E43FF472AC7B
:10E3D000C0F13C032BE6BBF1000F00F0B3810A9AB9
:10E3E0000B9E5A451346A8BF5B46D51AABEB030BF1
:10E3F0000A95002E3FF43FAC0B9A0999204600F095
:10E40000B5FC00230A9D09900B931E4633E4314668
:10E410003A46204600F0AAFCDDF8249001464A4620
:10E420000646204600F0ECFB49468046204600F0B8
:10E430009BFA0B9BCDF82480DB1B0B937FF413AC72
:10E4400001230B9317E403D119F0010F7FF486AC7D
:10E45000D3461AF8013D302BFAD08EE4079A3123C7
:10E460000137137089E4484606F038FFDDE90E23D2
:10E4700006F09EFFB74B002206F0E4FD0646A1F130
:10E480005077B54B0022DDE90E0106F0D9FD32468A
:10E490003B468046894607F01BFA002840F0A481DD
:10E4A00040464946324607F1004307F0F3F9002899
:10E4B0003FF4C3AD0021204600F056FA299BDDF859
:10E4C0001CB05F42FFF75BBB00F07881089BA34A5A
:10E4D0005D4205F00F0302EBC303D3E90023DDE93E
:10E4E000020106F065FF2D11CDE90E0100F0DD817E
:10E4F0009B4E4FF00209EB070CD5DDE90E01F6E863
:10E50000022306F055FF6D10CDE90E0109F1010956
:10E51000F1D1BDE46D100836EDE7C8F101030A93AF
:10E52000089B0D909B460C93FFF776BA0B9B0C9AB9
:10E53000FB1A1A440A9B0C920121204603EB0A05A0
:10E5400000F030FB0A9B0B97D3440646002B3FF4A8
:10E550008AAB0A9A5A451346A8BF5B46D21AED1AEF
:10E560000A92ABEB030BFFF77EBB0299204600F04B
:10E57000FBF9299BDDF81CB05F42002E7FF40BAC49
:10E58000FFF7FDBA14952995AA464AE4049B002B8F
:10E590007FF486AEDDE90412C2F31303002B00F012
:10E5A00052810C917EE67168204600F0B7F905466D
:10E5B000002800F08781336902339A0006F10C01CC
:10E5C0000C30FEF78DFF29460122204600F02EFC7C
:10E5D000804695E5029C02460B4606F033FD089FF7
:10E5E000DDE90423013782468B463E4607F070F989
:10E5F00048B9DDE904235046594607F041F920B1F6
:10E6000018F0010F01D0079AEDE4AB46FFF7B7BA57
:10E610009DED027B4FF002098DED0E7B1EE4079B02
:10E6200001330E93DDE90256DDE904232846314625
:10E6300006F0E8FF07F06CF9804606F04FFEDDE9D2
:10E64000042306F0B5FE02460B462846314606F086
:10E65000F7FC079A0E9D08F13003BAF1010F137011
:10E660007FF458AAB7E7089FCDF824B035460137A4
:10E670004646FFF767BBDDE91823DDE9160106F022
:10E6800097FE079B83F80080159B012BCDE91001B5
:10E6900023D0079B159ADDF8388003EB0209314B34
:10E6A00000223046394606F083FE0F46064607F044
:10E6B0002FF9054606F012FE303502460B4630466D
:10E6C000394606F0BDFC08F8015BC84506460F4612
:10E6D000E5D10E9B5D1E159B1D44DDE91089224B83
:10E6E00000224046494606F0ADFC32463B4607F064
:10E6F000D1F8002840F0958042464B461A49002048
:10E7000006F09EFC32463B4607F0E2F880B91D9BBE
:10E71000002BFFF6EFAD089B0E2B3FF7EBAD1A9BDE
:10E72000089A03EBC20797ED007B8DED047B79E738
:10E73000AB46013D1BF8013C302BF9D01B9F013744
:10E74000FFF71DBA0B9E002E7FF456AE0A9DFFF711
:10E7500092BA00BF00001C4000001440E08C010889
:10E76000B88C0108000024400000E03FBAF1000F1F
:10E770003FF479AE149D002D7FF75FAC089B013B01
:10E78000304639461B930022544B06F011FE0246D8
:10E7900016460F4609F10100CDE90E6706F09EFD11
:10E7A00032463B4606F004FE4D4B002206F04AFC82
:10E7B00015950646A1F15077FFF78DBB9DED027BC5
:10E7C0004FF002098DED0E7BFFF762BB013631235E
:10E7D00010E4AA46089F079A392335460AF8013BF8
:10E7E00001374646FFF7BFBADDF81CB031230BF8FE
:10E7F000013B0021204600F0B7F8089F0237FFF7E1
:10E80000BEB9CDF824B0F3E4364B3748002240F2CD
:10E81000AF1104F081FC002BCDF824B03FF7D6AC4B
:10E82000E6E41B9E079A0136FFF7DDBB0E9C1B9F9B
:10E83000AB460137FFF7A3B97FF4DAAC19F0010F4B
:10E840007FF4D0ACD4E4059B23F000431B0D1B05E3
:10E85000002B3FF426AD012301350BF1010B0C9386
:10E8600020E5129B4BBB0123149329939A4641E563
:10E87000B9F1390FCDF824B0ABD0002F3FF7B6ACCB
:10E88000B6E45346FFF7DCB9289A022A03DC089F56
:10E890009A46FFF72EBA0895DDF850A0D5E4289ADD
:10E8A0000895022AF8DC9A461CE44FF00209FFF7AB
:10E8B000EFBA0021E163FFF7A5BA129B29939A46AC
:10E8C00014932EE5074B08482A4640F2EF2104F046
:10E8D00023FC064B0793FFF729B800BF0000244034
:10E8E00000001C40D08A0108E48A0108C08A01089F
:10E8F00082B049B15AB16BB113780B601278101E17
:10E9000018BF012002B0704701A9002AF3D11046B8
:10E9100002B070476FF00100F4E700BF436C70B5C0
:10E9200005460C464BB153F8240080B1026843F809
:10E9300024200023C0E9033370BD2122042107F005
:10E9400081FA034668640028EDD1002070BD0121E2
:10E9500001FA04F6721D9200284607F073FA0028A7
:10E96000F3D0C0E90146E4E731B1436C4A6853F89B
:10E970002200086043F82210704700BF2DE9F041E3
:10E980000D6907460E461C4601F1140E0020DEF804
:10E9900000108BB202FB03434FEA134C090C02FB3D
:10E9A00001CC01309BB203EB0C4385424EF8043B93
:10E9B0004FEA1C44EBDC3CB1B368AB4207DD06EB2D
:10E9C000850301355C6135613046BDE8F0817168D1
:10E9D00038460131FFF7A2FF8046A8B13269023202
:10E9E00006F10C0192000C30FEF77AFD7B6C726828
:10E9F00053F82210316043F82260464606EB850347
:10EA000001355C613561DFE7024B03484246BA21BC
:10EA100004F082FBD08A0108408B01082DE9F843FD
:10EA20001746284A1E4608330C46092E82FB03125D
:10EA30004FEAE3730546C3EB62033ADD4FF0010C86
:10EA400000214FEA4C0C634501F10101F9DC284635
:10EA5000FFF764FF014670B3089B4361092F4FF035
:10EA60000103036112DC0A340927BE420BDDF61BE9
:10EA7000264414F8013B0A22303B2846FFF77EFF6C
:10EA8000B4420146F5D10846BDE8F88304F109080F
:10EA900004EB0709444614F8013B0A22303B2846A0
:10EAA000FFF76CFF4C450146F5D1B844A8F10804C6
:10EAB000DBE70021CBE70A46034B0448D32104F0EF
:10EAC0002BFB00BF398EE338D08A0108408B010848
:10EAD000B0F5803F034636BF030400201020B3F199
:10EAE000807F3CBF1B020830B3F1805F06D3B3F1D7
:10EAF000804F0FD29A0012D4033070471A01B2F13E
:10EB0000804F00F1040006D29B0108D45B00F3D4CF
:10EB1000202070471A46002AFBDB01307047023084
:10EB2000704700BF03685907024607D0D8071DD4B5
:10EB300099072AD55B0813600120704799B279B90B
:10EB40001B0CD9B2A1B11020190701D104301B0947
:10EB5000990712D0D90701D401305B0813607047C0
:10EB6000D9B241B1180718D10420F0E7002070474E
:10EB700018201B0AE8E70820FBE713F0040F4FEA10
:10EB8000930106D002300B46E8E79B081360022091
:10EB90007047DB0804D120207047DB080320DDE745
:10EBA0000330DBE738B5436C04460D464BB158687B
:10EBB000B0B102685A6000220123C0E90323456115
:10EBC00038BD2122042107F03DF903466064002886
:10EBD000EDD1094B0948002240F2451104F09CFA9E
:10EBE0001C220121204607F02DF90028F1D0012236
:10EBF0000223C0E90123DEE7D08A0108408B010827
:10EC00002DE9F04FD1F810801569A84585B00E4662
:10EC1000924605DB2A46534645468A4690461E469E
:10EC2000DAF80830DAF8041005EB0804A342B8BF9C
:10EC30000131FFF773FE8446002800F08C8000F15C
:10EC4000140707EB840E774505D23B46002243F8B4
:10EC5000042B9E45FBD8143606EB88080AF11409EC
:10EC6000464509EB850567D2A5EB0A03153B0AF17A
:10EC7000150A23F00303AA4594BF9B464FF0000BEF
:10EC8000CDF808E00394AE46E24605E0090C2BD12E
:10EC9000B04507F104074CD956F8041B8DB2002D7E
:10ECA000F4D0CC463C46002301965CF8040B216866
:10ECB00086B28AB2000C05FB0622090C1A4405FB39
:10ECC000001101EB124192B242EA0142E64544F8DA
:10ECD000042B4FEA1143E8D807EB0B02019E536067
:10ECE00056F8041C090CD3D03B68002248461D4648
:10ECF0003C469446028801FB02C202EB15429BB2DD
:10ED000043EA024344F8043B50F8043B25684FEAC9
:10ED1000134CABB201FB0C3303EB124386454FEAB5
:10ED2000134CE7D807EB0B02B045536007F104071B
:10ED3000B2D8DDE902E4D446002C02DC05E0013C57
:10ED400003D05EF8043D002BF9D06046CCF81040AB
:10ED500005B0BDE8F08F034B034862464FF4B17134
:10ED600004F0DAF9D08A0108408B010812F003039D
:10ED70002DE9F0411446074632D10E46A4102CD09E
:10ED80003D6C002D35D004F001034FF000086410F5
:10ED90003BB92868B8B1054604F001036410002BA4
:10EDA000F7D02A4631463846FFF72AFF36B17B6C4A
:10EDB000716853F82120326043F8216074B106462F
:10EDC00028680028E7D12A4629463846FFF718FF69
:10EDD0002860C0F800800546DEE73046BDE8F081D7
:10EDE000013B0F4A52F823200023FFF7C7FD0646D8
:10EDF000C4E701213846FFF791FD054640B10123E4
:10EE000040F27122C0E90432002338640360BAE79B
:10EE1000044B05482A4640F2451104F07DF900BF35
:10EE2000A88C0108D08A0108408B01082DE9F04721
:10EE30000C4690462769A368496807EB62177D1C5A
:10EE40009D4206464FEA621904DD5B009D4201F1D6
:10EE50000101FADC3046FFF761FD844600284ED000
:10EE6000B9F1000F00F114000BDD09F105020CEB04
:10EE700082020346002143F8041B9342FBD100EBBE
:10EE80008900216904F1140318F01F0803EB8101C4
:10EE90002DD0C8F1200986464FF0000A1A6802FA00
:10EEA00008F242EA0A024EF8042B53F8042B994266
:10EEB00022FA09FAF2D80B1B153B23F0030304F1E5
:10EEC0001502914238BF0023043340F803A0BAF181
:10EED000000F00D13D46736C6268CCF8105053F8B7
:10EEE00022102160604643F82240BDE8F0870438D4
:10EEF00053F8042B40F8042F9942F9D8EAE7034B62
:10EF0000034862464FF4EF7104F006F9D08A010815
:10EF1000408B01080B6984460069C01A16D10CF1B8
:10EF2000140C14310CEB830210B401EB830301E0E9
:10EF3000944508D252F8044D53F8041D8C42F7D082
:10EF400005D24FF0FF305DF8044B70477047012049
:10EF50005DF8044B704700BF2DE9F04F13690E694F
:10EF6000F61A002E83B08946154614D101F1140714
:10EF700002F1140101EB830107EB830301E09F42DF
:10EF80007ED253F8044D51F8042D9442F7D080F00E
:10EF90008480012603E0FCDB00260D46914669686B
:10EFA000FFF7BCFC0146002800F084802F69C66092
:10EFB000D9F8100005F1140B05F1100201F1140A43
:10EFC00009F1140505EB80000BEB870ED0460023FA
:10EFD000CDF804B0944655F8046B5CF8042F1FFA82
:10EFE00086FB94B2A4EB0B041C44330CC3EB12431A
:10EFF00003EB2443A4B244EA0344A84248F8044B78
:10F000004FEA2343E7D82646A0EB0904153CDDF878
:10F0100004B024F0030409F11509484538BF002461
:10F020000BEB0402043204EB0A05964505F10404D7
:10F03000104636D9AAEB0B0A00EB0A0C50F8045B19
:10F0400013FA85F62B442D0C05EB26459BB243EABB
:10F0500005468645CCF800604FEA2543ECD80EF112
:10F06000FF339B1A23F00303234426B953F8042DDE
:10F07000013F002AFAD008460F6103B0BDE8F08FC7
:10F080000021FFF74BFC014668B101220023C0E9D3
:10F090000423084603B0BDE8F08F2B464D46994641
:10F0A0007DE72B46E1E70A46064B074840F2372149
:10F0B00004F032F80A46034B034840F2452104F0BD
:10F0C0002BF800BFD08A0108408B0108114B0B4080
:10F0D000A3F15073002B03DD002219461046704740
:10F0E0005B42B3F1A07F4FEA235206DA4FF40023CC
:10F0F00013410022194610467047A2F114031E2B3B
:10F10000DABF4FF00042DA400122002319461046D0
:10F11000704700BF0000F07F2DE9F843066900F159
:10F12000140808EB8606A6F1040956F8047C384654
:10F13000FFF7CEFCC0F120030A280B6033DDC84581
:10F14000A0F10B0219D256F8083C22B3C2F12001FB
:10F15000974023FA01F007439340A6F1080247F0D5
:10F160007F55904545F4401519D256F80C2CCA40ED
:10F17000134318462946BDE8F8830B280AD007FA3E
:10F1800002F242F07F5545F4401500231846294607
:10F19000BDE8F883002347F07F5545F44015184635
:10F1A0002946BDE8F883C0F10B0327FA03F2C845EE
:10F1B00042F07F553CBF56F8082CDA4000F11503A9
:10F1C00028BF002207FA03F345F4401513431846FD
:10F1D0002946BDE8F88300BFF0B5012183B016468B
:10F1E0001F46FFF79BFB0546002845D0C7F30A548E
:10F1F000C7F313030CB143F48013002E019314D111
:10F2000001A8FFF78FFC019B6B6101212030296170
:10F2100014B3089BA4F2334404441C60099BC0F15E
:10F2200035001860284603B0F0BD68460096FFF729
:10F2300079FCDDE9002330B1C0F1200103FA01F1CE
:10F24000C3400A430193002B0CBF01210221C5E9F1
:10F2500005232961002CDCD105EB8102A0F23243A9
:10F260001069089A1360FFF733FC099BC0EB41104B
:10F270001860284603B0F0BD034B04482A4640F20C
:10F280000F3103F049FF00BFD08A0108408B01080D
:10F290002DE9F04383B0884669468146FFF73CFF7D
:10F2A00004460D46404601A9FFF736FFD9F8103055
:10F2B000D8F81020A3EB020CDDE900329B1A03EB17
:10F2C0004C13002B0BDD05EB03573D4602460B4666
:10F2D0002046294606F096F903B0BDE8F083C3EB5B
:10F2E000033301EB03594946F0E700BF01394911E7
:10F2F00001F1010C116902F1140303EB81018B424E
:10F3000000EB8C0C16D210B5A0F1040E53F8044B90
:10F310004EF8044F9942F9D8891A153921F00301A2
:10F3200004300844844504D9002340F8043B844554
:10F33000FBD810BD844505D9002340F8043B844523
:10F34000FBD87047704700BF03694A11934200F130
:10F35000140009DA00EB830302E053F8042DAAB984
:10F360008342FAD80020704700EB8203F8DD11F0E9
:10F370001F01F5D010B450F8224024FA01F28A405F
:10F38000944209D001205DF8044B7047012070477A
:10F3900053F8042D002AF5D18342F9D800205DF8F6
:10F3A000044B704710B4044C03460A4620685DF8CD
:10F3B000044B194606F042BDEC0700200000000097
:10F3C0002DE9F04F9FB00F46002107921A910022BD
:10F3D0000021CDE9041283463A461992904612F86C
:10F3E00001ABBAF12D0F5FD801A151F82AF000BF8F
:10F3F00039F60008A9F40008A9F40008A9F40008E7
:10F40000A9F40008A9F40008A9F40008A9F4000868
:10F41000A9F40008DBF30008DBF30008DBF30008C5
:10F42000DBF30008DBF30008A9F40008A9F40008E6
:10F43000A9F40008A9F40008A9F40008A9F4000838
:10F44000A9F40008A9F40008A9F40008A9F4000828
:10F45000A9F40008A9F40008A9F40008A9F4000818
:10F46000A9F40008A9F40008A9F40008A9F4000808
:10F47000DBF30008A9F40008A9F40008A9F40008C7
:10F48000A9F40008A9F40008A9F40008A9F40008E8
:10F49000A9F40008A9F40008A9F40008F5F8000888
:10F4A000A9F400080FF9000800220892BAF1300F01
:10F4B00000F0858000230993BAF12F0F564640F2E1
:10F4C00012854FF0000940464D464C4618E0082C86
:10F4D000C8BF09EB890900F10100C8BF0AEB490A5E
:10F4E0001990C8BFAAF1300990F800A0D8BFA3F1C5
:10F4F0003005BAF12F0F04F10104564640F3A880FD
:10F5000005EB8503BAF1390F0AEB4303DFDDAC49A4
:10F510000122FDF735FC002868D11998431C199386
:10F52000417818460A46002C40F0EB80302A08BF8C
:10F53000034640F0D7851946013319931A78302ACB
:10F54000F9D0C0F101000144A2F13100082800F215
:10F55000C68101310F910021303A98460A91012469
:10F5600005EB850502EB4505002101331993187859
:10F57000A0F13002092A01F1010600F27E84002A7E
:10F5800000F08C870F98012E30440F9000F0848794
:10F5900004F1010C604606E075000130061B013ED7
:10F5A000B14240F38F84461E082E05EB8506F3DD3D
:10F5B0001028DCBF09EB89094FEA4909EDE798F803
:10F5C000012002F0DF02582A18BF434600F01284DF
:10F5D0000133199393F800A0BAF1300FF8D0984690
:10F5E000BAF1000F0ED00123099365E7BAF1650F58
:10F5F0001AD0BAF1450F17D0002C2FD1099B002B40
:10F6000000F0BC804FF000084FF00009079A0AB1E3
:10F61000199B1360089BB3B109F10043994640461A
:10F6200049461FB0BDE8F08F002C78D10A940F94A2
:10F63000099B002B40F0E2824FF000084FF00009D8
:10F64000079B03B11F60404649461FB0BDE8F08FDD
:10F650005B490122FDF794FB00284ED0284605F0B7
:10F660002DFE092CCDE9040140F3CD820023102C9E
:10F67000A2460E93A8BF4FF0100A0A9412930F935C
:10F68000504B03EBCA0353E9122305F091FE0646E3
:10F6900048460F4605F012FE02460B4630463946F4
:10F6A00005F0D0FC0F2CCDE9040100F3AC800E9BDB
:10F6B000002B00F0A8820E9B40F38E82162B40F3A5
:10F6C00065840E9AC4F125039342C0F29C803D4D9F
:10F6D000C4F10F0405EBC401DDE90423D1E9000105
:10F6E00005F066FE0E9B1C1B05EBC405D5E9002347
:10F6F00005F05EFE8046894688E7199A531C1993E7
:10F700005178A1F13000092800F2DE80024600287D
:10F7100000F0BD8601210A94A4460F91D4E3002194
:10F72000199B0A940F918C465A1C19925E782B2EC5
:10F7300000F0C7802D2E00F0BE804FF0000AA6F129
:10F740003007092F37D8302E199A40F0E580013262
:10F7500019921678302EFAD0A6F13100082840F21E
:10F76000D98000221292002C34D1099A0A437FF4E6
:10F7700049AFBCF1000F40F03F841F46692E00F0F6
:10F78000188400F31184492E00F013844E2E7FF468
:10F7900053AF0D4919A804F031F800283FF44CAFDD
:10F7A000199B1B78282B00F06D85084803F0AEFCF0
:10F7B000804689462AE7002219931292D3E700BFB8
:10F7C000788A0108E08C0108A88B0108CC8B01081D
:10F7D000002312930A9A1346002A08BF23460A936D
:10F7E0000F9A129B102CA3EB020328460E93A246FD
:10F7F000A8BF4FF0100A05F061FD092CCDE9040106
:10F800003FF73EAF53E70E9BA4EB0A0A9A44BAF1C6
:10F81000000F40F3A9802AF00F071AF00F0A40F0FA
:10F820004283B7F59A7F00F3DC83102FDFF880A1C5
:10F830004FEA271600F04C85DDE904234FF0000C59
:10F840005746E14616F0010F1046194607D0D7E992
:10F85000002305F0ADFD4FF0010C02460B4676107B
:10F86000012E09F1010907F10807EBD1BCF1000FE6
:10F8700001D0CDE90423059BA3F1547305930AEB52
:10F88000C90ADDE90423DAE9000105F091FD454BE1
:10F89000CDE904010B400A4643498B4200F2A183A3
:10F8A000A1F580118B4240F2AF84404B4FF0FF3204
:10F8B000CDE904235AE04FF0010A9A1C19929E7870
:10F8C0003DE74FF0000AF8E701F0DF0145297FF43A
:10F8D000C5AE00210A940F914FF0010C24E702F00D
:10F8E000DF02452A7FF48EAE00240A940F944FF075
:10F8F000010C19E70022089208F10102199298F808
:10F9000001A0BAF1000F3FF497AE9046CEE5012278
:10F910000892F1E7A6F13007501C199056782F2E67
:10F9200040F3F68286460E9208E0013019909EF868
:10F9300001602F2EA2F1300706DD864607EB870215
:10F94000392E06EB4202F0DD0E9A801A082840F3A9
:10F95000DF8244F61F621292BAF1000F3FF403AF48
:10F96000129A52421292FEE640F0D9820023099385
:10F970000A9A0095234641465846FFF74FF81390E0
:10F98000002800F02E830F9B129A9B1A0E9A002AD1
:10F99000A8BF00230F9322EAE272002314921E46AE
:10F9A0009946DAE00000F07F0000A07CFFFFEF7FC7
:10F9B000B88C0108D21A1F2AA4EB020400F3968126
:10F9C00001239340109300231593099B25443C4445
:10F9D000A7421D443B46A8BF2346AB42A8BF2B46C7
:10F9E000002B02DDE41AED1AFF1A0F9B002B00F327
:10F9F0001D81002C00F334810E9B002B00F36C81E1
:10FA0000002D00F35A81002F08DD31463A46584652
:10FA1000FFF70CFA0646002800F058811A99524662
:10FA20005846FFF799FA8146002800F04F810023DD
:10FA3000C268C36031461292FFF76CFA0028C0F228
:10FA4000E883059B984600F08C8331464846FFF7D3
:10FA50001FFC00224FF0804304460D4605F024FFB2
:10FA6000002800F0D380129B002B40F04C81049BB7
:10FA7000002B40F0EF81C8F31303002B40F08A8184
:10FA8000A94B00222046294605F004FF002840F03B
:10FA90003883A64B00222046294605F089FC0A46F9
:10FAA0000146CDE9101202F100430C900D93A04FD6
:10FAB000A04B08EA07079F42DDE90C4500F04281B0
:10FAC000099B13B3B7F1D46F1FD893A3D3E90023D5
:10FAD000DDE9100105F0E8FEA0B1DDE9100105F057
:10FAE0003FFF012838BF012005F0E8FB129BCDE95C
:10FAF0001001002B40F0878201F10043169017930C
:10FB0000DDE9164505F1D663DD1BDDE90A01FFF7E6
:10FB1000DDFA02460B462046294605F049FCDDE9A0
:10FB20000A2305F08FFACDE904010C46099B23B99D
:10FB30007F4B23409F4200F036811A995846FEF7CA
:10FB400013FF51465846FEF70FFF31465846FEF761
:10FB50000BFF49465846FEF707FF139C584661685D
:10FB6000FEF7DCFE8246002800F0B08022690232F7
:10FB7000920004F10C010C30FDF7B2FC9DED047B0A
:10FB80001CAB01931BAB0093584653EC172B8DED28
:10FB90000A7BFFF721FB1A9000286AD00121584602
:10FBA000FFF700F80646002800F090801B9B002B12
:10FBB0007FDB0F9A149D9F18099A1C9C9B1A234463
:10FBC0005D4A013B9342C4F13604FFF6F3AE0023D5
:10FBD000159301231093F8E61633FFF614AE0F9B2E
:10FBE000129A9A1A554B03EBC203DDE90401D3E9DB
:10FBF000002305F007FD8046894607E5A44600245A
:10FC0000199B214690E5DDE90489FFE4474B204636
:10FC10002946002205F0CCFB129BCDE91001002BF8
:10FC20006CD101F100430C900D9340E731461A4628
:10FC30005846FFF79BF806461A98D6B10246314659
:10FC40005846FEF7DDFF034612931A988BB1014622
:10FC50005846FEF789FE129B1A93002C7FF7CCAE14
:10FC60001A9922465846FFF7E1F81A9000287FF4C7
:10FC7000C3AE5746CDF83890B2462223DFF8B09095
:10FC8000CBF800304FF0000801465846FEF76CFEF6
:10FC900039465846FEF768FE51465846FEF764FE60
:10FCA00013995846FEF760FE0E995846FEF75CFE23
:10FCB000ACE4149A0F9FD51A7EE751462A4658465F
:10FCC000FFF7B4F8824600287FF49DAE57461A9895
:10FCD000CDF83890B246D0E75146149A5846FFF70F
:10FCE00045F8824600287FF48BAEEFE7144AD21A1B
:10FCF000012303FA02F21592109366E69DED107B44
:10FD00008DED0C7BD3E69FED067B8DED0C7B8DEDB1
:10FD1000107BCCE6AFF300800000C0FFFFFFDF41A7
:10FD2000000000000000F03F0000F03F0000E03F56
:10FD30000000F07F0000E07F02FCFFFFE08C010884
:10FD4000E2FBFFFFA8F154730593DDE9044520466B
:10FD50002946FFF7BBF9DDE90C2305F029FB224614
:10FD60002B4605F06FF9B44AB44B0A409A42CDE9EC
:10FD7000040140F29480DDE90A0103F154739942D1
:10FD800002D1B0F1FF3FA1D0AD4C4FF0FF33CDE930
:10FD90000434D2E69FED9E7B8DED0C7B9FED9E7B28
:10FDA0008DED107B83E6DDE910783846414605F09D
:10FDB0005FFE05F0CFFA02460B463846414605F095
:10FDC0003FF9049F129DC4F313043D432C4307469F
:10FDD00088462DD192A3D3E9002305F05BFD0028CE
:10FDE0003FF4ABAECDF83890DDE904895746B24612
:10FDF0001A9849E70293089B01931AAB0093914A22
:10FE00001BAB19A9584603F0FDF910F00F05044685
:10FE10003FF4F8AB062D40F0218108F1010319935E
:10FE200000234FF000084FF000090893FFF7EEBBE6
:10FE30007DA3D3E9002305F02DFD0028D2D17CA3BA
:10FE4000D3E900233846414605F042FD00283FF43F
:10FE500074AEC7E7049B012B9CD14346002B99D17C
:10FE60005746CDF83890B24622231A98CBF8003086
:10FE70004FF000084FF0000906E700F0DF004528CA
:10FE800000F0B380002C7FF4A3AC099B19434FF022
:10FE900000084FF000093FF4D3ABFFF7B7BB01F107
:10FEA0005474059442E6684901EBCA01DDE9042374
:10FEB000D1E9000105F07CFACDE90401002F3FF4FF
:10FEC00055ADAEE401398C44BCF1080F0CF10104CE
:10FED0007FF746AB102CDCBF09EB890902EB49091F
:10FEE0000021FFF742BB594901224046FCF748FF79
:10FEF00040B9814619980346013019905A784D4609
:10FF0000FFF714BB099B002B3FF496ABFFF77ABBBE
:10FF100044F61F629742A8BF174612971CE5CAF124
:10FF2000000A4FEA2A171AF00F0A0DD0464B03EBCE
:10FF3000CA03DDE90401D3E9002305F063FBCDE941
:10FF40000401002F3FF412AD1F2F00F30581DDE9FE
:10FF5000042317F0100118BF6A2117F0010F09914F
:10FF60003B4E104619460FD0D6E9002305F020FA83
:10FF70007F1002460B4600F0D28017F0010F06F109
:10FF8000080610461946EFD17F10F6E70E982E4965
:10FF900001EBC001DDE90423D1E9000105F008FA15
:10FFA00080468946FFF732BB6E2E3FF4F2ABFFF777
:10FFB00043BB284919A803F021FC00283FF43CABBF
:10FFC000199B2549013B19A8199303F017FC10B997
:10FFD000199B01331993DFF860904FF00008FFF789
:10FFE00015BB2223CBF80030F5E7002C00F03A8255
:10FFF0004FF0010CFFF798BB4FF000084FF00009DD
:020000040801F1
:100000001F46FFF71DBB9DED107B8DED167B77E541
:10001000000000000000F0BF000000000000F03F02
:100020009535A094FFFFCF3F9535A094FFFFDF3FAC
:1000300035E5AF350000E03F0000F07FFFFF9F7C1B
:10004000FFFFEF7FBC8D0108E08C0108788A010872
:10005000D08D01089C8B0108A08B01081A9A3AB137
:1000600035211CA8FFF742F91A995846FEF77CFC87
:10007000013D042D00F21582DFE805F0032E2B2050
:1000800003001C9B04931B9B03F233421D9B23F430
:10009000801343EA02530593E20502D543F000437F
:1000A0000593B34A1A40DDE90489002A7FF4AEAA19
:1000B000FCF7B2FF22230360FFF7A8BA4FF0FF322C
:1000C0006FF00043CDE90423E3057FF59CAD059B6C
:1000D000E4E7A74B0593F7E7DDE91C121D9BCDE98B
:1000E0000412D9E7A2F13103082B13D922F0200220
:1000F000452A7FF407AF00230A930F930124FFF7EB
:1001000097BA9FED977B8DED0C7B9FED977B8DEDE7
:10011000107BCCE4012103460F91FFF71CBA099B29
:10012000CDE904017BB1C1F30A52C2F16B03002B8C
:1001300009DD1F2B40F3FD80342B049740F36481CD
:100140004FF05C730593DDE904010022002305F004
:1001500097FB00283FF40CAC2223CBF80030FFF7CC
:1001600051BA5746C3F31302B2461E46129BCDF84E
:100170003890DDF840C0DDF854E07E49DDE90A89B9
:10018000002B00F093808A4200F0FA80BEF1000F4D
:1001900000F0E0801EEA060F32D040464946FEF7E6
:1001A00095FF099B002B00F03781C6F30A53C3F17A
:1001B0006B03002B40F353811C0504F17F53002295
:1001C00003F5401305F0F4F802460B464046494655
:1001D00004F038FF80468946674B40464946002276
:1001E00005F0E6F8624B0B4080468946002B7FF411
:1001F000FFAD2223CBF80030FAE51EEA060F72D1DC
:10020000099B002BE8D1F3E502F154730593FFF746
:10021000ADBBDDE90445129ACDF83890224357462C
:100220004B46B246DDE90A89EAD1C5F313022E46F0
:10023000002AE5D125F00044240D2405B4F1D66F41
:10024000DED95A6912B91A69012AD9DD0E9901223B
:100250005846FEF7EBFD51460E90FEF75BFE002878
:10026000CEDD099B002B00F0AB80A4F580146FEA73
:1002700014536FEA035305934FF0FF330493DDE902
:100280000489A9E73D4919A81CAA03F0D3FA052857
:100290007FF48BAA1D9B43F0FF4343F4E0030593D7
:1002A0001C9B0493DDE90489FFF7B0B9A2B9DDE92D
:1002B0000434002B45D1099B002B00F081802C4C8D
:1002C0003440B4F1D66FD0D8B4F15C7F84D8CBE59C
:1002D0004FF00009FFF7CFBABEF1000F8DD1049B9C
:1002E0001CEA030F8CD040464946FEF7EFFE099BFF
:1002F000002B55D0C6F30A53C3F16B03002B40F318
:10030000AB801C0504F17F53002203F5401305F078
:100310004FF802460B464046494604F091FE002243
:1003200000238046894605F0ABFA00283FF454AF1D
:100330009AE54FF0FF3202FA03F3049A1A4004924E
:1003400001E7BEF1000F7FF458AF13EA0C0F3FF442
:1003500057AFC8E7049B1CEA030F3FF451AF1CE7FB
:10036000000000000000E0BF000000000000E03FCF
:100370000000F07FFFFF0F0000005039A88D01083A
:10038000DDE90445099B214653BB234601332ED0AA
:10039000BEF1000F6AD01EEA060F3FF429ADFCE65D
:1003A00002460B464046494604F04AFE002200231E
:1003B0008046894605F064FA00283FF419AD53E5FC
:1003C0003E4A1A983240A2F580126FEA12536FEA41
:1003D000035305934FF0FF330493DDE9048953E49D
:1003E000364A3240B2F1D46F20D9621C27D1344A48
:1003F000964240D0314A324002F5801305930023E3
:100400000493DDE90489FBE6C2F14B024FF0FF33B0
:1004100093400B40059396E602460B4640464946FC
:1004200004F010FE804689461A982DE4120DC2F1A0
:100430006B024FF0FF3000FA02F29442D7D0BEF1C7
:10044000000F04D01EEA060F3FF4C6AEA5E611EA7F
:100450000C0F3FF4C1AEA0E602460B465BE7024636
:100460000B46B3E600293FF449AEC1E514EA0C0F90
:100470003FF4BEAC91E60131BCD122231A98DFF8DB
:100480003C90CBF800304FF00008FFF7FDBB0F9019
:100490000A940121FFF769B8A44615E53146FFF734
:1004A00064B8E10505D54FF000430593DDE9048903
:1004B000FEE54FF000084FF00009F9E50000F07F7D
:1004C000FFFFEF7F014BFEF77BBF00BF80060020E0
:1004D000242B2DE9F84F43D8012B41D080464948C1
:1004E0001F468E4675461EF801BB10F80B4014F0EF
:1004F0000804F7D1BBF12D0F6FD0BBF12B0F08BF54
:100500009EF800B06FF0004908BF05F1020E73BB02
:10051000BBF1300F4BD00A273B460025B9FBF7F65D
:10052000284607FB169A05E03AD007FB00C00125D4
:100530001EF801BBABF1300CBCF1090F06D9ABF1D1
:10054000410CBCF1190F19D8ABF1370C63451EDD16
:10055000B5F1FF3FECD08642E6D24FF0FF35E7E73A
:10056000FCF75AFD162303600020BDE8F88F102B1E
:10057000D3D1BBF1300F23D01F46CEE7ABF1610CD6
:10058000BCF1190F03D8ABF1570C6345E0DC6B1CD1
:100590002BD054B9002AE8D085BB1160BDE8F88F94
:1005A000E245C2DA4FF0FF35C2E74042F2E79EF87B
:1005B000003003F0DF03582B08D008273B46ACE798
:1005C0009EF8000000F0DF005828D5D110279EF8D3
:1005D00001B03B460EF1020E9FE79EF800B04FF0CF
:1005E000004905F1020E012491E72223C8F80030EA
:1005F00032B10EF1FF3148461160CFE78146F8E78E
:100600004846B2E7F98D0108FFF762BF2DE9F047D0
:10061000074649480E46354616F801EB10F80EC05D
:100620001CF0080CF7D1BEF12D0F5AD0BEF12B0FE4
:1006300003BF96F800E06446AE1C64464BB9BEF1B9
:10064000300F5CD00A23DFF8F4804FF0050A99469A
:100650000AE0102B4AD04FF0FF38B8FBF3F803FB49
:1006600008FA6FEA0A0A99460025284605E02CD0C8
:1006700009FB00C0012516F801EBAEF1300CBCF10E
:10068000090F06D9AEF1410CBCF1190F0BD8AEF130
:10069000370C634510DDB5F1FF3FECD04045E6D99E
:1006A0004FF0FF35E7E7AEF1610CBCF1190F03D84D
:1006B000AEF1570C6345EEDC6B1C0BD004B140422D
:1006C0000AB165B91160BDE8F087D445D0DD4FF0BF
:1006D000FF35D0E722233B602846002AF3D0711E65
:1006E000F0E796F800E00124AE1CA7E7BEF1300F5A
:1006F00011D04FF00F0A6FF070489946B4E7337885
:1007000003F0DF03582B0BD008234FF0070A6FF0DC
:1007100060489946A8E7307800F0DF005828E8D113
:100720004FF0100996F801E04FF00F0A02366FF013
:1007300070484B4698E700BFF98D010899999919BF
:10074000FFF764BF49B1FF2A02D80A700120704741
:100750008A2303604FF0FF3070470846704700BFA0
:100760002DE9F04F85B092465B4A039089461E46BC
:100770000D46294615F8014B135D13F00803F8D117
:100780002D2C7DD02B2C41D002934FF0FF326FF0F7
:100790000043CDE90023002E43D1302C79D00A2725
:1007A000B0463E46DDE900013A46434605F048F9C9
:1007B00000238E46834619461846A44610E08E450F
:1007C00008BF83454CD000FB08F307FB0133A0FBB7
:1007D00007010B44201843EBE471012315F801CB0A
:1007E000ACF13004092C05D9ACF14104192C1ED808
:1007F000ACF13704A64222DDB3F1FF3FEED08345D2
:100800007EEB0103DBD24FF0FF33E7E72C78029356
:100810008D1C6FF000434FF0FF31CDE90013002E27
:10082000BBD0102E3ED037464FEAE678BAE7ACF19F
:100830006104192C03D8ACF15704A642DCDC5A1C25
:1008400013D0029A12B1404261EB4101BAF1000F9C
:1008500003D0002B38D1CAF8009005B0BDE8F08F66
:10086000A242B0DA4FF0FF33B8E7039A22231360B5
:10087000BAF1000F2BD0DDE9000105F1FF39EAE7FD
:1008800000934FF0004001232C78CDE901038D1C2B
:1008900081E72B7803F0DF03582B0ED00827B046F2
:1008A0003E467FE7302C03D037464FF0000879E70B
:1008B0002B7803F0DF03582BF6D110276C784FF01C
:1008C000000802353E466DE7CDE90001D3E7DDE9DA
:1008D000000105B0BDE8F08FF98D0108FFF740BFBA
:1008E0002DE9F04F85B08B460192604A03901E4679
:1008F0000D46294615F8014B135D13F00803F8D196
:100900002D2C7ED02B2C03BF2C7802938D1C0293B0
:100910006EB9302C00F086804FF00A09B246DFF83D
:1009200050814FF0050C4FF099374E4617E0102ECE
:100930006CD04FEAE67A324653464FF0FF304FF024
:10094000FF3105F07DF832460746884653464FF0A2
:10095000FF304FF0FF3105F073F8B14694460022A6
:100960001046114610E0414508BFB84239D000FB9F
:100970000AF209FB0121A0FB09021144181841EBFE
:10098000E371012215F8014BA4F13003092B05D9BD
:10099000A4F14103192B0CD8A4F137039E4210DDBA
:1009A000541CEFD0874278EB0102DCD24FF0FF32CB
:1009B000E8E7A4F16103192B03D8A4F157039E4281
:1009C000EEDC531C12D0029B13B1404261EB41019B
:1009D000019B1BB192B9019BC3F800B005B0BDE803
:1009E000F08F6345C3DD4FF0FF32CBE7039922233D
:1009F0000B60019B10461146002BEFD005F1FF3B29
:100A0000E9E701232C7802938D1C81E7302C19D063
:100A10004FF00F0C4FF0FF376FF07048B1464FF0BA
:100A2000000A9CE72B7803F0DF03582B0FD04FF020
:100A30000809B2464FF0070C4FF0FF376FF06048DF
:100A40004E468CE72B7803F0DF03582BE0D14FF0B4
:100A500010096C784FF00F0C02354FF0FF376FF034
:100A600070484FF0000A4E4679E700BFF98D010843
:100A700099999919FFF734BF70B582B00446069D65
:100A800055B11048D0F8E46000956AB12046B047EF
:100A9000431C10D002B070BD00F1F4050948D0F835
:100AA000E4600095002AF1D1012311462046064A50
:100AB000B047431CEED100228A232A60236002B093
:100AC00070BD00BF80060020CC8B010870B50546C4
:100AD00084B05BB11C460F4BD3F8E060234669B18C
:100AE0002846B047431C0FD004B070BD094B00F539
:100AF0008274D3F8E06023460029F1D10A462846E3
:100B000001A9B047431CEFD100228A2322602B6049
:100B100004B070BD8006002010B582B0049CCDE901
:100B200000344FF0FF3302F0E1FF02B010BD00BF10
:100B3000002100F001B800BF10B500F0A5F8044690
:100B400002F0E6FFA0F11A03DBB2022B06D9A4F1F2
:100B5000090004288CBF0020012010BD012010BD19
:100B60000229C0F30722C3B223D0032903D082F0A5
:100B7000800283F0800302F15001C9B21F290BD912
:100B800002F13001C9B2242932D84FF2A64188427D
:100B900025D94FF0FF3070474CF6D3718842F8D812
:100BA000A13BFE20B03A304912FB003231F812006E
:100BB00070479E2B0FD92333DBB280219F2A94BF2D
:100BC000703A503201EB4201CAB202F15001C9B28F
:100BD0001F29D5D8E0E77E3BDBB27F21EEE7A13BC2
:100BE000FE20D03A214912FB003231F81200704742
:100BF000A13A072ACDD8DFE802F031281E18130FDA
:100C00000B04C02BC5D81A4AA13B32F81300704719
:100C1000F12BBED8174A19E0D82BBAD8164A15E0DE
:100C2000F62BB6D803F540507047F32BB1D803F537
:100C30003E5020307047114A1A4412F8A12C002A65
:100C4000A7D003F57E40603070470D4AA13B32F8D3
:100C50001300002808BF4FF0FF307047094AA13B3E
:100C600032F81300704700BF78A90108FC8E010814
:100C7000A4C00108E4C0010888C10108F8C1010846
:100C800054C2010810C3010838B50546B9B101F5D1
:100C9000957412492046FCF703FA28B92846012129
:100CA000BDE83840FFF75CBF0D492046FCF7F8F976
:100CB00038B928460221BDE83840FFF751BF094C3A
:100CC000E7E709492046FCF7EBF928B92846032154
:100CD000BDE83840FFF744BF284638BDAC8B01085B
:100CE000B08B0108AA070020B88B010800000000A3
:100CF0002DE9F04FDBB00C460A9115460E93834662
:100D0000FCF706F9036817931846FCF799FC0021D5
:100D1000169008222AA8FBF7E5FFA389190603D538
:100D20002369002B01F0AE809FED777B00239E4668
:100D3000CDE91AEE8DED127BCDE92F3331AB2E9339
:100D40001C46CDF860E0CDF864E0CDF820E0CDF8A9
:100D500044E02F463D466E4BD3F8E460FCF7D2F8F2
:100D60002AAA0346009226A92A465846B0470028D8
:100D700000F09880C0F28E80269A252A034601D082
:100D80001D44E8E7B5EB0708064640F08F800023D6
:100D90004FF0FF328DF88F309A46099301352B784A
:100DA000079201359946A9F120035A2B00F2B2802F
:100DB000DFE813F04402B000B0004002B000B00021
:100DC000B0002302B000B000EE01FD01B000F90157
:100DD0000602B00002025B005B005B005B005B0090
:100DE0005B005B005B005B00B000B000B000B000D7
:100DF000B000B000B0002501B0007C010203250165
:100E000025012501B000B000B000B000FE02B00026
:100E1000B0004E02B000B000B000B901B000A402B2
:100E2000B000B000C007B000B000B000B000B0002B
:100E3000B000B000B0002501B0007C0167012501C1
:100E400025012501220367016C00B0003B03B000BF
:100E50002C03700345036C00B000B9016A00DD0289
:100E6000B000B0003008B0006A00A9F130030022E1
:100E700015F8019B02EB820203EB4202A9F1300359
:100E8000092BF5D909928EE72B788AE72B784AF05F
:100E9000200A86E7082200212AA8FBF723FF012366
:100EA0001D4458E7B5EB0708064612D0DDF8BCE054
:100EB000309B0EF101024344072AC4E900783093C5
:100EC0002F9215DC0834089B43440893002E7FF4CE
:100ED0005EAF309B002B41F06B830A9B9B8903F034
:100EE0004003002B41F0C58708985BB0BDE8F08F48
:100EF0000A992EAA584601F0F5FF0028EDD131AC31
:100F0000E1E700BFAFF30080000000000000000038
:100F100080060020B9F1000FDBD00023CDE90F33AC
:100F200001228DF804918DF88F300B930C9207936A
:100F3000159341AF0692309E14961AF0840300F088
:100F4000E4809DF88F2002B32F984FF00008013005
:100F500001220136626007280DF18F02CDE92F06CC
:100F6000226000F302840834B8F1000F0DD02F98EE
:100F7000013024AA0236226007284FF00202CDE990
:100F80002F06626000F3E5830834802B00F0EC82CA
:100F9000079B0C9AA3EB0208B8F1000F00F329831A
:100FA0001AF4807F40F089820C9B63601E442F9B63
:100FB00027600133072B30962F9300F37283083498
:100FC0001AF0040F05D0099B069A9F1A002F00F310
:100FD000DA83DDE9083206998A42ACBF9B185B18B8
:100FE0000893002E40F03D8300232F930B9B1BB1F1
:100FF0000B99584604F024FF31AC2F46AAE60E9B0D
:10100000073323F00703B3EC027B8DED127B0E93C5
:10101000139B8DED1E7A23F000431F93DDE91E0123
:10102000B34B4FF0FF3204F05DFC002840F02886FF
:10103000DDE91E01AE4B4FF0FF3204F035FC0646F1
:10104000002840F01D86DDE91201002200232AF06D
:10105000800A04F01FFC002841F0F1819DF88F30D8
:10106000B9F1470FCCBFA34FA34F002B41F0E08550
:101070000322CDE90F330B930C920793159306923D
:1010800059E71AF0200F40F0B3850E9A1AF0100FAE
:1010900052F8046B41F01B871AF0400F0E9201F0DA
:1010A000168146F3C038434636B295E10E9BB9F13E
:1010B000430F03F1040603D01AF0100F00F0BB86B3
:1010C000082200212CA8FBF70DFE0E9B41AF1A68E9
:1010D00039462CAB5846FFF7F9FC034601330C9018
:1010E00001F0C2860C9B23EAE37306930023CDE94B
:1010F0000F330E968DF88F30309E0B930793159318
:101100001AF0840314967FF41CAF099A0698A2EB98
:101110000008B8F1000F00F314849DF88F20002A16
:101120003FF436AF10E7DDF8388058F8047B002331
:101130008DF88F30002F00F09486B9F1530F01F035
:1011400013801AF010030F9341F00E80079B002BC1
:10115000C1F21C821A460F993846FCF771F99DF8C6
:101160008F300B90002801F0CC850B9AD21B0C928B
:1011700022EAE27206920BB1013206920F9BCDF881
:1011800038800793159310930B934FF07309D2E6B1
:101190000E9B53F8042B0992002A80F21385099ABA
:1011A0000E93524209922B784AF0040AF9E52B2358
:1011B0008DF88F302B78F4E52B784AF0800AF0E533
:1011C000294611F8019BB9F12A0F01F04286A9F1D5
:1011D0003003092B98BF002201F20E8411F8019B05
:1011E00002EB820203EB4202A9F13003092BF5D98D
:1011F00042EAE27307930D46D5E55846FBF788FEB1
:10120000436819931846FCF71BFA1B90064658468C
:10121000FBF77EFE82682B781A92002E3FF4C1AD58
:10122000002A3FF4BEAD1278002A3FF4BAAD4AF46A
:10123000806AB6E52B784AF0010AB2E59DF88F2066
:101240002B78002A7FF4ADAD20228DF88F20A8E501
:101250001AF0200F4AF0100000F0BC840E9B0733F8
:1012600023F007031A46596852F8083B0E920022F1
:101270008DF88F20079A002A18DB53EA010220F428
:10128000906A15D1079A9AB910F001031A4606938D
:1012900000F00B8730238DF86731079B0C92CDE966
:1012A0000F3315930B930DF2671744E620F4806A11
:1012B0005AAF03F00702DB0843EA4173C908303232
:1012C00053EA0106384607F8012DF2D11AF001035E
:1012D0000F9340F01E83079915935AAAD21B91428F
:1012E000B8BF11460C92069110930B9323E600BFF2
:1012F000FFFFEF7F308A01082C8A01081AF0200FC7
:101300004AF0100138D10E9B1A1D0E9B07981B68DE
:101310004FF0000840458DF88F801E46C0F27C8556
:1013200021F0800A002B00F08B840E920A2E78F1B7
:10133000000380F0B28306F13003DBB2079A8DF828
:101340006731012AB8BF012206929DF88F30012231
:101350000C920DF26717002B01F07585069B013387
:1013600006930023CDE90F330B931593E3E51AF0B1
:10137000200F00F04E8451460E9B073323F00703E5
:101380001A46D3F8048052F8086B0E9200238DF8A9
:101390008F30079B002BC0F2408556EA080321F0EE
:1013A000800AC3D1079B002B00F04F840026C2E7C0
:1013B0002B784AF0080AF4E41AF0200F4AF01003E0
:1013C00000F019840E9A073222F007029A465368F9
:1013D00052F8086B0E929846002BC0F24D83079A84
:1013E000002AA3DB56EA08032AF0800A9ED1002ACD
:1013F00001F055803023A1E72B78682B03BF6B7871
:101400004AF4007A01354AF0400ACAE40E9A1AF00A
:10141000200F02F1040300F0218412680899116082
:10142000C91751600E932F4694E42B786C2B03BFA1
:101430006B784AF0200A01354AF0100AB1E40E9A9E
:10144000079F52F8040B002147F630038F42ADF896
:1014500090308DF88F100346C0F2E2842AF08006A7
:1014600046F0020A002840F0DD84002F01F01E80C3
:101470000E92302301220697CDE90B0210908DF8D1
:1014800067310DF2671715904FF078090F90844679
:1014900000F0A5BC1AF0200F40F0B8830E9A1AF0A5
:1014A000100152F8043B41F00F851AF0400000F0A3
:1014B000EF869BB20E925046D9E6B9F1650F40F324
:1014C000FA80DDE912010022002304F0D9F9002896
:1014D00000F09D812F9BB24A226001330136012228
:1014E000072B30962F93626000F332860834259BD9
:1014F000119A934280F26183169B179A1E44C4E9A5
:1015000000232F9B30960133072B2F9300F39D84EC
:101510000834119B5F1E002F7FF752AD102F2F9BB9
:1015200041F31C849F49DDF82890149132464FF016
:1015300010080E4604E00834103F102F40F3A68038
:1015400001331032072BC4E90068CDE92F32F2DDF8
:101550002EAA4946584601F0C5FC002840F0898073
:10156000DDE92F3231ACE7E7099B069AA3EB0208CD
:10157000B8F1000F7FF70CAD8A4B2F9A1493B8F196
:10158000100F29DD21463046864C2E4610230A9D39
:1015900006E0A8F11008B8F1100F01F1080118DDFC
:1015A00001321030072AC1E90043CDE92F20F0DDD8
:1015B0002EAA2946584601F095FC002859D1A8F1D9
:1015C0001008B8F1100FDDE92F2031A94FF01003FA
:1015D000E6DC35460C4606460132149B2360464441
:1015E000072ACDE92F26C4F8048000F304860834C6
:1015F000CEE46C4B2F9A1493B8F1100F24DD2146E2
:1016000010230A9C06E0A8F11008B8F1100F01F1B0
:10161000080118DD013263481036072AC1E90003CA
:10162000CDE92F26EFDD2EAA2146584601F05AFCBF
:10163000F8B9A8F11008B8F1100FDDE92F2631A98B
:101640004FF01003E6DC0C460132149B2360464445
:10165000072ACDE92F26C4F8048000F3018208345C
:101660009EE40A992EAA584601F03CFC00283FF45B
:10167000BBAC0B9B002B3FF430AC0B99584604F0ED
:10168000DFFB0A9B9B8903F040032AE416460133E3
:10169000149A22603E44072B6760CDE92F367FF70E
:1016A0008EAC0A992EAA584601F01CFC0028E0D105
:1016B000309E31AC84E42F9B03F10108119B012B78
:1016C00006F1010604F1080940F385810123B8F110
:1016D000070FCDE92F862760636000F35482169BC5
:1016E000179A08F101081E44B8F1070FC9E9002351
:1016F000CDE92F8600F3548209F10809119BDDE939
:1017000012015C1E0022002304F0BAF8002840F009
:101710007C8108F1010801372644B8F1070FCDE9B3
:101720002F86C9F80070C9F8044000F3618109F1FF
:101730000809189AC9F8042008F101031644072B78
:1017400028AACDE92F36C9F80020AADC09F108043F
:1017500036E40A9914932EAA584601F0C3FB0028D8
:1017600087D1309E149B31AC0FE40A9914932EAAB2
:10177000584601F0B7FB00287FF47BAF309E149BE6
:1017800031ACFFF7F1BB084A2F9B1492102F29DDD3
:10179000AA46DDF828904FF0100815460BE000BF70
:1017A0006C8A0108CCC30108DCC30108103F102F6C
:1017B00004F1080415DD01331036072BC4E9005885
:1017C000CDE92F36F2DD2EAA4946584601F08AFBB4
:1017D00000287FF44EAF103F102FDDE92F3631ACDB
:1017E000E9DC55460133149A3E44072BC4E900272F
:1017F000CDE92F367FF7EDAB0A992EAA584601F0B6
:1018000071FB00287FF435AF309EFFF7E2BB2599CE
:10181000002940F353840F9B119A9342A8BF1346AB
:10182000002B99460ADD1E44C4E900732F9B3096B5
:101830000133072B2F9301F3868008340F9BB9F1F6
:10184000000FA8BFA3EB0903002B984600F32983E0
:101850000F9B1AF4806F3B4440F04C83259A1199FA
:101860008A4203DB1AF0010F00F02D8616991798B3
:101870000E44C4E900012F993096013107292F91B8
:1018800001F36D800834119907EB0108A8EB0308F8
:101890008F1AB845A8BFB846B8F1000F0BDD23601A
:1018A0002F9BC4F8048001334644072B30962F93B6
:1018B00001F3A7800834B8F1000FA8BFA7EB080711
:1018C000002F7FF77DAB102F2F9B41F34782C54937
:1018D000DDF82890149132464FF010080E4604E0CF
:1018E0000834103F102F7FF7D1AE01331032072B91
:1018F000C4E90068CDE92F32F2DD2EAA49465846E8
:1019000001F0F0FA00287FF4B4AEDDE92F3231ACFB
:10191000E7E7302A00F052843023079907F8013CAA
:1019200002385AAB1B1A99424FF00002B8BF194651
:10193000CDE90F220B920C93074606911592FFF703
:10194000FABADDF8BCE0A84814991490B8F1100F69
:10195000724628DD20952046A34D0A9C219310262F
:1019600006E0A8F11008B8F1100F00F1080017DD2B
:1019700001321031072AC0E90056CDE92F21F0DDF0
:101980002EAA2146584601F0ADFA00287FF471AE28
:10199000A8F11008B8F1100FDDE92F2131A8E7DC1C
:1019A000209D219B044614982060501C08EB0106E2
:1019B0000728CDE92F06C4F8048000F3A4839DF81E
:1019C0008F200834002A40F00181002B3FF4E0AA68
:1019D0001346FFF7CDBA1AF0010F7FF477AE01235B
:1019E000B8F1070FCDE92F86276063607FF7A1AEBE
:1019F0000A992EAA584601F075FA00287FF439AEEC
:101A0000DDE92F860DF1C40993E6119B012B7FF7C9
:101A100090AE112B41F30E82724914913246434627
:101A20001027DDF828800E4605E009F10809103C72
:101A3000102C40F31B8401331032072BC9E90067D7
:101A4000CDE92F32F1DD2EAA4146584601F04AFA7F
:101A500000287FF40EAEDDE92F320DF1C409E6E770
:101A60000A992EAA584601F03DFA00287FF401AEEB
:101A7000309E31ACFFF794BA2D238DF88F30079B41
:101A8000764268EB4808002BFFF650AC0A2E78F13E
:101A900000032AF0800AFFF44EAC0AF480630022AF
:101AA000CDE90B495AA9DDF86890069594461C4685
:101AB00026E016EB08034D4843F10003A0FB03208A
:101AC00020F0030202EB90029B1AF31A47484FF0F2
:101AD000CC32B646454602FB03F268F1000800FB33
:101AE0000822A3FB0063BEF10A0F13444FEA560617
:101AF00075F10005394646EAC3764FEA53082DD3FF
:101B00003A4D16EB080343F10003A5FB032020F038
:101B1000030202EB90029B1AF31AA3FB053268F151
:101B200000005B0805FB002243EAC27303EB83035A
:101B3000A6EB430330330CF1010C01F8013C4F1EBE
:101B4000002CB6D099F800306345B2D1BCF1FF0F3C
:101B5000AFD00A2E78F1000380F0D2835AAB0799F8
:101B6000069DCDF86890DB1B1A469142B8BF11461E
:101B7000DDF830900B9C0C93CDF844C09DF88F306D
:101B80000691FFF7E8BB0A992EAA584601F0AAF978
:101B900000287FF46EADDDE92F860DF1C4099EE5C6
:101BA0000A992EAA584601F09DF900287FF461ADEC
:101BB000DDE92F860DF1C409A0E51AF0010F3FF40D
:101BC000FFA999E40E932B78FFF7EBB89846002312
:101BD000FFF7BDB90E9B1A1D0E9B0E921B680021CC
:101BE000FFF745BBCCC30108DCC30108CDCCCCCC8E
:101BF0005346FFF7E7BB0E9A04320E990E920E6819
:101C00004FEAE6789A464346FFF7E6BB5046FFF7B1
:101C100025BB0E9A1AF0100852F8043B41F051818E
:101C20001AF0400100F03D839EB2079B8DF88F8033
:101C3000002BFFF67AAB2AF0800A002E7FF475ABFA
:101C4000079B0E92002B7FF4B1ABCDE90F330C93C1
:101C5000159306930B935AAFFFF76DB91AF0100F57
:101C600040F0D5821AF0400F40F08A841AF4007FC9
:101C700000F0CD820E9A089912681170FFF7D2BB5E
:101C8000DDE9120102460B4603F02CFE0646002851
:101C900040F0B787B9F1610F00F04685B9F1410F07
:101CA00000F0C686079B013300F0AA84B9F1670FE4
:101CB000139B4AF4807800F06687B9F1470F00F073
:101CC00062870B90DDE91212002AC0F27B879DED3E
:101CD000127B8DED1C7B00231493A9F14103252B6E
:101CE00000F20884DFE813F0160706040604060471
:101CF000930400050604060406040604060406040C
:101D00000604060406040604060406040604060483
:101D10000604060406040604060406040604060473
:101D20000604060406040604160706040604060450
:101D300093040005B64E1AF0200100F092810E9B2C
:101D4000073323F007031A46596852F8083B0E92EE
:101D50001AF0010200F0648153EA010200F0E88108
:101D600030228DF8902000228DF88F20079A8DF870
:101D70009190002AC0F28F812AF4906242F0020A08
:101D800003F00F020AF00200B25C8DF867211B0914
:101D900043EA01730A0953EA11110DF267170BD0D8
:101DA00003F00F011B09715C07F8011D43EA027380
:101DB000120953EA0201F3D1079A5AAB4FF0000C13
:101DC000DB1B9A42CDE90FCCB8BF1A460C930692A2
:101DD000CDF82CC0CDF854C000283FF4ACA8069B29
:101DE000DDE92F06023306931AF084031496864623
:101DF00006D10999069AA1EB0208B8F1000F07DC99
:101E0000BCF1000F3FF4B4A84FF00208FFF79FB8F1
:101E1000022398E57F4E8EE70E928A46FFF786BA38
:101E20004AF0020A0E927B4E03F00F020220B25CCF
:101E30004FF07809A9E70E9B1B688DF80431012348
:101E400006930C9341AFFFF751B90A992EAA584651
:101E500001F048F800287FF40CAC309E31ACFFF75D
:101E600058BB079BCDF83880062B3A4628BF06237F
:101E7000CDE90B730797CDE90F22674F06931592B3
:101E8000FFF759B84021584603F0D6FF0A9B186067
:101E90001861002801F006800A9A40235361FEF77A
:101EA00043BFB8F1100F2F9B40F3C0875B481490DD
:101EB000224631460A9C4FF01009064606E00832D9
:101EC000A8F11008B8F1100F40F3A98201331031C6
:101ED000072BC2E90069CDE92F31F0DD2EAA21469A
:101EE000584600F0FFFF00287FF4C3ABDDE92F3137
:101EF00031AAE5E7119ADDF85480CDF850A0BA1860
:101F0000079222461C46109BDDF86890DDF828A059
:101F10000F95002B314615971B9E31DDB8F1000F50
:101F200040F3108108F1FF382F98199B013031449C
:101F30000728C2E9003630912F9000F3A1800832C3
:101F4000079B99F800001F1B8742A8BF0746002F78
:101F50000CDD2F98013039440728C2E90047309141
:101F60002F9000F33B8199F800000832002FACBF9E
:101F7000C51B0546002D15DC0444109B002BCDDC51
:101F8000B8F1000FCEDC2346159F0F9DDDF850A061
:101F9000CDF868901446119ABA1893420E4628BF9D
:101FA00013465BE4102D2F981C4B23DD0C94102757
:101FB0002C461D4604E0103C102C02F1080216DDF0
:101FC0000130164B10310728C2E90037CDE92F0147
:101FD000F1DD2EAA5146584600F084FF00287FF418
:101FE00048AB103C102CDDE92F0131AAE8DC2B4670
:101FF00025460C9C1360013029440728CDE92F01A8
:10200000556000F3838399F8000008320444B4E774
:10201000508A01083C8A0108648A0108CCC301087F
:102020008DF88F20079A002A37DB53EA01022AF441
:10203000906A7FF4A5AE079A002A00F0EE80012A8C
:1020400033788DF86731B8BF012200230692012250
:10205000CDE90F330B930C9215930DF26717FEF732
:102060006ABF0E9A52F8043B0E921AF010027FF4E7
:102070006FAE1AF0400000F035819BB2114667E662
:102080002EAA5146584600F02DFF00287FF4F1AAF1
:10209000309931AA54E74AF0020A03F00F020AF01D
:1020A0000200B25C2AF4806A6FE6079B0C93CDE9CC
:1020B0000F3315930B935AAFFEF73DBF2F9BB54AD5
:1020C0002260013301360122072B30962F93626084
:1020D00000F3C9810834002940F0A980119A0AF060
:1020E000010313433EF46CAF169B179A1E44C4E9D8
:1020F00000232F9B30960133072B2F9300F373821D
:1021000004F10802A4E00A9914932EAA584600F09C
:10211000E9FE00287FF4ADAA9DF88F20309E149B25
:10212000002A7CD0984631AC03462F98FEF70FBFAB
:10213000079B002083428DF88F00C0F2D9802AF4DB
:10214000906A78E7109B013B09F1FF391093EBE6A9
:102150000A992EAA584600F0C5FE00287FF489AAE5
:10216000309E31ACFFF7C3B9082200212CA8279775
:10217000FAF7B8FD079B002BC0F2108100260695E8
:10218000CDF82C80354698460EE041A95846FEF71A
:102190009DFC411C284400F02285404509DC06F1E5
:1021A000040600F027850546279A92592CAB002A91
:1021B000EBD10C95DDF82C80069DFDE007995AAA1D
:1021C000D21B91424FF00003B8BF1146CDE90F3347
:1021D0000B930C9206911593FEF7ADBE2EAA5146B5
:1021E000584600F07FFE00287FF443AA99F80000CB
:1021F000309931AABAE60A992EAA584600F072FE22
:1022000000287FF436AA309E31ACFEF7C1BE0E9A8C
:10221000089912681160FFF705B9079B15E5002BB7
:1022200000F05B812F98134631ACFEF7A1BE169BE0
:10223000179A1E44C4E900232F9B30960133072BC5
:102240002F9300F3D08104F108020029C0F22A8400
:102250001199176001330E44072BCDE92F365160D9
:102260003FF71FAA02F10804FEF7AABE16469846D9
:1022700008F10108149BC9F800302644B8F1070F93
:10228000CDE92F86C9F804407FF751AAFFF7B0BB0C
:102290001AF400711CBF0146DBB20E925046FEF7E5
:1022A000E6BF1AF4007840F01B8107998DF88F8003
:1022B00000291E46FFF639A82AF0800A002B7FF479
:1022C00034A80B460E9200297FF470A8BDE41AF4DE
:1022D000007F16BF46F3C0184FEAE67876B2434651
:1022E000FFF77AB81AF400711CBFDBB201462FE584
:1022F00033788DF867312AF4806A0DF267175BE551
:102300001B9A1999BF1A3846FAF776FD99F80130E9
:102310000BB109F10109204A16EB080343F1000350
:10232000A2FB030525F0030000EB95001B1AF31A2E
:102330004FF0CC3168F1000803FB01F102FB0811FA
:10234000A3FB023001445B0843EAC1764FEA51081F
:1023500016EB080343F10003A2FB031020F0030176
:1023600001EB90015B1AF31AA3FB023168F1000044
:102370005B0802FB001243EAC27303EB8303A6EB84
:102380004303303307F8013C4FF0010C013FFFF7E6
:10239000D9BB00BF6C8A0108CDCCCCCC2CAB009350
:1023A0000023194627AA5846FEF7B6FB0346013319
:1023B0000C9000F0148427970C9B002B5FD0632BAC
:1023C00040F30181591C584603F036FD07460028AA
:1023D00000F05D850B90082200212CA8FAF782FC02
:1023E0000C9E2CAB009327AA334639465846FEF77D
:1023F00093FB864240F045850C9A0023BB5422EAA9
:10240000E27206929DF88F20002A40F07083CDE999
:102410000F220792CDF838801592FEF78CBD144636
:102420000E460133149A22604644072BCDE92F361D
:10243000C4F8048000F3CB800834FFF709BA2D23D9
:10244000B9F1470F8DF88F300B963346079600F39E
:10245000AB800322AB4F0C92CDE90F3315930423CD
:102460000693FEF768BD0A992EAA584600F03AFD79
:1024700000287FF4FEA82599309E31AC2BE69DF80C
:102480008F30CDF83880003B18BF012306930C9B9A
:102490000793CDE90F3315930B93FEF74CBD9DF8D1
:1024A0008F3006920C925AAFFEF755BF079B0E92E3
:1024B000109315930C930F9306935AAF0B934FF011
:1024C00078099C468BE407EB0108A8EB03088F1AF8
:1024D000B845A8BFB846FFF7EEB931ACFEF758BD16
:1024E000DEB2079B8DF88F10002B8846BFF6A3AB9A
:1024F000FEF71BBF079B01932CAB049327AB039301
:1025000025AB0293022300935846DDE91C23FBF719
:10251000D3F907461AF0010F40F0B4822C9BDA1B66
:10252000259B1192D81C0F93C0F2288207999942DB
:10253000C0F2B7819A4200F3AA820F9B0C931AF45F
:10254000806F03D00F9B002B00F39E830C9B23EA2C
:10255000E373C24606934FF0670900231593109367
:10256000149B0AF00200002B00F0C2804FF02D0CEB
:102570008DF88FC0069B01330693002307932BE44D
:102580000E9A089912681180FEF74CBF3846FBF787
:1025900057F89DF88F300C9020EAE0720692002BDD
:1025A0003EF4ECADFEF7E8BD0322574F0C9253E723
:1025B0000A9C2EAA2146584600F094FCA38903F0F9
:1025C0004003FEF78EBC00230B9341AF03E70A994B
:1025D0002EAA584600F086FC00287FF44AA8309EB8
:1025E00031ACFFF735B90A992EAA584600F07AFCAB
:1025F00000287FF43EA8DDE92F36259931AA24E68C
:1026000006230B9007934AF48078FFF75BBB079B88
:1026100001331193022300932CAB049327AB119E3B
:10262000039325AB019602935846DDE91C23FBF783
:1026300043F929F02003462B07460693064400F091
:102640004F81DDE91C010022002303F019F9002865
:1026500040F00B832C9B9E4240F20583452206925C
:1026600030215A1C2C9219702C9BB342F9D3DB1BDE
:102670001193259B0F93069B472B00F00B81069B24
:10268000462B00F046810F9B8DF8A090013B002B5C
:102690002593C0F27A812B22092B8DF8A12000F31B
:1026A0007D8130228DF8A2200DF1A302303302F893
:1026B000013B28ABD31A1893119B189A012B1A448B
:1026C0000C9240F387820C9B169A13440C930C9A3D
:1026D0002AF4806343F4807A22EAE2720023CDE98F
:1026E0000F33159306923BE7079B1193032392E761
:1026F0009DF88FC0BCF1000F7FF43CAF149B079393
:10270000FFF76ABB2C8A0108308A01082EAA5146BD
:10271000584600F0E7FB00287EF4ABAF99F80000C4
:10272000309931AA044428E447F63003ADF89030DC
:10273000079B632B4AF0020A00F30882DDE91212BC
:10274000002AC0F2DF8125AADDE91201FAF7E8FFCD
:1027500000224FF07F5302F02BFE02460B46CDE9DC
:102760000C230023002203F08BF80346002800F01E
:10277000DF8201231496259341AF0B96A84B069355
:10278000079B0F94591ECDE9109A0795069EDDE927
:102790000C45B8468A4609E0002200230AF1FF39B9
:1027A00003F06EF8002840F04982CA469D4B002293
:1027B0002046294602F0FCFD0D46044603F0A8F829
:1027C000814602F08BFD02460B462046294602F068
:1027D00037FC16F80930BAF1FF3F4246044608F8C4
:1027E000013B0D46D8D116468F4BDDF844A00022A0
:1027F000CDE90C45079D0F9CCDF81C90DDF840906D
:1028000003F066F848B9DDE90C01874B002203F0BC
:1028100037F8E0B1079BDB0719D5069B2C96D97BCF
:1028200018F8012C9142434609D1302003F8010CDD
:102830002C9B5A1E2C9213F8012C8A42F6D0392A6E
:102840000BBF069A0132927AD2B203F8012C259A74
:10285000A8EB07031193B9F1610F02F1FF33259340
:1028600000F0B58250214FF04109002B8DF8A010E7
:10287000C0F28B822B22092B8DF8A12000F38E80D1
:102880000DF1A20212E7259B0F93F31B1193069BF8
:10289000472B3ED10F9B033370DB079B0F9A93426C
:1028A00010DA0F9B013BA9F10209002B8DF8A090D3
:1028B0002593BFF6F0AE0F9B2D22C3F101038DF8D7
:1028C000A120EEE6119B0F9A934200F3E0801AF0EC
:1028D000010F0F9B00F02382169A13440C932EE6EF
:1028E0003B78302B00F0C481259B1E44DDE91C01A0
:1028F0000022002302F0C4FF0028C4D12C9B9E427A
:102900003FF6AEAEDB1B1193259B0F93069B472B27
:10291000C0D00F99079A0AF00103002943EA020385
:1029200040F36082002B40F0D8810F9B0C934FF056
:1029300066091AF4806F40F0A9810C9B23EAE373C7
:10294000C246069309E60A992EAA584600F0CAFA2A
:1029500000287EF48EAE309E31ACFEF76FBF0A9930
:1029600007932EAA584600F0BDFA00287EF481AEE7
:10297000259A309E079B31ACFEF785BF0F9BA9F1CE
:102980000209013B8DF8A09025930F9BC3F1010331
:102990002D22092B8DF8A1207FF783AE0DF1B7060C
:1029A000DFF888C032461046ACFB0312D20802EBB7
:1029B0008201A3EB4101303100F8011C1946632963
:1029C000134600F1FF32EEDC303302F8013C831E87
:1029D000B34280F01D820DF1A10213F8011B02F831
:1029E000011FB342F9D103F5B4736B44C43B1B1A06
:1029F00028AA9B1A18935FE600230D460793FEF75B
:102A0000D2B90A992EAA584600F06CFA00287EF432
:102A100030AE259F119B309EDF1B31ACFEF74BBFC4
:102A20003C8A0108000030400000E03FCDCCCCCC17
:102A300045F63003ADF89030079B632B4AF0020A4D
:102A400000F38480DDE91212002A5BDB25AADDE9B0
:102A50001201FAF765FE00224FF07F5302F0A8FC46
:102A600002460B46CDE90C230022002302F008FFAA
:102A700008B1012325930023AA4A149306920B93CD
:102A800041AF7DE6079BFE18472306932EE7119B77
:102A9000169A9A180F9B0C92002B40F327814FF047
:102AA000670946E7C1F10008103180F2E7819E48CE
:102AB000149031461024064605E00832A8F11008AB
:102AC000B8F1100F50DD01331031072BC2E900645B
:102AD000CDE92F31F1DD0A992EAA584600F002FA0D
:102AE00000287EF4C6ADDDE92F3131AAE6E7069A6B
:102AF00007930132CDE90F330692CDF83880159354
:102B0000FEF719BA02F100431D932D231C910B9679
:102B100041AF149325AADDE91C01FAF701FE00225A
:102B20004FF07F5302F044FC02460B46CDE90C23E4
:102B30000022002302F0A4FE08B101232593B9F17D
:102B4000610F3FF41BAE774B069319E6079B58467F
:102B5000591C03F071F90746002800F085810B909D
:102B60004AF48078FFF7AEB80E460133149911602D
:102B70004644072BCDE92F36C2F8048000F30F81BD
:102B80000832FFF765BB079A002A00F01581002B79
:102B9000C0F21F819DED127B8DED1C7B1496079B6F
:102BA00001932CAB049327AB039325AB0293022331
:102BB00000935846DDE91C23FAF77EFE0023074602
:102BC0000B93A7E402F100431D932D231C91149352
:102BD000FFF783B81AF0010F3FF479AD73E50A9B54
:102BE000B3F90C3000220B9243F040030A9A938110
:102BF000FEF73FBD079B069DDDF82C800C93FFF789
:102C0000DBBB139B13F000432AF0800A0F9300F004
:102C1000A9802D238DF88F30B9F1470F4FF00003B5
:102C20000B93079340F30A810322404F0C9213E465
:102C300000230322CDE90B3207930DE4514600290E
:102C4000DDE9109A079D0F9CFFF601AE4A1C424435
:102C50004346302003F8010B9342FBD108EB0103FC
:102C600003F10108F3E5DB1B1193259B0F930AE5A4
:102C7000DDE91C010022002302F002FE002868D0DA
:102C8000259B0F931E4400E64FF067091A990B78B5
:102C9000FF2B00F0038100260F9A304603E001303D
:102CA0000131FF2B08D0934206DAD21A4B78002B61
:102CB000F5D10B780136F4E7CDE90F201A9115967E
:102CC000109A159B1B9913440C9A01FB03230C9338
:102CD00023EAE373C246069342E413460B44994643
:102CE000169B4B440C934FF0660922E6C3F1010397
:102CF0001A4422EAE273C2460C9206934FF0670927
:102D00002BE4CDF83880CBB1079B0C935A1C06926C
:102D10000790159010904FF07309FEF70CB90C93C3
:102D20000DE400BF508A0108CCC30108388A0108AD
:102D3000684A149306920B9341AF21E5079B0C93CD
:102D400006930B9B1593109307934FF07309FEF7AF
:102D5000F2B8119BC3F101032593C6E55E4A1492B4
:102D6000FEF795BC9DF88F30B9F1470FCCBF5B4F94
:102D70005B4F002B40F09A80032207930C9215932F
:102D800010930B930692FEF7D6B8C2F10103092BFC
:102D90004FF02D028DF8A1203FF700AE70E50A99A3
:102DA0002EAA584600F09EF800287EF462ACDDE9B9
:102DB0002F3631AAFFF74CBA002B2CDB9DED127B8E
:102DC000079B149301238DED1C7B0793E7E670218D
:102DD0004BE5DDE9121202F100431D932D231C91F6
:102DE0001493DCE6C24633B9012306934FF066091B
:102DF0000C93FFF7B2BB169B03F10109079B4B44F1
:102E00000C9323EAE37306934FF06609FFF7A5BB23
:102E10000223189350E4DDE9121202F100431D93DE
:102E20002D23149301231C910793B8E62A4A149288
:102E3000FFF7F7BA284B1493FFF71ABA0322284F6B
:102E40000C92FFF709BBCDE90F330B931593FEF7F7
:102E500072B80E9A6B780D4652F8041B0E9241EA36
:102E6000E1710791FDF79DBF0A9A938943F04003F2
:102E700093814FF0FF330893FEF736B8164914914B
:102E800073E60A9BB3F90C3043F04003AEE60A9BAD
:102E90000B90B3F90C3043F04003A7E600231593E1
:102EA00010930DE70C23CBF80030E2E700230793E3
:102EB000159310930B9303230C9304230693FEF7AF
:102EC0003AB85146FEF721BA5046FEF785BE534642
:102ED000FEF793BE3C8A0108CCC30108388A01087A
:102EE000348A01082DE9F843154692682C68FAB136
:102EF00080468946083401E00834CFB16B68591E1A
:102F0000002B1746696013DD54F8046C002EF3D0D3
:102F1000334654F8082C4946404601F0C9FF431C8B
:102F200007D0AA68921B1746AA600834002FE5D183
:102F300000200023C5E90133BDE8F88310B50B7804
:102F4000722B35D0772B05D0612B2AD01623036046
:102F5000002010BD4FF4C0644FF0010C08204B78E6
:102F600001316BB916E02B2B20F01C0E2CF0030363
:102F700003D14EF0100043F0020C11F8013F4BB1A9
:102F8000622B0BD0782BEED111F8013F4CF4006C82
:102F9000002BF5D144EA0C04146010BD4CF4803CC5
:102FA000EBE74FF402744FF0010C4FF48470D6E756
:102FB0000024A4460420D2E770B5B1F90C300C46C9
:102FC000990796B007D504F143030122C4E90432FE
:102FD000236016B070BDB4F90E10002905462BDB36
:102FE0006A46F9F7ABFF002824DB4FF480612846DE
:102FF000019E02F021FFB4F90C30A0B306F4704634
:1030000043F080034FF48062B6F5005FA381206037
:103010002061626135D1B4F90E10284600F064F8E1
:10302000B4F90C3068B323F0030343F001034FF409
:10303000006214E0B4F90C3013F0800F0CBF4FF4B1
:10304000806640263146284602F0F6FEB4F90C3080
:1030500048B1C4E9040643F0800320600022134312
:10306000A38116B070BD9A05B3D423F0030304F115
:10307000430243F002030121C4E90421A381226039
:10308000A7E74FF40062EAE770B50C46B1F90E10FD
:10309000002996B015461E4614DB6A46F9F74EFF26
:1030A00000280FDB019901F47041A1F50051B1FA3C
:1030B00081F14FF4806349094FF4006031602B6067
:1030C00016B070BDA18911F0800106D00021402307
:1030D000084631602B6016B070BD4FF4806308461F
:1030E00031602B6016B070BD38B5074D0022044624
:1030F00008462A60F0F749F9431C00D038BD2B6818
:10310000002BFBD0236038BD782D00200149002022
:10311000704700BF0000F87F00B50B4C25681446CF
:10312000EE681A4685B003460D464CB10749009536
:10313000CDE901143046064900F020FD01F018FFEA
:1031400004490C46F3E700BFEC070020C08B0108E0
:10315000D08B0108CC8B01082DE9F0410469B4EB58
:10316000611F05DC0023036100234361BDE8F0819A
:1031700000F1140C4E1111F01F0E0CEB84050CEB3A
:10318000860323D05CF8261004339D4221FA0EF109
:10319000CEF1200830D967461A6802FA08F20A43CD
:1031A00047F8042B53F8041B9D4221FA0EF1F3D883
:1031B000A31B9B00053B9C080CF1040223F00303B6
:1031C00042F82410134479B104330DE09D4288BFC6
:1031D00000F11002C6D953F8041B42F8041F9D42A7
:1031E000F9D8A31B0CEB8303A3EB0C0292106345ED
:1031F0000261B9D0BDE8F08141610029B2D06346D7
:10320000E2E700BF2DE9F04F0F6885B0CDE900205F
:10321000BA780393302A894640F0F881FB1C1A786B
:10322000302A1C4603F10103F9D0E71B023FDFF807
:10323000108318F80230002B00F0EE80237818F885
:1032400003304FF0000A5546002B00F06B812646F4
:1032500016F8013F18F80330002BF9D1B7490122C5
:103260003046F9F78DFD834600284CD03278002D8A
:1032700000F0A281AB1B4FEA830B02F0DF02502A61
:1032800035464CD0C9F80060BAF1000F74D12A1B42
:10329000013A072A514604DD5210072A01F10101C3
:1032A000FADC0198FBF73AFB8246002800F09B828B
:1032B00000F11406AC42029666D20027B9460DE032
:1032C000202F1AD03A4604372B7818F8033003F031
:1032D0000F03934049EA0309A54258D015F8013D70
:1032E0002E2BEDD1A542EBD3944901222846F9F7C4
:1032F00047FD0028F0D0202FE4D1002246F8049B9F
:1033000004279146E0E7002D00F07181327802F049
:10331000DF02AB1B502A4FEA830B3546B2D16A78E5
:103320002B2A00F047812D2A40F0E5800120AA7861
:1033300018F802104A1E182A05F1020600F2E5806C
:10334000727818F80220103901365AB90CE001EBF6
:10335000810116F8013F02EB4102A2F1100118F8B9
:1033600003200AB1192AF2DD00B149428B44C9F8A1
:103370000060BAF1000F8AD0002F0CBF0624002491
:10338000204605B0BDE8F08F029E4FF0000946F8D8
:10339000049B029BF61AB610CAF810604846FBF769
:1033A00097FB009B76011D68361AAE4255DCC0F2D1
:1033B0000581009B9A685A45C0F2F3805A6893458C
:1033C00080F2A580A2EB0B0BAB4571DA0BF1FF3657
:1033D000002E40F0618137467311029A06F01F06F5
:1033E00052F823200123B3401342A5EB0B055946A5
:1033F000504600F06081FFF7AFFE009BDC68D3F819
:1034000004B0022C00F01481032C00F07081012C18
:1034100000F0698112247BE0484901222046F9F737
:10342000AFFC824600287FD1637818F80320651C22
:10343000002A7BD0302B2C4640F05B8114F8013FF2
:10344000302BFBD018F80330B3FA83FA01274FEA88
:103450005A1A002B7FF4FBAE64E0761B31465046CF
:10346000FBF772FF074678B1711E4A11029B0127D4
:1034700053F8220001F01F0207FA02F2024203D0C1
:10348000B94200F30F81022731465046FFF764FE30
:10349000009B9A68B3445A45C0F28380009B5A68E7
:1034A0005A4540F3B680A2EB0B0B5D4500F3E58077
:1034B000009BDB68022B45D0032B00F00881012B19
:1034C00043D1AB4541D1BBF1010F08D00BF1FF3126
:1034D0005046FBF739FF002837D0009B5A68039904
:1034E0000A60029A0123CAF8103013600E9B62240E
:1034F000C3F800A044E718F802104A1E182A05F184
:1035000001064FF000007FF61BAF2E46BAE60124FD
:103510000E9BC3F800A0039B2046C3F800B005B083
:10352000BDE8F08F264699E62378254603F0DF03B1
:10353000502B00F0C780C9F800501DE7788A0108B9
:10354000ECC301080F9B002BC9D001985146FBF733
:103550000BFA50240E9A00232046136005B0BDE8F4
:10356000F08FDAF80820974280F2C5800AEB8701D5
:103570007A1C0120022CCAF81020DDF8088048616E
:1035800000F0AA80002A00F3DB800022CAF8102095
:103590000022CAF81420009B9A680BF1010B5A45CF
:1035A00069DA01985146FBF7DFF90E9A0023A3244C
:1035B0001360E5E60020BAE6AB465EE6AE1B514678
:1035C00032460198FBF732FC009B9A68ABEB060B86
:1035D00093458246E5DC5A68934598DAA2EB0B0BDB
:1035E00000F11403AB450293BFF662AFEEE67278CA
:1035F00018F80210751C2E4600293FF43EAE16F84E
:10360000012F18F80230002BF9D133E6BC1C00273B
:103610000DE60124002F3FF47BAF009BDA68022AFD
:1036200006D0032A08D0012A2ED044F010046FE7F8
:103630000F9BC3F101030F930F9B002BF5D0DAF81A
:103640001070029A4FEA8709904602EB8706002025
:1036500003E0964242F8040C83D9944652F8041BC6
:103660004B1CF6D00131022CCCF8001034D015F0F0
:103670001F0540F0918021244AE70BF1FF36002F0F
:103680003FF4A6AE0127A7E6B907CED5029B1A687C
:103690001743FA07D3D4C8E731465046FBF754FE28
:1036A000074699E6B11E5046FBF74EFE00283FF450
:1036B000EAAE0327E8E6FFF74FFD009B0224D3F8AC
:1036C00004B0A7E74FF0000B4FF0010A27E60F9B6D
:1036D000002B7FF404AF38E7009B1A68013AAA4236
:1036E00067D0222414E747F002070224CEE7022421
:1036F000A2E70127ABE5DAF8041001980131FBF7E6
:103700000DF90646002868D0DAF81020023292003F
:103710000AF10C010C30F9F7E3FE51460198FBF772
:1037200023F93269012006EB8201022C0244326146
:1037300006F114084861B246CED0974297DA21E7E5
:1037400008EB82050AF11800DAF8142085424FEAE6
:1037500052023AD94446036842EAC37244F8042B41
:1037600050F8042B85424FEA5202F4D8A5EB0A0127
:10377000193908F104008C0821F0030140F82420D5
:10378000014402B10431A1EB080292104145CAF88C
:1037900010207FF400AFFBE6C144C5F1200559F8C5
:1037A000040CFBF795F9A842BFF665AFDAF81020D4
:1037B000E8E66A1105F01F0558F822100122AA4018
:1037C0000A4214BF21242224A2E6C8F800200AB12C
:1037D0004146D7E7CAF81020DAE6064B06483246DB
:1037E0008421FFF799FC034B03485246E421FFF77D
:1037F00093FC00BFD08A0108008C010810B4046853
:10380000013409E014F8013BA3F1410CBCF1190F9C
:1038100098BF2033934208D111F8012B002AF1D12F
:10382000046001205DF8044B704700205DF8044BF4
:10383000704700BF09682DE9F04F4B1102EB83037D
:1038400011F01F0B07460CBF1846181D3C680CBF33
:103850001D1F1D46002385B040F8043C61780134EB
:10386000002900F0A9809E469A461E460B46014656
:103870001046DFF8849101975A46A846AC46834625
:1038800010E0202B00F29080564508DDC44502D29E
:10389000BEF1070F60DDE34555D34FF0080E14F875
:1038A000013FB3B119F80370002FEAD00EF1010EF9
:1038B000BEF1080F06F101063BDCDCF800301B010D
:1038C00007F00F071F43CCF8007014F8013F002BDE
:1038D000E8D15B46084693461A46002E6CD0C44594
:1038E00002D2BEF1070F72DD62454ED2111F634650
:1038F00053F8044B41F8044FAB42F9D9A5EB0C0344
:10390000691C23F003030CF1010C8C4588BF0023D4
:10391000111D0B44002419460433AB420C60FAD944
:1039200050F8043C002B4DD1AA4249D055F8043D33
:10393000F8E7E345B3D200234CF8043C4FF0010E06
:10394000ACF1040CBCE70023ACF104084CF8043CD7
:10395000B246C4469E46A2E7CEF108008000CDE9FB
:10396000022CDCF800306746C0F1200E84467868EF
:1039700000FA0EF21A4320FA0CF33A6047F8043FBB
:103980004745F4D3DDE9022C85E750F8043CBBF150
:10399000000FC7D0CBF1200B4FF0FF3121FA0BF114
:1039A0000B4040F8043CBDE70846194629295B4610
:1039B000019F93461A4607D0042005B0BDE8F08F5A
:1039C000012313600520F8E701343C6085E7CEF160
:1039D0000803DCF800109B00C3F1200E66460C467D
:1039E000776807FA0EF1214327FA03F4316046F8AD
:1039F000044F4645F4D377E7ECC301082DE9F04FB7
:103A00008BB0DDE91589149F02901C46B8F1000FB8
:103A10004FD0166801960029C34608BF4FF0FF3704
:103A2000002503919246884607E0019B53F8040B5A
:103A30000193013C00284AD06546AF4235D9002C9D
:103A400033D0DBF800300493DBF804300593019B9E
:103A500002981A68D9F8E0605B4606A9B047431C93
:103A60001CD000EB050CBC4526D8039B002BDCD0FA
:103A700000280DDD08F1FF32019E06A902EB000EC1
:103A800011F8013B02F8013F7245F9D101968044DB
:103A9000DAF800200432CAF80020C6E7029B8A2127
:103AA000002219600546CBF8002028460BB0BDE87F
:103AB000F08F00F58678ACE7D846DDF810A0DDF889
:103AC00014B02846C8E900AB0BB0BDE8F08F0399ED
:103AD000D84609B1CAF800000CF1FF35002228468B
:103AE000C8F800200BB0BDE8F08F00BF10B584B05F
:103AF000054C0698009007980190044800680294CD
:103B0000FFF77CFF04B010BD80060020EC0700200A
:103B1000184B98422BD870B5174D4FF0000E40F659
:103B2000F90403E003F1010E74451CDB0EEB040302
:103B300003EBD37323F0010202EB630205EB420CAB
:103B40005B109CF80110BCF80260BCF804C041EAAC
:103B500006218C4460454FEA4202E3D8884204D2F1
:103B60005C1E7445E2DAFF2070BDA85C70BDFF20CA
:103B7000704700BFEF010E00ECC401080EB410B591
:103B800083B005AB064C53F8042B01930146206823
:103B900000F008F803B0BDE8104003B0704700BF64
:103BA000EC0700202DE9F04FC5B00DF1500A834617
:103BB000049116460021082250461C460B93F9F743
:103BC00091F8BBF1000F04D0DBF83430002B00F08B
:103BD0005287049A536EB2F90C20D90740F13D8107
:103BE000970400F1D485049942F4005223F4005361
:103BF0008A814B6612B2130740F1BD80049B1B699A
:103C0000002B00F0B88002F01A030A2B00F0C280EB
:103C10000023CDE91933CDE90E331BAADFF8AC98A8
:103C20000D93189217460793B0464546D9F8E440DD
:103C3000F9F768F9CDF800A003462A4612A95846BC
:103C4000A047002800F0C580C0F2BB80129A252A48
:103C5000034601D01D44E9E7B5EB0806044640F0F1
:103C6000BC80002319468DF8433008934FF0FF3293
:103C70006B78069205F10108039108F10108A3F1A0
:103C800020025A2A00F2FC80DFE812F08603FA00D4
:103C9000FA007F03FA00FA00FA005F03FA00FA0064
:103CA0001F023102FA002A029803FA0091035B0016
:103CB0005B005B005B005B005B005B005B005B002C
:103CC000FA00FA00FA00FA00FA00FA00FA00FA0024
:103CD000FA00E5013503FA00FA00FA00FA00FA00EA
:103CE000FA00FA00FA00FA00FA003702FA00FA00C5
:103CF000FA00B701FA001203FA00FA00EB05FA0025
:103D0000FA00FA00FA00FA00FA00FA00FA00FA00E3
:103D1000FA00E5017201FA00FA00FA005503720197
:103D20006E00FA003104FA0022040604B4036E00A7
:103D3000FA00B7016B007102FA00FA001C06FA00E3
:103D40006B00A3F130020023194618F8013B01EB88
:103D5000810102EB4101A3F13002092AF5D9089152
:103D60008DE798F8003088E7039B43F02003039326
:103D700098F8003081E7049D58462946F8F73CFD45
:103D8000002841F02380B5F90C2002F01A030A2B19
:103D90007FF43EAF0499B1F90E30002BFFF638AF37
:103DA0004B6EDD0702D4900540F1BE87049923468F
:103DB0003246584601F03AF80790079845B0BDE8FA
:103DC000F08F082200215046F8F78CFF01231D4494
:103DD0002CE7B5EB0806044610D01A9B33441A931F
:103DE000199B0133072BC7E90086199310DC0837AC
:103DF000079B33440793002C7FF433AF1A9B002BAF
:103E000040F09C87049B0022B3F90C30199218E013
:103E1000049918AA5846F7F7E9FB78B91BAFE7E70A
:103E2000049918AA5846F7F7E1FB002800F08C80A7
:103E3000099B1BB10999584602F002F8049BB3F99B
:103E40000C30049A526ED00740F188805B0600F176
:103E50003881079845B0BDE8F08F900540F1218189
:103E600091047FF5C0AE9F047FF5C5AE049B9B898E
:103E70009A0500F12681049B986DF9F701F920E17C
:103E8000002BBBD001228DF8AC3000238DF84330DD
:103E900009930A9206932BAD0592DDE919C0039CA4
:103EA00014F084060146624626D1089B059C1C1B23
:103EB000002C00F314849DF8433003B300260C96C5
:103EC0000132012301317B60072A0DF14303CDE963
:103ED00019213B6000F39B8308370C9B63B10132CF
:103EE00011AB02313B60072A4FF00203CDE91921E3
:103EF0007B6000F380830837802E00F00383069BED
:103F00000A981C1A002C00F33B830A9B3D60013287
:103F10001944072ACDE919217B6000F36183083732
:103F2000039B5C0705D5089B059A9C1A002C00F39F
:103F30007A83DDE9073205988242ACBF9B181B18D3
:103F4000079300297FF46CAF00231993099B1BB1E1
:103F50000999584601F074FF1BAF66E69A053FF5D4
:103F600075AF049CA06DF9F78BF8B4F90C306DE7D0
:103F7000039B9B0640F128840B9B073323F0070328
:103F80001A465B6852F8084B0B921E46002BC0F293
:103F9000C381069A002A07DB039B23F08003039367
:103FA00054EA060300F0B0840A2C76F1000380F096
:103FB000028104F13003DBB2069A8DF80F31012A39
:103FC0009DF84330B8BF01220592002B00F0D38347
:103FD000059B0133002505930123CDE909530DF21B
:103FE0000F15DDE91921039B13F08406084694465A
:103FF0003FF45BAF00230C9362E70B9E00228DF829
:10400000432056F8042B0992002A00F05D85532BBB
:1040100000F09484039B13F0100440F08F84069A00
:10402000002AC0F2658609982146F9F709FA9DF839
:104030004320099D002800F0AB86431B0A9323EA26
:10404000E3730593002A00F09D86013306940593DF
:104050000B960994C5E70B9A432B02F1040403D095
:10406000039BD90640F146840822002116A8F8F7E0
:1040700039FE0B9B2BAD1A68294616AB5846FCF748
:1040800025FD034601330A9000F06B860A9B23EA64
:10409000E373059300230B948DF843300993069343
:1040A000FBE6049DA86DF8F7E9FFB5F90C206B6EEF
:1040B00095047FF598AD98047FF59DADD9077FF500
:1040C000D5AE4FF0FF330793C3E60B9B53F8042B99
:1040D0000892002A80F25683089A0B935242089263
:1040E000039B43F00403039398F80030C5E52B23AA
:1040F0008DF8433098F80030BFE5039B9D0643F0F0
:10410000100040F177830B9B073323F007031A4617
:10411000596852F8083B0B9200228DF84320069A0A
:10412000002AC0F2248320F49062039253EA010231
:1041300000F0318344AD03F00702DB0843EA41732A
:10414000C908303253EA0104284605F8012DF2D19E
:10415000039B13F0010340F09F82069A099344AB3E
:104160005B1B9A42B8BF1A460A93059295E60399DB
:104170008E0600F1A38003990B9A11F0100652F8F5
:10418000043B40F04083039911F0400100F0D384D8
:104190009CB2069B8DF84360002B06DB039B23F04B
:1041A00080030393002C00F03D830A2C76F100037A
:1041B0000B92FFF4FEAE039B099703F4806300208B
:1041C000CDF8308044A9DDF8348005901F46CDF845
:1041D00028B025E00590A319BA4843F10003A0FBDD
:1041E000032C2CF0030202EB9C029B1AE31A4FF003
:1041F000CC32A346B64602FB03F266F1000600FB92
:104200000622A3FB0043BBF10A0F13444FEA5404F8
:104210007EF1000E294644EAC3744FEA53062ED3BA
:10422000059BA84A01330593A31943F100031046E7
:10423000A2FB032525F0030202EB95029B1AE31A69
:10424000A3FB003266F1000500FB05225B0843EA90
:10425000C27303EB8303A4EB4303303301F8013C47
:104260004D1E002FB7D0059898F800308342B1D189
:10427000FF28AFD00A2C76F1000380F080840699E5
:104280009DF84330CDF8348044AA521B9142B8BF08
:104290001146DDE9097BDDF830800A920591002B9B
:1042A00000F00A84059B013305930023099398E6E7
:1042B000039B43F010019B0640F1A3820B9B073345
:1042C00023F007031A465E6852F8084B0B9200234E
:1042D0008DF84330069B002BC0F2F78221F080035B
:1042E000039354EA06037FF45FAE069B002B00F0B5
:1042F0009E8200245DE6039A42F01003920600F1CC
:104300009C820B9A04320B9903930C680B92E6176C
:104310003346002BBFF63DAE2D238DF84330069B70
:10432000644266EB4606002BFFF63EAE039B23F08D
:104330008003039338E698F80030682B00F0F4828D
:10434000039A42F04002039297E45846F8F7E0FDE2
:1043500043680F931846F9F773F90E9004465846D0
:10436000F8F7D6FD826898F800300D92002C3FF4E3
:1043700084AC002A3FF481AC1278002A3FF47DAC73
:10438000039A42F48062039277E4039B43F00103B3
:10439000039398F8003070E49DF8432098F80030BB
:1043A000002A7FF46AAC20228DF8432065E4039B49
:1043B00043F08003039398F800305EE4404610F821
:1043C000013B2A2B00F0F684A3F13002092A98BFA2
:1043D000002100F2AE8410F8013B01EB810102EBF9
:1043E0004101A3F13002092AF5D941EAE1720692AE
:1043F000804644E40B9C069D54F8043B002247F69B
:1044000030019542ADF844108DF84320184611460E
:10441000C0F25E82039A0B9422F0800242F0020204
:104420000392002B00F05B83274A03F00F03022462
:10443000D35C05948DF80F31030943EA0173080931
:1044400053EA111100F0D0840DF20F1503F00F01A3
:104450001B09515C05F8011D43EA0073000953EA8A
:104460000001F3D144AB5B1B1A460A93069B9342AF
:10447000B8BF1346059A002A00F0BA84DDE9192175
:10448000039C023314F0840605930846944600F01A
:104490007C820023099322E5039884063FF533AE1E
:1044A00003990B9A11F0100152F8043B40F0B384C9
:1044B000039C14F0400000F01E839BB20B92204638
:1044C0002AE600BFCDCCCCCC3C8A01088006002077
:1044D000039B990640F1B4810B9B079A1B681A60F5
:1044E000D2175A600B9B04330B93FFF79EBB98F8CF
:1044F00000306C2B00F00E82039A42F010020392FF
:10450000FFF7BBBB089B05981C1A002C7FF7F7AC84
:10451000102CB64B23DD38460C951026049D1F4603
:1045200004E0103C102C00F1080015DD01321031C0
:10453000072AC0E90076CDE91921F2DD18AA29463B
:104540005846F7F753F800287FF472AC103C102C53
:10455000DDE919211BA8E9DC0C9D3B460746013229
:104560002144072ACDE919213B607C6000F3948245
:10457000069B0A981C1A002C07F108077FF7C5ACA8
:10458000102C9A4B21DD384610261F4604E0103CC3
:10459000102C00F1080016DD0132944B1031072A6F
:1045A000C0E90036CDE91921F1DD049918AA584671
:1045B000F7F71CF800287FF43BAC103C102CDDE929
:1045C00019211BA8E8DC3B46074601322144072A93
:1045D000CDE919213B607C6000F3BC80083794E48E
:1045E000049918AA5846F7F701F800287FF420AC80
:1045F0001A991BAF94E4049918AA5846F6F7F6FFE7
:1046000000287FF415ACDDE919211BAF74E404998F
:1046100018AA5846F6F7EAFF00287FF409ACDDE94E
:1046200019211BAF59E4102C199B714E21DD3A461C
:1046300010253746049E04E0103C102C02F10802BD
:1046400015DD01331031072BC2E90075CDE91931B1
:10465000F2DD18AA31465846F6F7C8FF00287FF465
:10466000E7AB103C102CDDE919311BAAE9DC3E4612
:10467000174601332144072BC7E90064CDE91931FE
:104680007FF757AC049918AA5846F6F7AFFF0028F1
:104690007FF4CEAB1A994CE4302A00F0F18130233C
:1046A000069A05F8013C023844AB1B1A9A42B8BF7F
:1046B0001A460A9305460592DDE91921039B13F07A
:1046C00084060846944600F0A8839DF84330002BEA
:1046D00000F0A683002309930C93FFF7F1BB00239E
:1046E0000C93102C424E624623DD394610232F4690
:1046F000049D04E0103C102C01F1080117DD01328B
:104700001030072AC1E90063CDE91920F2DD18AAAB
:1047100029465846F6F76AFF00287FF489AB103C1B
:10472000102CDDE919201BA94FF01003E7DC3D46F2
:104730000F4601322118072ACDE919213E607C601D
:1047400000F36C819DF843600837002E36D00026B8
:10475000FFF7B6BB049918AA5846F6F747FF00289A
:104760007FF466ABDDE919211BAFFFF7CEBB20F468
:1047700080620392DEE4099301230A930DF20F1580
:10478000FFF78BBB0B9398F80030FFF776BA9D04C8
:104790007FF531AA95E4069A002A7FF4CBAC10F09D
:1047A0000102059200F0348130238DF80F31069B11
:1047B0000A9209930DF20F15FFF76FBB0C9B002BAC
:1047C0007FF48DABFFF79BBB039B0B9ADE0652F881
:1047D000044B3FF598AD039B5D0640F1A18144F386
:1047E000C0360B9224B23346FFF7D0BBC8FA01089B
:1047F000D8FA01080B9B1A1D0B9B0B921B6800211A
:104800008AE40B9B1A1D0B9B06981B680026B0427E
:104810008DF843601C4657DB21F080010391002B8B
:104820007FF4C3AC069B0B92002B7FF462AD0A931E
:104830000593099344ADFFF730BB0393FFF79CBB8F
:10484000039BDA0600F13B81039B5B0600F13D828E
:10485000039B9E0540F133810B9B079A1B681A70DE
:1048600040E6AC4A039911F0200100F0B2800B99A8
:10487000073121F0070108460446496854F8080B3F
:104880000B94039E16F00105059500F0888050EA10
:10489000010440F0D98000238DF84330069B002BA3
:1048A000C0F2B281039B23F49063039300F006826D
:1048B00013788DF80F31059B0A93069B05930DF233
:1048C0000F15F9E6944ACDE70B920391FFF76CBB05
:1048D00003990B9441F002010391104603F00F017C
:1048E0008D4A1B09515C8DF80F1100F08382022163
:1048F0000591A9E50B9B1B688DF8AC30012305934E
:104900000A932BADFFF7C6BB002A00F0CC81302301
:10491000FFF752BB039B43F02003039308F1010808
:1049200098F80030FFF7A9B9039B43F40073039391
:1049300008F1010898F80030FFF79FB9099B13931D
:104940000822002116A8F8F7CDF9069B002BC0F22B
:1049500065810024059725461F460EE02BA9584681
:10496000FCF7B4F8411C284400F0FB81B84209DC94
:1049700004F1040400F004820546139A125916ABA0
:10498000002AEBD1059F069557E1089C059B0996E7
:10499000E41A002C7FF7A3AA02230C93A1E6059B3F
:1049A0008DF84330069B002B27DB039B23F4906399
:1049B000039350EA01035AD10699002900F064815B
:1049C00013788DF80F31012305910A930DF20F151D
:1049D00072E60B9C54F8040B0B94039C14F0100427
:1049E0007FF44FAF039911F0400100F0C18080B215
:1049F000214646E743F002030393039C00F00F03B4
:104A000004F0020524F48064D35C0595039411E559
:104A1000069B44ADCDE90933FFF73FBA049918AAC4
:104A20005846F6F7E3FD064600287FF401AA9DF8F4
:104A30004330DDE91921002B68D10C9B1BAF002B03
:104A40007FF44DAAFFF75BBA8DF8453030238DF81F
:104A5000443000238DF84330069B002B039BC9DBB9
:104A600023F4906343F0020303930223059300F0C1
:104A70000F03D35CDEE45846F7F766F8FFF7A9B8F2
:104A8000069A44AB5B1B9A42B8BF1A460A930023AE
:104A900005920993FFF701BA049918AA5846F6F748
:104AA000A5FD00287FF4C4A9DDE919211BAFFFF79C
:104AB00026BA099D06930B960993FFF7EEB90B9B57
:104AC000079A1B681A600DE5069B144D0B96062B82
:104AD00028BF062305930A930692FFF7DEB9002D3F
:104AE00000F0EE80302301228DF80F310A922B4620
:104AF0000DF20F15C2E4039C14F4007100F0F48071
:104B00000146DBB20B922046FFF706BB1BAFFFF757
:104B1000D7B900BF508A01083C8A0108648A01089D
:104B2000039B0B9298054ABF44F3C016E61764B284
:104B30003346FFF72BBA039810F4007640F0CA8092
:104B400006998DF8436000291C46FFF62EAB0398AA
:104B500020F080000390002B7FF427AB0B920029FC
:104B60007FF4C7AB0A910591099144ADFFF795B960
:104B7000039C14F4007414BFC0B2214681E60E9A5F
:104B80000F99AD1A2846F8F737F998F801300BB1AC
:104B900008F10108A44AA31943F10003A2FB030C86
:104BA0002CF0030000EB9C001B1AE31A4FF0CC31F1
:104BB00066F1000603FB01F102FB0611A3FB0230C4
:104BC00001445B0843EAC1744E08A31943F1000392
:104BD000A2FB031020F0030101EB90015B1AE31A22
:104BE000A3FB023166F1000002FB00125B0843EAFE
:104BF000C27303EB8303A4EB4303303305F8013C9A
:104C00000120013DFFF730BB13788DF80F3126F4FA
:104C100080630A9503930DF20F154DE516AB0093D3
:104C20000023194613AA5846FBF776FF03460133C3
:104C3000069000F09680099B1393069B43B3632B69
:104C40006ADC002309932BAD0822002116A8F8F78F
:104C500049F8069C16AB009313AA234629465846EA
:104C6000FBF75AFF844240F0CF80069900236B5433
:104C700021EAE17205929DF84320002A68D1CDE92E
:104C80000A160692FFF709B9069B0A9344AD13E58D
:104C90009DF84330099D0B96003B18BF01230593F7
:104CA000069B0A9308E59DF843303BB1069BCDE98E
:104CB0000933012344AD0593FFF793B9069BB6E58D
:104CC000069B0A9344ADFFF7D9BB0B9B079A1B6861
:104CD0001A8007E4DCB2069B8DF84310002B0E46C9
:104CE000BFF65CAAFFF761BA03980B92FFF714BAFC
:104CF000099D2846F8F7A4FC9DF843300A9020EA65
:104D0000E0720592002B3FF4D4AE01320694059276
:104D10000B960994FFF765B9591C584601F08CF8B9
:104D20000546F0B109908FE7886DF8F7A9F9FFF70C
:104D30003DB8002280460692FEF7A1BF049918AA4A
:104D40005846F6F753FC00283FF45CA8FFF776B806
:104D5000069A0A92059A0B96013205920693FFF77E
:104D600040B90498B0F90C30426E43F04001D207CC
:104D700081813FF5A6A999053FF5A3A9FFF7F1B8F1
:104D8000059F5AE7099D06920B960992FFF785B891
:104D900042B1069A0B96511C05910A920690099011
:104DA000FFF71FB9069B09920B960A93059306928B
:104DB000FFF773B80B9A98F8013052F8041B0B9266
:104DC00041EAE17180460691FEF757BF049A536E9F
:104DD000DF073FF576A993899E053FF572A9906D8F
:104DE000F8F74EF9FFF76DB90DF20F15FFF73ABB63
:104DF000059361E4069B0122012BB8BF01230DF24C
:104E00000F150A92FFF73ABB049A938943F04003C7
:104E10009381FFF70DB80398EEE40996FFF745B8C4
:104E20000993FFF769B800BFCDCCCCCC2DE9F04198
:104E300098468B89ADF58D6D23F00203ADF80C30EB
:104E40001AAB009304934FF48063029305934B6E67
:104E50001993CB89ADF80E30CB6907934B6A099350
:104E600016460023074616A80D460693F8F702F9E2
:104E70003246434669463846FEF794FE061E6C46A7
:104E800007DB69463846F6F7C3FC002818BF4FF029
:104E9000FF36A3895B0603D5AB8943F04003AB81A2
:104EA000A06DF8F7E9F830460DF58D6DBDE8F0819D
:104EB0002DE9F0478F681D46AF420B680C46164639
:104EC00036D8B1F90CC01CF4906F0ED13D4618468F
:104ED00031462A46F7F78AFEA368DF1B2368A760DE
:104EE0002B4400202360BDE8F0874A69096902EB82
:104EF00042025F1A02EBD2726B1C52103B44934287
:104F000092BF914699461A461CF4806F804611D094
:104F1000114600F091FF824600B321693A46F8F746
:104F2000DFFAA38923F4906343F08003A38105E0B3
:104F30002F46CCE700F082FF824658B10AEB070308
:104F4000A9EB0707A760C4F810A0C4F81490236069
:104F50002F46BCE72169404600F072FFA3890C226E
:104F600043F04003C8F800204FF0FF30A381BAE7B8
:104F700008B5062000F004F80120EEF7C5F800BFE0
:104F800038B5144B1F281D681ED8D5F838210446A3
:104F900062B152F820304BB1012B05D0591C0FD013
:104FA000002142F820109847002038BD284600F024
:104FB00029F8224601462846BDE8384000F00CB8E2
:104FC00016232B60012038BD16232B604FF0FF30D5
:104FD00038BD00BFEC07002070B50C46084D0346F5
:104FE0000026204611461C462E6000F01DFF431C83
:104FF00000D070BD2B68002BFBD0236070BD00BFBC
:10500000782D002000F008BFD0400B00D1409C4616
:10501000203AD340184352426346934018437047A6
:105020009140030090409C46203A934019435242DD
:105030006346D3401943704781F0004102E000BF4E
:1050400083F0004330B54FEA41044FEA430594EA48
:10505000050F08BF90EA020F1FBF54EA000C55EA83
:10506000020C7FEA645C7FEA655C00F0E2804FEA54
:105070005454D4EB5555B8BF6D420CDD2C4480EA36
:10508000020281EA030382EA000083EA010180EA66
:10509000020281EA0303362D88BF30BD11F0004FB4
:1050A0004FEA01314FF4801C4CEA113102D04042EA
:1050B00061EB410113F0004F4FEA03334CEA133325
:1050C00002D0524263EB430394EA050F00F0A7803D
:1050D000A4F10104D5F1200E0DDB02FA0EFC22FA38
:1050E00005F2801841F1000103FA0EF2801843FA2C
:1050F00005F359410EE0A5F120050EF1200E012A1D
:1051000003FA0EFC28BF4CF0020C43FA05F3C0185A
:1051100051EBE37101F0004507D54FF0000EDCF1D3
:10512000000C7EEB00006EEB0101B1F5801F1BD37C
:10513000B1F5001F0CD349085FEA30004FEA3C0C80
:1051400004F101044FEA445212F5800F80F09A8076
:10515000BCF1004F08BF5FEA500C50F1000041EB7A
:10516000045141EA050130BD5FEA4C0C404141EB7E
:105170000101013C28BFB1F5801FE9D291F0000F79
:1051800004BF01460020B1FA81F308BF2033A3F128
:105190000B03B3F120020CDA0C3208DD02F1140C1F
:1051A000C2F10C0201FA0CF021FA02F10CE002F15A
:1051B0001402D8BFC2F1200C01FA02F120FA0CFC53
:1051C000DCBF41EA0C019040E41AA2BF01EB04519C
:1051D000294330BD6FEA04041F3C1CDA0C340EDC9A
:1051E00004F11404C4F1200220FA04F001FA02F3DD
:1051F00040EA030021FA04F345EA030130BDC4F19B
:105200000C04C4F1200220FA02F001FA04F340EA8F
:105210000300294630BD21FA04F0294630BD94F040
:10522000000F83F4801306BF81F480110134013D27
:105230004EE77FEA645C18BF7FEA655C29D094EA98
:10524000050F08BF90EA020F05D054EA000C04BF16
:105250001946104630BD91EA030F1EBF0021002001
:1052600030BD5FEA545C05D14000494128BF41F0A0
:10527000004130BD14F580043CBF01F5801130BD04
:1052800001F0004545F0FE4141F470014FF000008F
:1052900030BD7FEA645C1ABF194610467FEA655C40
:1052A0001CBF0B46024650EA013406BF52EA0335E2
:1052B00091EA030F41F4002130BD00BF90F0000FD0
:1052C00004BF0021704730B54FF4806404F132040C
:1052D0004FF000054FF0000150E700BF90F0000FC5
:1052E00004BF0021704730B54FF4806404F13204EC
:1052F00010F0004548BF40424FF000013EE700BFBC
:1053000042004FEAE2014FEA31014FEA02701FBF4B
:1053100012F07F4393F07F4F81F06051704732F07D
:105320007F4208BF704793F07F4F04BF41F40021D4
:10533000704730B54FF4607401F0004521F0004132
:105340001CE700BF50EA010208BF704730B54FF0BC
:1053500000050AE050EA010208BF704730B511F0BD
:10536000004502D5404261EB41014FF4806404F1F5
:1053700032045FEA915C3FF4D8AE4FF003025FEA7B
:10538000DC0C18BF03325FEADC0C18BF033202EBFF
:10539000DC02C2F1200300FA03FC20FA02F001FA59
:1053A00003FE40EA0E0021FA02F11444BDE600BFFC
:1053B00070B54FF0FF0C4CF4E06C1CEA11541DBFAB
:1053C0001CEA135594EA0C0F95EA0C0F00F0DEF876
:1053D0002C4481EA030621EA4C5123EA4C5350EA5B
:1053E000013518BF52EA033541F4801143F48013AC
:1053F00038D0A0FB02CE4FF00005E1FB02E506F03D
:105400000042E0FB03E54FF00006E1FB03569CF091
:10541000000F18BF4EF0010EA4F1FF04B6F5007F97
:1054200064F5407404D25FEA4E0E6D4146EB060609
:1054300042EAC62141EA55514FEAC52040EA5E5092
:105440004FEACE2EB4F1FD0C88BFBCF5E06F1ED83C
:10545000BEF1004F08BF5FEA500E50F1000041EB73
:10546000045170BD06F0004646EA010140EA020020
:1054700081EA0301B4EB5C04C2BFD4EB0C0541EA42
:10548000045170BD41F480114FF0000E013C00F357
:10549000AB8014F1360FDEBF002001F0004170BD7B
:1054A000C4F10004203C35DA0C341BDC04F1140494
:1054B000C4F1200500FA05F320FA04F001FA05F220
:1054C00040EA020001F0004221F0004110EBD370ED
:1054D00021FA04F642EB06015EEA430E08BF20EA19
:1054E000D37070BDC4F10C04C4F1200500FA04F3BC
:1054F00020FA05F001FA04F240EA020001F000414E
:1055000010EBD37041F100015EEA430E08BF20EAC0
:10551000D37070BDC4F1200500FA05F24EEA020E08
:1055200020FA04F301FA05F243EA020321FA04F037
:1055300001F0004121FA04F220EA020000EBD370EE
:105540005EEA430E08BF20EAD37070BD94F0000FEE
:105550000FD101F00046400041EB010111F4801F22
:1055600008BF013CF7D041EA060195F0000F18BFD3
:10557000704703F00046520043EB030313F4801F0F
:1055800008BF013DF7D043EA0603704794EA0C0FC9
:105590000CEA135518BF95EA0C0F0CD050EA4106DF
:1055A00018BF52EA4306D1D181EA030101F000415C
:1055B0004FF0000070BD50EA410606BF1046194684
:1055C00052EA430619D094EA0C0F02D150EA013690
:1055D00013D195EA0C0F05D152EA03361CBF1046D1
:1055E00019460AD181EA030101F0004141F0FE4170
:1055F00041F470014FF0000070BD41F0FE4141F4F4
:10560000780170BD70B54FF0FF0C4CF4E06C1CEAF3
:1056100011541DBF1CEA135594EA0C0F95EA0C0FA8
:1056200000F0A7F8A4EB050481EA030E52EA033563
:105630004FEA013100F088804FEA03334FF0805584
:1056400045EA131343EA12634FEA022245EA1115B1
:1056500045EA10654FEA00260EF000419D4208BF62
:10566000964244F1FD0404F5407402D25B084FEA0F
:105670003202B61A65EB03055B084FEA32024FF4BB
:1056800080104FF4002CB6EB020E75EB030E22BF18
:10569000B61A754640EA0C005B084FEA3202B6EBD8
:1056A000020E75EB030E22BFB61A754640EA5C0087
:1056B0005B084FEA3202B6EB020E75EB030E22BF17
:1056C000B61A754640EA9C005B084FEA3202B6EB18
:1056D000020E75EB030E22BFB61A754640EADC00D7
:1056E00055EA060E18D04FEA051545EA16754FEA39
:1056F00006164FEAC30343EA52734FEAC2025FEA57
:105700001C1CC0D111F4801F0BD141EA00014FF0E5
:1057100000004FF0004CB6E711F4801F04BF0143B6
:105720000020B4F1FD0C88BFBCF5E06F3FF6AFAED2
:10573000B5EB030C04BFB6EB020C5FEA500C50F162
:10574000000041EB045170BD0EF0004E4EEA1131E5
:1057500014EB5C04C2BFD4EB0C0541EA045170BDEC
:1057600041F480114FF0000E013C90E645EA060E30
:105770008DE60CEA135594EA0C0F08BF95EA0C0F5E
:105780003FF43BAF94EA0C0F0AD150EA01347FF4A6
:1057900034AF95EA0C0F7FF425AF104619462CE77D
:1057A00095EA0C0F06D152EA03353FF4FDAE1046E0
:1057B000194622E750EA410618BF52EA43067FF431
:1057C000C5AE50EA41047FF40DAF52EA43057FF4C1
:1057D000EBAE12E74FF0FF3C06E000BF4FF0010CCC
:1057E00002E000BF4FF0010C4DF804CD4FEA410C30
:1057F0007FEA6C5C4FEA430C18BF7FEA6C5C1BD0FD
:1058000001B050EA410C0CBF52EA430C91EA030F7D
:1058100002BF90EA020F0020704710F1000F91EADA
:10582000030F58BF994208BF90422CBFD8176FEAA8
:10583000E37040F0010070474FEA410C7FEA6C5C76
:1058400002D150EA013C07D14FEA430C7FEA6C5C7D
:10585000D6D152EA033CD3D05DF8040B704700BFA9
:105860008446104662468C461946634600E000BFF7
:1058700001B5FFF7B7FF002848BF10F1000F01BDC9
:105880004DF808EDFFF7F4FF0CBF012000205DF894
:1058900008FB00BF4DF808EDFFF7EAFF34BF012019
:1058A00000205DF808FB00BF4DF808EDFFF7E0FFB2
:1058B00094BF012000205DF808FB00BF4DF808ED03
:1058C000FFF7CEFF94BF012000205DF808FB00BF6A
:1058D0004DF808EDFFF7C4FF34BF012000205DF84C
:1058E00008FB00BF4FEA410C7FEA6C5C02D150EA32
:1058F000013C0AD14FEA430C7FEA6C5C02D152EAC8
:10590000033C02D14FF0000070474FF00100704798
:105910004FEA410212F5001215D211D56FF47873D7
:10592000B3EB625212D94FEAC12343F0004343EA7A
:10593000505311F0004F23FA02F018BF4042704755
:105940004FF00000704750EA013005D111F00040DF
:1059500008BF6FF0004070474FF00000704700BF75
:105960004A0011D212F5001211D20DD56FF47873DE
:10597000B3EB62520ED44FEAC12343F0004343EA33
:10598000505323FA02F070474FF00000704750EA7E
:10599000013002D14FF0FF3070474FF000007047E8
:1059A0004FEA4102B2F1E04324BFB3F5001CDCF141
:1059B000FE5C0DD901F0004C4FEAC0024CEA507079
:1059C000B2F1004F40EB830008BF20F001007047A8
:1059D00011F0804F21D113F13872BCBF01F00040AB
:1059E000704741F480114FEA5252C2F11802C2F1DD
:1059F000200C10FA0CF320FA02F018BF40F001005E
:105A00004FEAC1234FEAD32303FA0CFC40EA0C000F
:105A100023FA02F34FEA4303CCE77FEA625307D14C
:105A200050EA01331EBF4FF0FE4040F44000704783
:105A300001F0004040F0FE4040F40000704700BF1D
:105A400053B94AB9002908BF00281CBF4FF0FF31E5
:105A50004FF0FF3000F0DEB9ADF1080C6DE904CE77
:105A600000F05CF8DDF804E0DDE9022304B07047E3
:105A700038B50022002304460D46FFF70BFF28B976
:105A800020462946BDE8384000F02AB8204605F1F6
:105A9000004100F025F8404261EB410138BD00BFF4
:105AA000D0B5FFF72DFC0C4B002206460F46FFF742
:105AB0007FFCFFF755FF0446FFF700FC074B002271
:105AC000FFF776FC02460B4630463946FFF7B8FA38
:105AD000FFF746FF2146D0BD0000F03D0000F04139
:105AE000D0B50C4B002206460F46FFF761FCFFF7CE
:105AF00037FF0446FFF7E2FB074B0022FFF758FC95
:105B000002460B4630463946FFF79AFAFFF728FF60
:105B10002146D0BD0000F03D0000F0412DE9F047E6
:105B2000089D0F4604468C46002B48D18A421646F3
:105B300061D9B2FA82F34BB1C3F1200201FA03FC3E
:105B400020FA02F29E4042EA0C0C9C404FEA164EAC
:105B5000B7B2BCFBFEF1220C0EFB11CC42EA0C42A8
:105B600001FB07F0904209D9B21801F1FF3C80F027
:105B7000EE80904240F2EB8002393244121AA4B215
:105B8000B2FBFEF00EFB102244EA024400FB07F7D2
:105B9000A74209D9341900F1FF3280F0DA80A74218
:105BA00040F2D7803444023840EA0140E41B00212F
:105BB0001DB1DC400023C5E90043BDE8F0878B42FE
:105BC00006D90DB1C5E9000100210846BDE8F087FE
:105BD000B3FA83F1002948D1BB4202D3824200F2DA
:105BE0000781841A67EB030201209446002DE4D05C
:105BF000C5E9004CE1E7002A00F09280B2FA82F396
:105C0000002B40F0A8808A1A4FEA164E1FFA86FC35
:105C10000121200CB2FBFEF70EFB172240EA0242E4
:105C20000CFB07F0904207D9B21807F1FF3802D2F7
:105C3000904200F2E2804746121AA4B2B2FBFEF094
:105C40000EFB102244EA02440CFB00FCA44507D9D9
:105C5000341900F1FF3202D2A44500F2CB80104685
:105C6000A4EB0C0440EA0740A2E7C1F120068B40F8
:105C700022FA06FC4CEA030C07FA01F420FA06F3B8
:105C8000F7404FEA1C49234300FA01F81FFA8CFE43
:105C9000B7FBF9F01C0C09FB107744EA074400FB42
:105CA0000EF7A74202FA01F20AD91CEB040400F134
:105CB000FF3A80F09B80A74240F29880023864440B
:105CC000E41B9FB2B4FBF9F309FB134447EA044415
:105CD00003FB0EFEA64509D91CEB040403F1FF37B4
:105CE00080F08280A6457FD9023B644443EA0040AD
:105CF000A4EB0E04A0FB02E7BC427346B94663D393
:105D000060D05DB1B8EB030264EB090404FA06F657
:105D100022FA01F31E43CC40C5E9006400214CE7A0
:105D20006208480842EAC1710B0C43EA00438AB298
:105D300042EA0342B3FBF6F1E407B4463746B646FF
:105D40001F23B0FBF6F0D21B41EA004161E7614638
:105D500014E7104628E7C3F1200120FA01F29E4023
:105D600027FA01F19F403A434FEA164E1FFA86FC8C
:105D7000B1FBFEF70EFB1710110C41EA004107FBC7
:105D80000CF8884504FA03F43AD9711807F1FF308A
:105D900001D288451FD8A1EB0801B1FBFEF808FB32
:105DA0000CF70EFB181192B242EA0142BA422FD20E
:105DB000B21808F1FF31C6D2BA42C4D2A8F102012A
:105DC0003244C0E7F0459CD2BEEB020367EB0C0700
:105DD0000138B94695E7A6EB08084144B81EB1FB67
:105DE000FEF808FB0CF7DCE73B467FE7504667E729
:105DF0000846FBE63444023832E7023F32441BE7F0
:105E0000A1EB08013846B1FBFEF808FB0CF7C8E728
:105E1000414698E7704700BF024B58221A604FF086
:105E2000FF307047782D0020024B58221A604FF047
:105E3000FF307047782D002000F090B900F05ABC78
:105E400000F094B800F000B838B5A1FB021454BBC0
:105E5000FFF7F2FF054650B350F8042C22F003027E
:105E6000043A242A10D8132A13D91B2AC0E9004463
:105E700016D9242AC0E902440ABFC0E9044400F14B
:105E8000100200F1180205E02146F6F72BFF284624
:105E900038BD02460023C2E900339360284638BD6E
:105EA00000F10802F6E7F7F7B7F80C2303600025C6
:105EB000284638BD2DE9F84306460820894600F0FB
:105EC000CFFDDFF8A48005463046EDF73DF9D8F860
:105ED00008305F6827F00307A7F11104A4EB090459
:105EE0002C44B4FBF5F4013C05FB04F4A54208DCAA
:105EF0000021304600F0A2FDD8F808303B4498421B
:105F000005D03046EDF724F90020BDE8F883614262
:105F1000304600F093FD01300FD0114AD8F8083018
:105F20003F1B47F001075F60136830461B1B13607F
:105F3000EDF70EF90120BDE8F8830021304600F0AE
:105F40007DFDD8F80820831A0F2BDADD43F001031A
:105F50005360044B02491B68C01A0860D1E700BFB8
:105F6000802D0020300900203809002000295BD056
:105F7000F8B50C460746EDF7E7F854F804CC744D35
:105F8000A4F108022CF00103D118A8684E688842D9
:105F900026F003060CF0010E7ED088194E60406892
:105FA00000F00100BEF1000F2FD154F8084C121B75
:105FB0002344946805F1080C644562D0D2F80CE0E3
:105FC000C4F80CE0CEF8084000287FD043F0010070
:105FD00050600B60B3F5007F2FD2D90868685C0968
:105FE0000131012309B2A34003436B6055F831002E
:105FF000906005EBC103083BD36045F83120C260D7
:106000003846BDE8F840EDF7A3B870B9334405F160
:10601000080C8868604543F0010471D0C968C1600C
:1060200088605460D350D5E770474CF00101B3F558
:10603000007F44F8041CD350CFD3B3F5206F4FEA50
:10604000532045D2980900F1390109B200F1380412
:10605000C900681869580838884203D157E0896830
:10606000884204D04C6824F003049C42F7D8C868E6
:10607000C2E9021082603846CA60BDE8F840EDF718
:1060800067B888BB1E44D1E90213CB60996046F023
:10609000010353609651B3E71E44BEF1000F07D1D0
:1060A00054F8083CD21A1E44D2E90213CB6099601E
:1060B00046F001035360274BAA601B68B3429FD888
:1060C000254B38461968FFF7F5FE99E73344A0E7FA
:1060D00014280ED9542821D8180B00F16F0109B2E9
:1060E00000F16E04C900B4E743F0010050600B609A
:1060F00086E700F15C0109B200F15B04C900A8E782
:10610000C5E90422C2E902CC5460D35078E76E6836
:10611000A4100123A34033436B60A9E7B0F5AA7F25
:1061200007D8D80B00F1780109B200F17704C90053
:106130008FE740F25451884206D8980C00F17D0157
:1061400000F17C04C90084E74FF47E717E2480E76F
:106150003809002034090020B02D00202DE9F04F2F
:1061600001F10B05162D83B0064623D8102900F245
:10617000B480ECF7E9FF102518230220B84F3B4408
:10618000A3F108025C68944200F064816368E268ED
:10619000A16823F00303CA602344304691605A6823
:1061A00042F001025A60ECF7D3FF0834204603B0F6
:1061B000BDE8F08F35F0070500F18F80A94200F2AD
:1061C0008C80ECF7C1FFB5F5FC7FC0F0B8815FEAC9
:1061D000552E00F08980BEF1040F00F270814FEA65
:1061E000951E0EF1390003B20EF1380EDB009C4F04
:1061F0003B44A3F1080C5C68A44507D10DE0002ADC
:10620000E16880F221818C4507D00C46636823F059
:1062100003035A1B0F2AF2DD7046DFF85C823C69EB
:10622000444500F0FE80636823F0030CACEB0503EB
:106230000F2B00F38981002BC7E9048880F273815A
:10624000BCF5007FD7F804E080F018814FEADC034A
:10625000013319B24FEA5C1C012303FA0CF357F81F
:106260003120A2604EEA030E07EBC103083BE36056
:10627000C7F804E047F83140D46083104FF0010CB8
:106280000CFA03FCF44535D81CEA0E0F08D120F0B7
:1062900003004FEA4C0C1CEA0E0F00F10400F8D08A
:1062A00007EBC00AD6468146DEF80C300BE0596891
:1062B00021F003014A1B0F2A1C46DB6800F30F8103
:1062C000002A80F223819E45F1D109F1010919F0DC
:1062D000030F0EF1080EE7D161E10C2333600024B7
:1062E000204603B0BDE8F08F4FF4007340204FF01C
:1062F0003F0E7CE7BC68636823F00309A94504D31B
:10630000A9EB05030F2B00F38F80564B1B68082069
:1063100003F1100804EB0903009300F0A1FB524ABB
:1063200013680133A844834605D008F1FF38804440
:10633000434203EA08084146304600F07FFBB0F1D3
:10634000FF3F494A824600F01B8104EB0903834268
:1063500000F21481454B186840440BF1FF3C186073
:1063600000F072811168013100F07A8104EB0902BA
:10637000AAEB020202441A601AF00702CDE90023D8
:1063800000F03281C2F108029244D04408EA0C01C4
:106390005A44521A02EA0C0B5946304600F04EFBA2
:1063A000421C019B00F07981A0EB0A0000EB0B0876
:1063B0001868C7F808A048F001025844BC42CAF85F
:1063C0000420186016D0B9F10F0F40F24C816168BB
:1063D000A9F10C0222F0070201F0010111436160F2
:1063E0004FF0050CA1180F2AC1E901CC00F25D8124
:1063F000DAF804201E4B1968814238BF18601D4B23
:106400001968814238BF1860544622F00308A84535
:10641000A8EB050301D30F2B06DC3046ECF798FE02
:106420005DE7D7F804E028E7621943F0010345F07F
:10643000010565603046BA605360ECF789FE0834A8
:10644000204603B0BDE8F08FA2682344D1603046F7
:106450008A60A4E6DC68A3427FF498AE0230DCE6F2
:1064600038090020B02D002030090020802D0020A8
:10647000AC2D0020A82D002040090020BCF5206F85
:106480004FEA5C2272D3142A00F2C18002F15C034D
:106490001BB25B32DB00F918FB580839994203D173
:1064A00098E09B68994204D05A6822F00302624542
:1064B000F7D8D968C4E902318C60DC60DDE6BEF152
:1064C000140F60D9BEF1540F00F2AB804FEA153EB5
:1064D0000EF16F0003B20EF16E0EDB0087E6D4F80A
:1064E00008C03046661945F001056560CCF80C30EF
:1064F000C3F808C042F00103C7E90466C6E9028890
:1065000073606250ECF724FE0834E9E6214430461B
:106510004A6842F001024A6054F8082FD3609A603A
:10652000ECF716FEDCE6A4443046DCF8043043F019
:106530000103CCF80430ECF70BFE0834D0E6E80891
:10654000431C1BB2DB0019E6621943F0010145F060
:10655000010565603046C7E90422C2E9028851603E
:1065600044F80C30ECF7F4FD0834B9E64FEA9C121D
:1065700002F139031BB23832DB008CE7BC425CD03D
:10658000BC68626841E70EF15C0003B20EF15B0E7D
:10659000DB002CE65AF80839534540F0A68010F08D
:1065A000030F00F1FF30F5D17B6823EA0C037B6019
:1065B0004FEA4C0C9C453FF69DAEBCF1000F04D158
:1065C00098E64FEA4C0C09F104091CEA030FF8D0D5
:1065D000484665E692104FF0010C0CFA02F24EEAC2
:1065E000020EC7F804E065E70AEB080202EA0C02B3
:1065F000ABEB020202EA0C0B5946304600F01EFAE1
:10660000431C019B7FF4D0AEDDF800B0D0E6542AE5
:106610002DD84FEA1C3202F16F031BB26E32DB0041
:1066200039E7BEF5AA7F2DD84FEAD53E0EF17800A6
:1066300003B20EF1770EDB00D9E52D4B186840440C
:106640000BF1FF3C18608DE61AEA0C0F7FF48AAE5E
:10665000D7F808A0C84448F00102CAF80420C9E6E7
:10666000C2F800A088E60123CAF80430D5E6B2F5E6
:10667000AA7F25D84FEADC3202F178031BB27732C9
:10668000DB0008E740F254539E4524D8AB0C03F1DD
:106690007D0003F17C0EC300A9E5009A083A9044FE
:1066A000A8EB0A084FF0000B82E6304604F108011F
:1066B0000093FFF7C5FB009BD7F808A0186897E682
:1066C00040F254539A420CD84FEA9C4202F17D03A7
:1066D000DB007C32DFE64FF47E737F204FF07E0ECE
:1066E00085E54FF47E737E22D5E67B6860E700BFC8
:1066F000802D00202DE9F84F1646002900F09880E3
:106700000C46804606F10B05ECF71EFD54F8041C00
:10671000162DA4F1080921F0030758D81025AE4220
:1067200058D8AF4262DABF4B9A6809EB070C624552
:10673000DCF8040000F0928020F0010363445B6801
:10674000DB076AD420F003003B189D4249DDCB07EC
:1067500012D454F8083CA9EB030BDBF8043023F007
:106760000302104400EB070A554540F3F88007EB9D
:10677000020A554540F3CE8031464046FFF75CFBA8
:106780000646002800F0228154F8043C23F001035F
:106790004B44A0F10802934200F0B6803A1F242A2D
:1067A00000F2D980132A00F2A48003462246116821
:1067B00019605168596092689A6021464046FFF717
:1067C0003FFB4046ECF7C4FC3046BDE8F88F35F09F
:1067D0000705A4D50C23C8F8003000263046BDE8D4
:1067E000F88F1F46DCE90223D3609A60D9F80430A1
:1067F0007A1B0F2A03F0010309EB07001DD83B4366
:10680000C9F80430436843F0010343604046ECF7A5
:106810009FFC26463046BDE8F88FC907ACD454F833
:10682000083CA9EB030BDBF8043023F003029EE7DE
:10683000BDE8F84F1146FFF7FFBA09EB05012B43FE
:1068400042F00102C9F804304A60436843F0010392
:10685000436008314046FFF7F3FAD7E720F0030022
:10686000C21905F1100C624580F29180CA0783D4E9
:1068700054F8082CA9EB020BDBF8042022F00302E9
:10688000104400EB070AD4453FF771AF5E46DBF8D2
:106890000C1056F8080F3A1F242AC160886000F2D5
:1068A000AE80132A40F2A9802168CBF808106168F5
:1068B000CBF80C101B2A00F2A88008340BF1100250
:1068C0002168116061685160A16891600BEB05015E
:1068D000AAEB050242F0010299604A60DBF804303D
:1068E00003F001032B434046CBF80430ECF730FCB7
:1068F00090E723680360636843601B2A3CD804F177
:10690000080200F1080352E750F8043C23F00303A7
:106910001F446BE73A1F5E46DBF80C3056F8081F41
:10692000242ACB60996022D8132A1ED92368CBF879
:1069300008306368CBF80C301B2A3BD808340BF1C5
:10694000100322681A6062685A60A2689A6034462E
:106950005746D9464AE72146F6F748F92DE7DCE9DC
:1069600002133A1FCB609960D5E73346E9E7214629
:106970003046F6F73BF9EAE7A3688360E368C36053
:10698000242A27D004F1100200F110030FE709EBCD
:1069900005019960531B43F001034B6054F8043C1C
:1069A00003F001032B43404644F8043CECF7D0FBD2
:1069B00026462FE7A368CBF81030E368CBF81430F5
:1069C000242A10D010340BF11803BAE74046ECF734
:1069D000BFFB02E7236903616169416104F11802A9
:1069E00000F11803E3E62369CBF818306369CBF8AC
:1069F0001C3018340BF12003A3E7324660E7214630
:106A00003046F6F7F3F8074B60E7A168CBF81010B3
:106A1000E168CBF81410242A06D010340BF11802C8
:106A20004EE700BF380900202269CBF818206269C0
:106A3000CBF81C2018340BF1200241E738B5074D84
:106A40000022044608462A60ECF73CFB431C00D0B9
:106A500038BD2B68002BFBD0236038BD782D00207B
:106A6000082802D14FF48050704708B5F6F7D4FAE1
:106A7000162303604FF0FF3008BD00BFF8B500BF1C
:106A8000F8BC08BC9E467047F8B500BFF8BC08BC0F
:106A90009E4670472D2D2D2D2D2D2D2D2D2D2D2D3F
:106AA0002D2D2D2D2D2D2070726F746F636F6C2026
:106AB000737461636B2073746172747321202D2D64
:106AC0002D2D2D2D2D2D2D2D2D2D2D2D2D2D2D2DF6
:106AD0002D2D2D2D2D2D2D2D0A003A3A2049442003
:106AE000666F722074686973206E6F6465203A2047
:106AF000002564003A3A20494420666F7220746889
:106B0000652064657374696E6174696F6E203A20E4
:106B100000656E646E6F6465203A2025692C2064E0
:106B2000657374203A2025690A005B5741524E492B
:106B30004E475D206D79494420616E642064657321
:106B400074696E6174696F6E2049442069732074A2
:106B500068652073616D6521206D793A25692C2067
:106B6000646573743A25690A005B4C325D204661A6
:106B7000696C656420746F20636F6E66696720645A
:106B800065737420746F2049442025690A005B4CAA
:106B9000335D5B5741524E494E475D20496E7661E9
:106BA0006C69642050445520534E202825692920C3
:106BB0007768696C652028256929206973207265CA
:106BC00071756972656421206469736361726469B7
:106BD0006E672069742E2E2E0A005B4C325D5B5767
:106BE00041524E494E475D204661696C6564207490
:106BF0006F2073656E6420646174612025692C20A8
:106C00006D6178207265747820636E74207265619E
:106C10006368656421200A005B4C325D204661692F
:106C20006C656420746F20636F6E666967205372B1
:106C300063204944206174205048592028636175BD
:106C40007365203A202569290A0047697665206125
:106C500020776F726420746F2073656E64203A2011
:106C6000000A202D2D2D2D2D2D2D2D2D2D2D2D2DB1
:106C70002D2D2D2D2D2D2D2D2D2D2D2D2D2D2D2D44
:106C80002D2D2D2D2D2D2D2D2D2D2D2D2D2D2D2D34
:106C90002D2D2D2D0A52435644204D5347203A2086
:106CA000257320286C656E6774683A2569290A2067
:106CB0002D2D2D2D2D2D2D2D2D2D2D2D2D2D2D2D04
:106CC0002D2D2D2D2D2D2D2D2D2D2D2D2D2D2D2DF4
:106CD0002D2D2D2D2D2D2D2D2D2D2D2D2D2D2D2DE4
:106CE0002D0A005B4C335D206D7367206C656E6709
:106CF0007468203A2025690A002D2D2D2D2D2D2D6B
:106D00002D2D2D2D2D2D2D2D2D2D2D2D2D796F6FE3
:106D10006E2073746172742D2D2D2D2D2D2D2D2D22
:106D20002D2D2D2D2D2D2D2D2D2D2D2D0A004D4FA1
:106D300044455F310A004441590A00564F54450A00
:106D4000004D415249410A00444F43544F520A00FA
:106D5000504F4C4943450A004D4F44455F320A00AD
:106D60004F5645520A00EC97ADED95A0EC9D802062
:106D7000ED98B8EC8AA4ED8AB80A00EC97ADED95D1
:106D8000A0EC9D8020ED948CEBA088EC9DB4EC965B
:106D9000B40A005B48414C5D206572726F72206FCF
:106DA0006E20636F6E66696720706172616D6574D5
:106DB0006572203A2074696D6520697320746F6F65
:106DC000206C6F6E6721202825692C206D757374E7
:106DD000206265206C657373207468616E203130A9
:106DE00032342E20696620796F752077616E7420A9
:106DF0006C6F6E676572206F6E652C207468656EAF
:106E000020646F20636F6E74696E6F7573206D6F91
:106E100064652028727854696D65203D20302920F2
:106E2000290A005B48414C5D5B5741524E494E4731
:106E30005D20646174612072617465202569206938
:106E400073207472756E6361746564005B48414CB5
:106E50005D205B4552524F525D204661696C65640E
:106E600020746F20646F205258203A206D6F646543
:106E70006D2073657474696E6720697320696E761E
:106E8000616C696420282569290A004661696C657E
:106E90006420746F206163636570742048414C20E6
:106EA000636D643A207061636B657420697320655B
:106EB0006D707479210A004661696C656420746F95
:106EC000206163636570742048414C20636D643AAF
:106ED000207061636B65742073697A652069732023
:106EE000746F6F206C617267652120282569290AFB
:106EF000005B48414C5D205B4552524F525D20463D
:106F000061696C656420746F20646F2054582C2074
:106F1000696E76616C6964206D6F64656D20737451
:106F20006174757320282569290A005B48414C5D0E
:106F3000205B4552524F525D2046534D2066616999
:106F40006C20647572696E6720485720646F6E65A7
:106F50002068616E646C6572202852582C20435260
:106F6000434E4F4B290A005B48414C5D205B455224
:106F7000524F525D2046534D206661696C20647506
:106F800072696E6720485720646F6E652068616E75
:106F9000646C6572202852582C204352434F4B2971
:106FA0000A005B48414C5D205B4552524F525D20C8
:106FB00046534D206661696C20647572696E672066
:106FC000485720646F6E652068616E646C6572203E
:106FD000285458290A005B4552524F525D20737461
:106FE000617465206973207765697264203A256948
:106FF0000A005B48414C5D205B4552524F525D2078
:1070000048414C20696E697469616C697A61746980
:107010006F6E206661696C6564203A20636F6D6DE8
:107020006F6E207265736F7572636520737461741F
:1070300065202825692920697320696E76616C694D
:10704000640A000A09202020496E697469616C692C
:107050007A696E6720526164696F20496E74657247
:10706000727570742068616E646C657273200A00BA
:107070005B4552524F525D206661696C65642069C0
:107080006E20696E6974696174696E6720726164EB
:10709000696F203A206D656D6F727920616C6C6F3D
:1070A00063206661696C65640A00426F61726420E6
:1070B000636F6E6E6563746564203A2025690A000B
:1070C0005B48414C5D205B4552524F525D20465318
:1070D0004D206661696C20647572696E6720736CFF
:1070E000656570696E670A005B48414C5D205B45D1
:1070F00052524F525D2046534D206661696C2064A8
:107100007572696E672048572074696D65206861E3
:107110006E646C65720A005B48414C5D205B4552B1
:10712000524F525D2046534D206661696C20647554
:1071300072696E6720525873746172740A005B48FA
:10714000414C5D205B4552524F525D2046534D20CD
:107150006661696C2072782061626F727420647558
:1071600072696E6720747853746172740A005B48A8
:10717000414C5D205B4552524F525D2046534D209D
:107180006661696C20647572696E672074785374E7
:107190006172740A006D6F64656D2073746174654B
:1071A00020697320696E76616C69642846534B2CA4
:1071B000207768696368206973206E6F7420737527
:1071C00070706F72746564206E6F77290A005B4877
:1071D000414C5D5B4552524F525D204661696C6582
:1071E0006420746F20737461727420525820636F2E
:1071F0006E66696775726174696F6E203A20737488
:10720000617465206D69736D61746368206F7220AD
:107210007265736F75726365206973206E6F742079
:107220006F776E656420627920525820282569297D
:107230000A005B48414C5D5B4552524F525D20460F
:1072400061696C656420746F20737461727420547A
:107250005820636F6E66696775726174696F6E201E
:107260003A207374617465206D69736D617463682D
:10727000206F72207265736F757263652069732069
:107280006E6F74206F776E65642062792054582089
:10729000282569290A005B48414C5D5B4552524FE5
:1072A000525D204661696C656420746F207365745B
:1072B00020706172616D6574657220506F776572C0
:1072C000202D207374617465206D69736D61746322
:1072D00068206F7220726573206973206E6F74204E
:1072E0006F776E65642062792025692028256929D9
:1072F0000A005B48414C5D5B4552524F525D20464F
:1073000061696C656420746F2073746172742052BB
:107310005820636F6E66696775726174696F6E205D
:107320003A207374617465206D69736D617463686C
:10733000206F72207265736F7572636520697320A8
:107340006E6F74206F776E656420627920545820C8
:10735000282569290A005B48414C5D5B4552524F24
:10736000525D204661696C656420746F207365749A
:1073700020706172616D6574657220527854696D18
:1073800065202D207374617465206D69736D61745F
:107390006368206F7220726573206973206E6F744A
:1073A000206F776E65642062792025692028256921
:1073B000290A005B48414C5D5B4552524F525D20AB
:1073C0004661696C656420746F2073657420706118
:1073D00072616D6574657220436F64655261746596
:1073E000202D207374617465206D69736D61746301
:1073F00068206F7220726573206973206E6F74202D
:107400006F776E65642062792025692028256929B7
:107410000A005B48414C5D5B4552524F525D20462D
:1074200061696C656420746F20736574207061728B
:10743000616D657465722044617461526174652088
:107440002D207374617465206D69736D6174636858
:10745000206F7220726573206973206E6F74206FC5
:10746000776E656420627920256920282569290ABC
:10747000005B48414C5D5B4552524F525D20466176
:10748000696C656420746F2073657420706172612B
:107490006D65746572204C6F7744524F7074202D67
:1074A000207374617465206D69736D617463682005
:1074B0006F7220726573206973206E6F74206F770E
:1074C0006E656420627920256920282569290A00D3
:1074D0005B48414C5D205B5741524E494E475D2011
:1074E000726573657276696E6720636F6D6D6F6E1E
:1074F000207265736F7572636520776974682065A3
:107500006E74697479204E4F4E452E0A005B4841D7
:107510004C5D205B4552524F525D204661696C655F
:107520006420746F2072657365727665207265736E
:107530006F75726365203A20616C726561647920B1
:107540006F636375706965642062792025690A003C
:107550005B48414C5D205B4552524F525D20465383
:107560004D206661696C20647572696E6720726572
:10757000736F757263652072657365727661746985
:107580006F6E0A005B48414C5D5B4552524F525D45
:10759000204661696C656420746F20736574207087
:1075A0006172616D65746572204257202D2073747D
:1075B000617465206D69736D61746368206F7220FA
:1075C000726573206973206E6F74206F776E6564C7
:1075D00020627920256920282569290A005B484115
:1075E0004C5D5B4552524F525D204661696C65644B
:1075F00020746F2073657420706172616D657465AD
:107600007220507265616D626C654C656E202D2034
:107610007374617465206D69736D61746368206F44
:107620007220726573206973206E6F74206F776E9D
:10763000656420627920256920282569290A005B74
:1076400048414C5D5B4552524F525D204661696C2A
:10765000656420746F2073657420706172616D655C
:10766000746572205258436F6E742E202D207374EF
:10767000617465206D69736D61746368206F722039
:10768000726573206973206E6F74206F776E656406
:1076900020627920256920282569290A005B484154
:1076A0004C5D5B4552524F525D204661696C65648A
:1076B00020746F2073657420706172616D657465EC
:1076C000722046726571204348202D2073746174C6
:1076D00065206D69736D61746368206F72207265D7
:1076E00073206973206E6F74206F776E65642062FB
:1076F0007920256920282569290A005B48414C5DCD
:10770000205B4552524F525D2046534D20666169C1
:107710006C20647572696E672053572074696D65BB
:107720006F75740A005B48414C5D205B4552524FB7
:10773000525D204661696C656420746F2072656CCF
:1077400065617365207265736F75726365203A2099
:107750006F636375706965642062792025692C20E8
:107760007768696C65202569207472696573207477
:107770006F2072656C656173650A005B48414C5D02
:10778000205B4552524F525D2046534D2066616941
:107790006C20647572696E67207265736F757263B1
:1077A000652072656C656173650A0020202D20528A
:1077B0006164696F20636F756C64206E6F74206202
:1077C00065206465746563746564210A005B5048D4
:1077D000594D41435D204552524F52203A20666137
:1077E000696C656420746F2068616E646C65204408
:1077F0004154415F524551203A20696E76616C696F
:107800006420737461746520282569290A005B501F
:1078100048594D41435D204552524F52203A20660F
:1078200061696C656420746F2068616E646C6520AA
:10783000444154415F524551203A2073697A652092
:10784000697320746F6F206C6172676520282569E9
:10785000203E202569290A005B5048594D41435D6F
:10786000204552524F52203A206661696C6564206F
:10787000746F2068616E646C6520636F6E66696703
:1078800075726174696F6E203A20736F75726365EB
:107890002049442063616E6E6F74206265206368C6
:1078A000616E67656420696E20545820737461743A
:1078B0006520282569290A005B5048594D41435DE0
:1078C000205741524E494E47203A2050445520738C
:1078D000697A6520697320746F6F206C61726765C7
:1078E0002121205044552077696C6C2062652074FA
:1078F00072756E63617465642E2E2E0A005B5048AB
:10790000594D41435D205741524E494E47203A2040
:107910006B6565702074686520737461746520619F
:10792000732054582C2073696E6365207468652039
:107930005458206973206F6E2D676F696E672072CF
:1079400069676874206E6F770A005B48414C5D2060
:1079500046534D206572726F72212063616E6E6FA7
:10796000742068617070656E206576656E74202580
:10797000692825732920696E207374617465203A23
:10798000202569282573290A0050696E6D617020D1
:107990006572726F723A2077726F6E6720706F72C5
:1079A00074206E756D6265722E002F686F6D652F85
:1079B0006A656E6B696E732F6275696C645F6E6F5A
:1079C00064655F345F322F776F726B7370616365CC
:1079D0002F626D5F777261702F313730372F6D6294
:1079E00065642D6F732F746172676574732F5441D2
:1079F000524745545F53544D2F6770696F5F6170F4
:107A0000692E630070696E20213D202850696E4EFA
:107A1000616D65294E4300496E74657272757074AC
:107A2000496E206572726F723A2070696E206E6FB7
:107A30007420737570706F727465642E0A00556ED1
:107A400065787065637465642053707572696F75CD
:107A50007320696E746572727570742C20696E641F
:107A600065782025640D0A002F686F6D652F6A65A3
:107A70006E6B696E732F6275696C645F6E6F64659F
:107A80005F345F322F776F726B73706163652F6243
:107A90006D5F777261702F313730372F6D6265649B
:107AA0002D6F732F4255494C442F6D6265642F70C2
:107AB0006C6174666F726D2F53696E676C65746F5D
:107AC0006E5074722E68005F707472203D3D2028E5
:107AD00054202A29265F64617461002F686F6D65E8
:107AE0002F6A656E6B696E732F6275696C645F6E69
:107AF0006F64655F345F322F776F726B7370616391
:107B0000652F626D5F777261702F313730372F6D5F
:107B10006265642D6F732F706C6174666F726D2F68
:107B20006D6265645F72657461726765742E6370FF
:107B3000700030203D3D20282A67756172645F6FB8
:107B4000626A6563742026204358415F475541525D
:107B5000445F4D41534B29004358415F47554152C3
:107B6000445F494E49545F494E5F50524F4752451A
:107B70005353203D3D20282A67756172645F6F6210
:107B80006A6563742026204358415F47554152443B
:107B90005F4D41534B29002F686F6D652F6A656EED
:107BA0006B696E732F6275696C645F6E6F64655F7D
:107BB000345F322F776F726B73706163652F626D04
:107BC0005F777261702F313730372F6D6265642DAA
:107BD0006F732F746172676574732F5441524745F8
:107BE000545F53544D2F70696E6D61702E63004366
:107BF000616E6E6F7420696E697469616C697A6513
:107C0000205254432077697468204C53450A005031
:107C10006572697068436C6B496E697453747275F0
:107C2000637420525443206661696C6564207769EF
:107C30007468204C53450A0052544320696E69749D
:107C400069616C697A6174696F6E206661696C65DF
:107C50006400456E61626C6542797061737353684C
:107C600061646F77206572726F720048414C5F5299
:107C700054435F53657444617465206572726F721A
:107C80000A0048414C5F5254435F53657454696D18
:107C900065206572726F720A0043616E6E6F7420A8
:107CA000696E697469616C697A6520554152542026
:107CB000776974682062617564207261746520253B
:107CC000750A002F686F6D652F6A656E6B696E733C
:107CD0002F6275696C645F6E6F64655F345F322F0D
:107CE000776F726B73706163652F626D5F7772611E
:107CF000702F313730372F6D6265642D6F732F749D
:107D00006172676574732F5441524745545F5354F1
:107D10004D2F73657269616C5F6170692E63006FCE
:107D2000626A5F732D3E7561727420213D20285573
:107D30004152544E616D65294E43004572726F7217
:107D40003A206E65772073657269616C206F626A94
:107D5000656374206973207573696E672073616D44
:107D600065205541525420617320535444494F00BB
:107D70006F626A5F732D3E696E646578203E3D20B8
:107D80003000434C4B3A2053504920696E73746164
:107D90006E6365206E6F742073657400332077699D
:107DA0007265732053504920736C617665206E6F45
:107DB0007420737570706F72746564202D20736CFD
:107DC0006176652077696C6C206F6E6C79207265C6
:107DD00061640D0A0043616E6E6F7420696E697490
:107DE00069616C697A6520535049002F686F6D6531
:107DF0002F6A656E6B696E732F6275696C645F6E56
:107E00006F64655F345F322F776F726B737061637D
:107E1000652F626D5F777261702F313730372F6D4C
:107E20006265642D6F732F746172676574732F546C
:107E300041524745545F53544D2F73746D5F7370B7
:107E4000695F6170692E63007370696F626A2D3EAD
:107E500073706920213D20285350494E616D65297A
:107E60004E4300536574537973436C6F636B2066A4
:107E700061696C65640A002F686F6D652F6A656EB5
:107E80006B696E732F6275696C645F6E6F64655F9A
:107E9000345F322F776F726B73706163652F626D21
:107EA0005F777261702F313730372F6D6265642DC7
:107EB0006F732F4255494C442F6D6265642F706C6F
:107EC0006174666F726D2F43616C6C6261636B2EBF
:107ED00068005F6F70730070696E6D6170206D690E
:107EE000732D6D617463680070696E6D6170206ED2
:107EF0006F7420666F756E6420666F722070657295
:107F00006970686572616C00636F756C64206E6F78
:107F1000742070696E6F75740044656570536C658C
:107F200065704C6F636B206F766572666C6F77203F
:107F3000283E2055534852545F4D4158290044650E
:107F40006570536C6565704C6F636B20756E64650E
:107F500072666C6F7720283C203029006D62656462
:107F6000206173736572746174696F6E20666169F4
:107F70006C65643A2025732C2066696C653A20256F
:107F8000732C206C696E65202564200A002F686FB1
:107F90006D652F6A656E6B696E732F6275696C64AF
:107FA0005F6E6F64655F345F322F776F726B7370D3
:107FB0006163652F626D5F777261702F3137303783
:107FC0002F6D6265642D6F732F706C6174666F72B4
:107FD0006D2F6D6265645F637269746963616C2E95
:107FE0006300637269746963616C5F73656374696C
:107FF0006F6E5F7265656E7472616E63795F636FD9
:10800000756E746572203C2055494E5433325F4D75
:108010004158002F686F6D652F6A656E6B696E73CE
:108020002F6275696C645F6E6F64655F345F322FB9
:10803000776F726B73706163652F626D5F777261CA
:10804000702F313730372F6D6265642D6F732F6855
:10805000616C2F6D6265645F7469636B65725F61EB
:1080600070692E63002F002F686F6D652F6A656E33
:108070006B696E732F6275696C645F6E6F64655FA8
:10808000345F322F776F726B73706163652F626D2F
:108090005F777261702F313730372F6D6265642DD5
:1080A0006F732F706C6174666F726D2F46696C65AB
:1080B000506174682E637070006C656E20213D20E5
:1080C0003000466174616C2052756E2D74696D6567
:1080D000206572726F72000A0A2B2B204D62656454
:1080E0004F53204572726F7220496E666F202B2BA2
:1080F0000A4572726F72205374617475733A20303E
:1081000078255820436F64653A202564204D6F64BC
:10811000756C653A2025640A4572726F72204D6550
:1081200073736167653A20004B65726E656C20451C
:1081300072726F723A20307825582C200054687281
:108140006561643A20307825582C20004D7574659F
:10815000783A20307825582C200053656D6170687E
:108160006F72653A20307825582C20004D656D6F70
:108170007279506F6F6C3A20307825582C2000456A
:1081800076656E74466C6167733A20307825582C9A
:10819000200054696D65723A20307825582C2000F3
:1081A0004D65737361676551756575653A20307803
:1081B00025582C20000A4C6F636174696F6E3A2059
:1081C00030782558000A4572726F722056616C75BE
:1081D000653A2030782558000A43757272656E74CE
:1081E000205468726561643A2049643A20307825E9
:1081F0005820456E7472793A20307825582053748F
:1082000061636B53697A653A20307825582053743E
:1082100061636B4D656D3A20307825582053503A94
:10822000203078255820000A2D2D204D6265644F9E
:1082300053204572726F7220496E666F202D2D0A91
:1082400000772B0053747265616D206F626A20663F
:1082500061696C757265002F686F6D652F6A656E58
:108260006B696E732F6275696C645F6E6F64655FB6
:10827000345F322F776F726B73706163652F626D3D
:108280005F777261702F313730372F6D6265642DE3
:108290006F732F68616C2F6D6265645F63726974C0
:1082A0006963616C5F73656374696F6E5F61706948
:1082B0002E6300216172655F696E746572727570FC
:1082C00074735F656E61626C65642829000000004C
:1082D000B10A0008B50A0008BB0A0008000C230018
:1082E0000D1E000ED2001A01001FAA00240700274D
:1082F000120028C1002994002AC10030D800358F0F
:10830000003B0200400000413001314301234001A5
:108310000300000001010201010103020201030345
:10832000030201000201010001010001010000013E
:1083300001000101010000000600000000300140C2
:10834000020500001400000000300140020500009A
:1083500014010000003C0040020600001E00000066
:1083600000380040020500002200000000380040F4
:10837000020500002B000000003C00400206000047
:10838000FFFF0000FFFFFFFF0000000007000000EC
:10839000003001400205000010000000003C0040D9
:1083A0000207000012000000003C0040020700002D
:1083B000150000000030014002050000150100001A
:1083C000003C0040020600001F0000000038004092
:1083D00002050000210000000038004002070000F4
:1083E00021010000003C00400205000023000000C5
:1083F00000380040020500002C000000003C004056
:1084000002060000FFFF0000FFFFFFFF000000006A
:1084100005000000003001400205000009000000D6
:108420000038004002050000130000000030014049
:108430000205000013010000003C0040020600009D
:108440001A00000000380040020500001D00000076
:1084500000380040020500002700000000380040FE
:10846000020500002A000000003C00400206000057
:10847000FFFF0000FFFFFFFF0000000004000000FE
:10848000003001400205000004010000003C0040F3
:10849000020600000F00000000300140020500004D
:1084A0000F010000003C0040020600001400000024
:1084B00000380040020700001900000000380040AA
:1084C000020500001C00000000380040020500000A
:1084D000FFFF0000FFFFFFFF0000000001000000A1
:1084E000004C00401208000003000000004400405F
:1084F000120700000A0000000010014012070000EF
:1085000017000000001001401207000025000000C5
:10851000004800401207000027000000001401403E
:10852000120800002B000000004800401207000065
:108530002B010000004C0040120800003200000037
:108540000050004012080000FFFF0000FFFFFFFF87
:108550000000000000000000004C00401208000075
:108560000200000000440040120700000900000063
:10857000001001401207000016000000001001402A
:10858000120700001A000000004800401207000017
:108590002600000000140140120800002A0000001C
:1085A00000480040120700002A010000004C004073
:1085B000120800002C0000000050004012080000CB
:1085C000FFFF0000FFFFFFFF0000000000000000B1
:1085D0000000000006000000000000000100000094
:1085E000070000000000000002000000080000007A
:1085F000000000000300000009000000000000006F
:10860000040000000A000000000000000500000057
:108610001700000001000000050000001700000026
:108620000200000005000000170000000300000029
:108630000500000017000000040000000500000015
:1086400017000000000000000600000028000000E5
:1086500001000000060000002800000002000000E9
:1086600006000000280000000300000006000000D3
:1086700028000000040000000600000028000000A0
:1086800005000000060000002800000000000000B7
:1086900000000000053000085D3000086930000867
:1086A00009300008F12F000801300008B12F000840
:1086B000FD2F0008B52F0008BF2F0008F72F000876
:1086C000C92F0008CF2F0008D52F0008DB2F000886
:1086D000E72F00082D300008EF2F00082F73746477
:1086E000657272002F737464696E002F7374646F07
:1086F000757400000100000002000000040000008A
:1087000008000000100000002000000040000000F1
:1087100080000000000100000002000000040000D2
:1087200000080000001000000020000000400000D1
:108730000080000000000800100018002000280041
:1087400030003800000000000000000001020304B7
:1087500006070809000000000102030440420F0060
:1087600020000000000000000000000000000000E9
:1087700000000000BD300008000000000000000004
:10878000010B0008250B0008116100080000000023
:1087900000000000390B0008110C0008C16100083E
:1087A000A8870108F82A00209160000835600008B9
:1087B0007D60000895600008416000085D60000869
:1087C000855F00080000000000000000A1620008B2
:1087D000A1620008CD02000881030008B36200080E
:1087E000BF62000844FFFFFF00000000F90200081C
:1087F0009303000811750008E17400084375000830
:108800004975000849750008497500084D7500084C
:10881000477500084D750008C92F0008CF2F0008C4
:10882000D52F0008DB2F0008E72F0008EB2F0008EA
:10883000EF2F0008C3620008B7620008A3620008B7
:10884000AB62000840FFFFFF00000000FF020008CD
:1088500099030008000000000000000069630008A0
:10886000916300080000000000000000ED650008B2
:10887000156600085165000851650008852000084C
:108880004D2100080000000080DE280080C84D0057
:1088900000A7760000349E008012C700809FEE0083
:1088A000007E1701805C400180E9670100C89001EB
:1088B0000055B8010000000080DE2800001A4F00BB
:1088C00080F8770080859F000064C80000F1EF0009
:1088D00080CF180100AE4101003B6901801992016F
:1088E00080A6B9010000000000000000B96900087E
:1088F000BB690008A16B0008116C000800000000B3
:1089000000000000397400088574000800000000B1
:10891000000000000000000000000000BD30000862
:10892000BD300008BD300008BD300008B12F000880
:10893000D9740008B52F0008BF2F0008F976000889
:10894000C92F0008CF2F0008D52F0008DB2F000803
:10895000E72F0008EB2F0008EF2F0008FCFFFFFFB8
:108960000000000000000000000000000000000007
:108970000000000000000000000000001175000869
:10898000E17400084375000849750008497500083E
:10899000497500084D750008477500084D750008B9
:1089A000C92F0008CF2F0008D52F0008DB2F0008A3
:1089B000E72F0008EB2F0008EF2F0008BD3000085C
:1089C000BD300008DD740008DF740008FCFFFFFF05
:1089D0000000000000000000000000000000000097
:1089E000000000000000000000000000BD30000892
:1089F000BD300008BD300008BD300008B12F0008B0
:108A0000D9740008B52F0008BF2F0008F9760008B8
:108A1000C92F0008CF2F0008D52F0008DB2F000832
:108A2000E72F0008EB2F0008EF2F0008494E460003
:108A3000696E66004E414E006E616E003031323319
:108A4000343536373839616263646566000000008A
:108A50003031323334353637383941424344454674
:108A600000000000286E756C6C29000030000000CA
:108A700065256C64000000002E0000004C435F433D
:108A80004F4C4C41544500004C435F4354595045B2
:108A9000000000004C435F4D4F4E45544152590079
:108AA0004C435F4E554D4552494300004C435F5483
:108AB000494D45004C435F4D455353414745530095
:108AC000496E66696E697479000000004E614E005F
:108AD00042616C6C6F632073756363656564656484
:108AE000000000002F646174612F6A656E6B696E0F
:108AF000732F776F726B73706163652F474E552DBF
:108B0000746F6F6C636861696E2F61726D2D3134A3
:108B10002F7372632F6E65776C69622D6379677747
:108B2000696E2F6E65776C69622F6C6962632F7353
:108B300074646C69622F64746F612E6300000000BE
:108B40002F646174612F6A656E6B696E732F776F26
:108B5000726B73706163652F474E552D746F6F6C28
:108B6000636861696E2F61726D2D31342F7372638A
:108B70002F6E65776C69622D63796777696E2F6EEA
:108B800065776C69622F6C6962632F7374646C69BA
:108B9000622F6D707265632E630000006E660000C8
:108BA000696E697479000000616E00004A495300E3
:108BB000534A4953000000004555434A5000000005
:108BC0002C2066756E6374696F6E3A200000000099
:108BD000617373657274696F6E202225732220663B
:108BE00061696C65643A2066696C65202225732290
:108BF0002C206C696E65202564257325730A00009E
:108C00002F646174612F6A656E6B696E732F776F65
:108C1000726B73706163652F474E552D746F6F6C67
:108C2000636861696E2F61726D2D31342F737263C9
:108C30002F6E65776C69622D63796777696E2F6E29
:108C400065776C69622F6C6962632F7374646C69F9
:108C5000622F6764746F612D6765746865782E6331
:108C600000000000303030303030303030303030C4
:108C700030303030202020202020202020202020B4
:108C8000202020200A00010002000300040005004B
:108C900006000700080009000A000B000C000D0088
:108CA0000E000F0010000000050000001900000079
:108CB0007D000000000000000080E03779C34143E0
:108CC000176E05B5B5B89346F5F93FE9034F384D32
:108CD000321D30F94877825A3CBF737FDD4F1575DE
:108CE000000000000000F03F0000000000002440F1
:108CF00000000000000059400000000000408F40CC
:108D0000000000000088C34000000000006AF84036
:108D10000000000080842E4100000000D01263415A
:108D20000000000084D797410000000065CDCD41D0
:108D3000000000205FA00242000000E876483742B1
:108D4000000000A2941A6D42000040E59C30A2424F
:108D50000000901EC4BCD64200003426F56B0C43C4
:108D60000080E03779C3414300A0D885573476436B
:108D700000C84E676DC1AB43003D9160E458E143CC
:108D8000408CB5781DAF154450EFE2D6E41A4B4441
:108D900092D54D06CFF08044F64AE1C7022DB54486
:108DA000B49DD9794378EA4434000000CEFBFFFF3C
:108DB000CB030000010000000000000035000000AF
:108DC000CEFBFFFFCB03000001000000000000000D
:108DD000BC89D897B2D29C3C33A7A8D523F6493991
:108DE0003DA7F444FD0FA5329D978CCF08BA5B25B3
:108DF000436FAC642806681100202020202020202A
:108E0000202028282828282020202020202020203A
:108E1000202020202020202020881010101010104A
:108E20001010101010101010100404040404040496
:108E30000404041010101010101041414141414130
:108E40000101010101010101010101010101010112
:108E50000101010110101010101042424242424222
:108E600002020202020202020202020202020202E2
:108E7000020202021010101020000000000000008A
:108E800000000000000000000000000000000000E2
:108E900000000000000000000000000000000000D2
:108EA00000000000000000000000000000000000C2
:108EB00000000000000000000000000000000000B2
:108EC00000000000000000000000000000000000A2
:108ED0000000000000000000000000000000000092
:108EE0000000000000000000000000000000000082
:108EF0000000000000000000000000000C5F104EA9
:108F0000154E2A4E314E364E3C4E3F4E424E564E38
:108F1000584E824E854E6B8C8A4E12820D5F8E4E5D
:108F20009E4E9F4EA04EA24EB04EB34EB64ECE4E6B
:108F3000CD4EC44EC64EC24ED74EDE4EED4EDF4E27
:108F4000F74E094F5A4F304F5B4F5D4F574F474FCA
:108F5000764F884F8F4F984F7B4F694F704F914F8F
:108F60006F4F864F964F1851D44FDF4FCE4FD84F8B
:108F7000DB4FD14FDA4FD04FE44FE54F1A50285016
:108F800014502A50255005501C4FF64F215029509F
:108F90002C50FE4FEF4F115006504350475003677F
:108FA0005550505048505A5056506C507850805040
:108FB0009A508550B450B250C950CA50B350C250A4
:108FC000D650DE50E550ED50E350EE50F950F550DC
:108FD0000951015102511651155114511A51215183
:108FE0003A5137513C513B513F51405152514C51F4
:108FF00054516251F87A69516A516E5180518251CF
:10900000D8568C5189518F51915193519551965108
:10901000A451A651A251A951AA51AB51B351B1517A
:10902000B251B051B551BD51C551C951DB51E0519B
:109030005586E951ED51F051F551FE5104520B5254
:1090400014520E5227522A522E52335239524F5234
:1090500044524B524C525E5254526A5274526952AC
:1090600073527F527D528D52945292527152885255
:109070009152A88FA78FAC52AD52BC52B552C1527B
:10908000CD52D752DE52E352E652ED98E052F352FF
:10909000F552F852F9520653085338750D531053D0
:1090A0000F5315531A5323532F53315333533853FC
:1090B000405346534553174E49534D53D6515E5373
:1090C00069536E5318597B53775382539653A05369
:1090D000A653A553AE53B053B653C353127CD9967F
:1090E000DF53FC66EE71EE53E853ED53FA5301542F
:1090F0003D5440542C542D543C542E543654295431
:109100001D544E548F5475548E545F54715477547B
:10911000705492547B5480547654845490548654A2
:10912000C754A254B854A554AC54C454C854A854F9
:10913000AB54C254A454BE54BC54D854E554E65461
:109140000F551455FD54EE54ED54FA54E25439556C
:10915000405563554C552E555C55455556555755FC
:10916000385533555D5599558055AF548A559F559F
:109170007B557E5598559E55AE557C558355A955C2
:109180008755A855DA55C555DF55C455DC55E45506
:10919000D4551456F7551656FE55FD551B56F95520
:1091A0004E565056DF7134563656325638566B5638
:1091B00064562F566C566A56865680568A56A05666
:1091C00094568F56A556AE56B656B456C256BC5691
:1091D000C156C356C056C856CE56D156D356D7568A
:1091E000EE56F9560057FF560457095708570B57C4
:1091F0000D57135718571657C7551C57265737572B
:1092000038574E573B5740574F576957C0578857A5
:1092100061577F5789579357A057B357A457AA57F9
:10922000B057C357C657D457D257D3570A58D657F3
:10923000E3570B5819581D587258215862584B580B
:109240007058C06B52583D5879588558B9589F5836
:10925000AB58BA58DE58BB58B858AE58C558D35852
:10926000D158D758D958D858E558DC58E458DF5861
:10927000EF58FA58F958FB58FC58FD5802590A594A
:1092800010591B59A66825592C592D59325938594E
:109290003E59D27A555950594E595A5958596259CE
:1092A000605967596C596959785981599D595E4F70
:1092B000AB4FA359B259C659E859DC598D59D95900
:1092C000DA59255A1F5A115A1C5A095A1A5A405A21
:1092D0006C5A495A355A365A625A6A5A9A5ABC5A7C
:1092E000BE5ACB5AC25ABD5AE35AD75AE65AE95A1D
:1092F000D65AFA5AFB5A0C5B0B5B165B325BD05AA0
:109300002A5B365B3E5B435B455B405B515B555B79
:109310005A5B5B5B655B695B705B735B755B785B22
:1093200088657A5B805B835BA65BB85BC35BC75B6E
:10933000C95BD45BD05BE45BE65BE25BDE5BE55B79
:10934000EB5BF05BF65BF35B055C075C085C0D5C5C
:10935000135C205C225C285C385C395C415C465CB8
:109360004E5C535C505C4F5C715B6C5C6E5C624E3F
:10937000765C795C8C5C915C945C9B59AB5CBB5C6F
:10938000B65CBC5CB75CC55CBE5CC75CD95CE95CC8
:10939000FD5CFA5CED5C8C5DEA5C0B5D155D175D58
:1093A0005C5D1F5D1B5D115D145D225D1A5D195DC5
:1093B000185D4C5D525D4E5D4B5D6C5D735D765D21
:1093C000875D845D825DA25D9D5DAC5DAE5DBD5DD2
:1093D000905DB75DBC5DC95DCD5DD35DD25DD65D91
:1093E000DB5DEB5DF25DF55D0B5E1A5E195E115E95
:1093F0001B5E365E375E445E435E405E4E5E575E89
:10940000545E5F5E625E645E475E755E765E7A5E47
:10941000BC9E7F5EA05EC15EC25EC85ED05ECF5E57
:10942000D65EE35EDD5EDA5EDB5EE25EE15EE85E56
:10943000E95EEC5EF15EF35EF05EF45EF85EFE5EA9
:10944000035F095F5D5F5C5F0B5F115F165F295F04
:109450002D5F385F415F485F4C5F4E5F2F5F515F0C
:10946000565F575F595F615F6D5F735F775F835FC3
:10947000825F7F5F8A5F885F915F875F9E5F995F92
:10948000985FA05FA85FAD5FBC5FD65FFB5FE45FE6
:10949000F85FF15FDD5FB360FF5F216060601960BE
:1094A000106029600E6031601B6015602B602660C3
:1094B0000F603A605A6041606A6077605F604A603E
:1094C00046604D6063604360646042606C606B60E6
:1094D000596081608D60E76083609A6084609B6002
:1094E000966097609260A7608B60E160B860E06012
:1094F000D360B460F05FBD60C660B560D8604D6198
:1095000015610661F660F7600061F460FA6003615E
:109510002161FB60F1600D610E6147613E61286170
:1095200027614A613F613C612C6134613D61426168
:10953000446173617761586159615A616B6174610B
:109540006F61656171615F615D61536175619961B1
:1095500096618761AC6194619A618A619161AB6146
:10956000AE61CC61CA61C961F761C861C361C6619E
:10957000BA61CB61797FCD61E661E361F661FA6141
:10958000F461FF61FD61FC61FE61006208620962D5
:109590000D620C6214621B621E6221622A622E62DC
:1095A00030623262336241624E625E6263625B626B
:1095B000606268627C62826289627E6292629362A9
:1095C0009662D46283629462D762D162BB62CF62D8
:1095D000FF62C662D464C862DC62CC62CA62C262E4
:1095E000C7629B62C9620C63EE62F1622763026329
:1095F0000863EF62F56250633E634D631C644F6322
:1096000096638E638063AB637663A3638F638963C2
:109610009F63B5636B636963BE63E963C063C663DD
:10962000E363C963D263F663C46316643464066497
:109630001364266436641D65176428640F646764C8
:109640006F6476644E642A6595649364A564A96426
:109650008864BC64DA64D264C564C764BB64D864DB
:10966000C264F164E7640982E064E164AC62E364CB
:10967000EF642C65F664F464F264FA640065FD64DA
:1096800018651C650565246523652B65346535659E
:109690003765366538654B754865566555654D6562
:1096A00058655E655D6572657865826583658A8BE0
:1096B0009B659F65AB65B765C365C665C165C465D8
:1096C000CC65D265DB65D965E065E165F1657267FA
:1096D0000A660366FB6573673566366634661C6624
:1096E0004F664466496641665E665D6664666766A7
:1096F00068665F6662667066836688668E6689667F
:10970000846698669D66C166B966C966BE66BC66B3
:10971000C466B866D666DA66E0663F66E666E966FF
:10972000F066F566F7660F6716671E672667276798
:1097300038972E673F6736674167386737674667F0
:109740005E67606759676367646789677067A96761
:109750007C676A678C678B67A667A1678567B76751
:10976000EF67B467EC67B367E967B867E467DE671C
:10977000DD67E267EE67B967CE67C667E7679C6A31
:109780001E684668296840684D6832684E68B3684C
:109790002B685968636877687F689F688F68AD68D1
:1097A00094689D689B688368AE6AB9687468B56898
:1097B000A068BA680F698D687E680169CA6808691F
:1097C000D86822692669E1680C69CD68D468E768C1
:1097D000D568366912690469D768E3682569F9684C
:1097E000E068EF6828692A691A6923692169C668EF
:1097F000796977695C6978696B6954697E696E69B2
:10980000396974693D695969306961695E695D6981
:1098100081696A69B269AE69D069BF69C169D36992
:10982000BE69CE69E85BCA69DD69BB69C369A769BE
:109830002E6A9169A0699C699569B469DE69E869D5
:10984000026A1B6AFF690A6BF969F269E769056ACE
:10985000B1691E6AED69146AEB690A6A126AC16A23
:10986000236A136A446A0C6A726A366A786A476ABB
:10987000626A596A666A486A386A226A906A8D6AB8
:10988000A06A846AA26AA36A976A1786BB6AC36AD7
:10989000C26AB86AB36AAC6ADE6AD16ADF6AAA6A67
:1098A000DA6AEA6AFB6A056B1686FA6A126B166B4D
:1098B000319B1F6B386B376BDC76396BEE98476BDF
:1098C000436B496B506B596B546B5B6B5F6B616B9C
:1098D000786B796B7F6B806B846B836B8D6B986B14
:1098E000956B9E6BA46BAA6BAB6BAF6BB26BB16BE2
:1098F000B36BB76BBC6BC66BCB6BD36BDF6BEC6BBB
:10990000EB6BF36BEF6BBE9E086C136C146C1B6CF3
:10991000246C236C5E6C556C626C6A6C826C8D6C12
:109920009A6C816C9B6C7E6C686C736C926C906CA6
:10993000C46CF16CD36CBD6CD76CC56CDD6CAE6C5B
:10994000B16CBE6CBA6CDB6CEF6CD96CEA6C1F6DE1
:109950004D88366D2B6D3D6D386D196D356D336DE0
:10996000126D0C6D636D936D646D5A6D796D596DEB
:109970008E6D956DE46F856DF96D156E0A6EB56D22
:10998000C76DE66DB86DC66DEC6DDE6DCC6DE86DC6
:10999000D26DC56DFA6DD96DE46DD56DEA6DEE6D64
:1099A0002D6E6E6E2E6E196E726E5F6E3E6E236E33
:1099B0006B6E2B6E766E4D6E1F6E436E3A6E4E6EF4
:1099C000246EFF6E1D6E386E826EAA6E986EC96E22
:1099D000B76ED36EBD6EAF6EC46EB26ED46ED56E02
:1099E0008F6EA56EC26E9F6E416F116F4C70EC6EE4
:1099F000F86EFE6E3F6FF26E316FEF6E326FCC6EAF
:109A00003E6F136FF76E866F7A6F786F816F806F1E
:109A10006F6F5B6FF36F6D6F826F7C6F586F8E6FC0
:109A2000916FC26F666FB36FA36FA16FA46FB96FB1
:109A3000C66FAA6FDF6FD56FEC6FD46FD86FF16F01
:109A4000EE6FDB6F09700B70FA6F117001700F70A1
:109A5000FE6F1B701A70746F1D7018701F7030705D
:109A60003E7032705170637099709270AF70F17087
:109A7000AC70B870B370AE70DF70CB70DD70D97041
:109A80000971FD701C71197165715571887166716C
:109A900062714C7156716C718F71FB71847195712B
:109AA000A871AC71D771B971BE71D271C971D4711D
:109AB000CE71E071EC71E771F571FC71F971FF71B4
:109AC0000D7210721B7228722D722C7230723272EB
:109AD0003B723C723F72407246724B7258727472A3
:109AE0007E7282728172877292729672A272A7726D
:109AF000B972B272C372C672C472CE72D272E2729C
:109B0000E072E172F972F7720F5017730A731C73E7
:109B100016731D7334732F73297325733E734E733D
:109B20004F73D89E57736A736873707378737573C5
:109B30007B737A73C873B373CE73BB73C073E573EF
:109B4000EE73DE73A27405746F742574F873327447
:109B50003A7455743F745F74597441745C746974D9
:109B6000707463746A7476747E748B749E74A77454
:109B7000CA74CF74D474F173E074E374E774E97455
:109B8000EE74F274F074F174F874F774047503757C
:109B900005750C750E750D75157513751E75267585
:109BA0002C753C7544754D754A7549755B754675E0
:109BB0005A756975647567756B756D7578757675A9
:109BC0008675877574758A758975827594759A75A9
:109BD0009D75A575A375C275B375C375B575BD754E
:109BE000B875BC75B175CD75CA75D275D975E37583
:109BF000DE75FE75FF75FC750176F075FA75F27508
:109C0000F3750B760D7609761F762776207621760A
:109C100022762476347630763B76477648764676DA
:109C20005C76587661766276687669766A7667766B
:109C30006C7670767276767678767C7680768376B9
:109C400088768B768E769676937699769A76B076B7
:109C5000B476B876B976BA76C276CD76D676D2763E
:109C6000DE76E176E576E776EA762F86FB7608778C
:109C700007770477297724771E77257726771B7750
:109C80003777387747775A7768776B775B77657779
:109C90007F777E7779778E778B779177A0779E77AE
:109CA000B077B677B977BF77BC77BD77BB77C77723
:109CB000CD77D777DA77DC77E377EE77FC770C78B8
:109CC0001278267920782A7945788E787478867883
:109CD0007C789A788C78A378B578AA78AF78D178A0
:109CE000C678CB78D478BE78BC78C578CA78EC785A
:109CF000E778DA78FD78F4780779127911791979AB
:109D00002C792B794079607957795F795A7955792F
:109D100053797A797F798A799D79A7794B9FAA7946
:109D2000AE79B379B979BA79C979D579E779EC7926
:109D3000E179E379087A0D7A187A197A207A1F7A0C
:109D40008079317A3B7A3E7A377A437A577A497A00
:109D5000617A627A697A9D9F707A797A7D7A887A57
:109D6000977A957A987A967AA97AC87AB07AB67AF2
:109D7000C57AC47ABF7A8390C77ACA7ACD7ACF7A05
:109D8000D57AD37AD97ADA7ADD7AE17AE27AE67A22
:109D9000ED7AF07A027B0F7B0A7B067B337B187BA4
:109DA000197B1E7B357B287B367B507B7A7B047B43
:109DB0004D7B0B7B4C7B457B757B657B747B677B2D
:109DC000707B717B6C7B6E7B9D7B987B9F7B8D7B9F
:109DD0009C7B9A7B8B7B927B8F7B5D7B997BCB7B08
:109DE000C17BCC7BCF7BB47BC67BDD7BE97B117CED
:109DF000147CE67BE57B607C007C077C137CF37B3A
:109E0000F77B177C0D7CF67B237C277C2A7C1F7CD0
:109E1000377C2B7C3D7C4C7C437C547C4F7C407C51
:109E2000507C587C5F7C647C567C657C6C7C757C4B
:109E3000837C907CA47CAD7CA27CAB7CA17CA87C48
:109E4000B37CB27CB17CAE7CB97CBD7CC07CC57C73
:109E5000C27CD87CD27CDC7CE27C3B9BEF7CF27CBD
:109E6000F47CF67CFA7C067D027D1C7D157D0A7DE6
:109E7000457D4B7D2E7D327D3F7D357D467D737DDD
:109E8000567D4E7D727D687D6E7D4F7D637D937DB9
:109E9000897D5B7D8F7D7D7D9B7DBA7DAE7DA37D44
:109EA000B57DC77DBD7DAB7D3D7EA27DAF7DDC7D7B
:109EB000B87D9F7DB07DD87DDD7DE47DDE7DFB7D41
:109EC000F27DE17D057E0A7E237E217E127E317E3B
:109ED0001F7E097E0B7E227E467E667E3B7E357E21
:109EE000397E437E377E327E3A7E677E5D7E567E49
:109EF0005E7E597E5A7E797E6A7E697E7C7E7B7E1E
:109F0000837ED57D7D7EAE8F7F7E887E897E8C7EB2
:109F1000927E907E937E947E967E8E7E9B7E9C7EAD
:109F2000387F3A7F457F4C7F4D7F4E7F507F517FFA
:109F3000557F547F587F5F7F607F687F697F677F31
:109F4000787F827F867F837F887F877F8C7F947FE7
:109F50009E7F9D7F9A7FA37FAF7FB27FB97FAE7FC9
:109F6000B67FB87F718BC57FC67FCA7FD57FD47F10
:109F7000E17FE67FE97FF37FF97FDC98068004804C
:109F80000B801280188019801C80218028803F80DF
:109F90003B804A804680528058805A805F80628031
:109FA0006880738072807080768079807D807F8009
:109FB0008480868085809B8093809A80AD8090513C
:109FC000AC80DB80E580D980DD80C480DA80D680FB
:109FD0000981EF80F1801B81298123812F814B81B1
:109FE0008B9646813E8153815181FC8071816E81C7
:109FF000658166817481838188818A818081828183
:10A00000A0819581A481A3815F819381A981B08181
:10A01000B581BE81B881BD81C081C281BA81C9814B
:10A02000CD81D181D981D881C881DA81DF81E08178
:10A03000E781FA81FB81FE8101820282058207822B
:10A040000A820D821082168229822B823882338204
:10A050004082598258825D825A825F826482628223
:10A0600068826A826B822E827182778278827E8297
:10A070008D829282AB829F82BB82AC82E182E3823C
:10A08000DF82D282F482F382FA8293830383FB829B
:10A09000F982DE820683DC820983D98235833483A8
:10A0A00016833283318340833983508345832F83E2
:10A0B0002B831783188385839A83AA839F83A28324
:10A0C000968323838E8387838A837C83B58373837C
:10A0D0007583A0838983A883F4831384EB83CE8361
:10A0E000FD830384D8830B84C183F7830784E083D3
:10A0F000F2830D8422842084BD8338840685FB830B
:10A100006D842A843C845A85848477846B84AD84EE
:10A110006E848284698446842C846F847984358437
:10A12000CA846284B984BF849F84D984CD84BB846B
:10A13000DA84D084C184C684D684A1842185FF8436
:10A14000F484178518852C851F8515851485FC8456
:10A150004085638558854885418502864B855585B0
:10A160008085A485888591858A85A8856D85948557
:10A170009B85EA8587859C8577857E859085C985C1
:10A18000BA85CF85B985D085D585DD85E585DC8522
:10A19000F9850A8613860B86FE85FA850686228651
:10A1A0001A8630863F864D86554E54865F86678672
:10A1B00071869386A386A986AA868B868C86B686A8
:10A1C000AF86C486C686B086C9862388AB86D48609
:10A1D000DE86E986EC86DF86DB86EF8612870687D9
:10A1E000088700870387FB86118709870D87F98613
:10A1F0000A8734873F8737873B87258729871A87D0
:10A2000060875F8778874C874E8774875787688712
:10A210006E875987538763876A870588A2879F87D8
:10A220008287AF87CB87BD87C087D087D696AB871D
:10A23000C487B387C787C687BB87EF87F287E08766
:10A240000F880D88FE87F687F7870E88D2871188DA
:10A250001688158822882188318836883988278889
:10A260003B8844884288528859885E8862886B8817
:10A2700081887E889E8875887D88B5887288828866
:10A2800097889288AE889988A2888D88A488B0889B
:10A29000BF88B188C388C488D488D888D988DD8825
:10A2A000F9880289FC88F488E888F28804890C8996
:10A2B0000A89138943891E8925892A892B8941891D
:10A2C00044893B89368938894C891D8960895E8932
:10A2D000668964896D896A896F89748977897E89BD
:10A2E000838988898A8993899889A189A989A68976
:10A2F000AC89AF89B289BA89BD89BF89C089DA8939
:10A30000DC89DD89E789F489F889038A168A108A4D
:10A310000C8A1B8A1D8A258A368A418A5B8A528A60
:10A32000468A488A7C8A6D8A6C8A628A858A828A91
:10A33000848AA88AA18A918AA58AA68A9A8AA38AE7
:10A34000C48ACD8AC28ADA8AEB8AF38AE78AE48AE7
:10A35000F18A148BE08AE28AF78ADE8ADB8A0C8B28
:10A36000078B1A8BE18A168B108B178B208B338B04
:10A37000AB97268B2B8B3E8B288B418B4C8B4F8B3B
:10A380004E8B498B568B5B8B5A8B6B8B5F8B6C8B9D
:10A390006F8B748B7D8B808B8C8B8E8B928B938B46
:10A3A000968B998B9A8B3A8C418C3F8C488C4C8C39
:10A3B0004E8C508C558C628C6C8C788C7A8C828C08
:10A3C000898C858C8A8C8D8C8E8C948C7C8C988CD2
:10A3D0001D62AD8CAA8CBD8CB28CB38CAE8CB68C4D
:10A3E000C88CC18CE48CE38CDA8CFD8CFA8CFB8CF1
:10A3F000048D058D0A8D078D0F8D0D8D108D4E9F4F
:10A40000138DCD8C148D168D678D6D8D718D738D23
:10A41000818D998DC28DBE8DBA8DCF8DDA8DD68D01
:10A42000CC8DDB8DCB8DEA8DEB8DDF8DE38DFC8DBF
:10A43000088E098EFF8D1D8E1E8E108E1F8E428EF1
:10A44000358E308E348E4A8E478E498E4C8E508E8D
:10A45000488E598E648E608E2A8E638E558E768ECF
:10A46000728E7C8E818E878E858E848E8B8E8A8E68
:10A47000938E918E948E998EAA8EA18EAC8EB08E74
:10A48000C68EB18EBE8EC58EC88ECB8EDB8EE38E11
:10A49000FC8EFB8EEB8EFE8E0A8F058F158F128F32
:10A4A000198F138F1C8F1F8F1B8F0C8F268F338F4D
:10A4B0003B8F398F458F428F3E8F4C8F498F468F10
:10A4C0004E8F578F5C8F628F638F648F9C8F9F8FAF
:10A4D000A38FAD8FAF8FB78FDA8FE58FE28FEA8FC3
:10A4E000EF8F8790F48F0590F98FFA8F1190159068
:10A4F00021900D901E9016900B90279036903590DD
:10A500003990F88F4F905090519052900E90499002
:10A510003E90569058905E9068906F907690A89676
:10A52000729082907D90819080908A9089908F9097
:10A53000A890AF90B190B590E290E4904862DB9023
:10A54000029112911991329130914A9156915891FC
:10A55000639165916991739172918B9189918291C7
:10A56000A291AB91AF91AA91B591B491BA91C091DA
:10A57000C191C991CB91D091D691DF91E191DB91BD
:10A58000FC91F591F6911E92FF9114922C921592E6
:10A5900011925E9257924592499264924892959296
:10A5A0003F924B9250929C92969293929B925A9287
:10A5B000CF92B992B792E9920F93FA9244932E9365
:10A5C000199322931A9323933A9335933B935C9375
:10A5D00060937C936E935693B093AC93AD939493A6
:10A5E000B993D693D793E893E593D893C393DD9328
:10A5F000D093C893E4931A941494139403940794F7
:10A60000109436942B94359421943A944194529416
:10A6100044945B94609462945E946A9429927094DA
:10A62000759477947D945A947C947E9481947F94CD
:10A63000829587958A959495969598959995A095E4
:10A64000A895A795AD95BC95BB95B995BE95CA95AE
:10A65000F66FC395CD95CC95D595D495D695DC95CB
:10A66000E195E595E295219628962E962F964296AD
:10A670004C964F964B9677965C965E965D965F9657
:10A68000669672966C968D96989695969796AA96DB
:10A69000A796B196B296B096B496B696B896B99675
:10A6A000CE96CB96C996CD964D89DC960D97D596CC
:10A6B000F99604970697089713970E9711970F9797
:10A6C0001697199724972A97309739973D973E9771
:10A6D000449746974897429749975C976097649745
:10A6E00066976897D2526B977197799785977C9701
:10A6F00081977A9786978B978F9790979C97A89733
:10A70000A697A397B397B497C397C697C897CB97C5
:10A71000DC97ED974F9FF297DF7AF697F5970F98B2
:10A720000C9838982498219837983D9846984F98D7
:10A730004B986B986F987098719874987398AA98C2
:10A74000AF98B198B698C498C398C698E998EB9812
:10A750000399099912991499189921991D991E998B
:10A76000249920992C992E993D993E99429949997D
:10A77000459950994B99519952994C995599979956
:10A780009899A599AD99AE99BC99DF99DB99DD9916
:10A79000D899D199ED99EE99F199F299FB99F89997
:10A7A000019A0F9A059AE299199A2B9A379A459A23
:10A7B000429A409A439A3E9A559A4D9A5B9A579A72
:10A7C0005F9A629A659A649A699A6B9A6A9AAD9A44
:10A7D000B09ABC9AC09ACF9AD19AD39AD49ADE9A58
:10A7E000DF9AE29AE39AE69AEF9AEB9AEE9AF49A53
:10A7F000F19AF79AFB9A069B189B1A9B1F9B229B28
:10A80000239B259B279B289B299B2A9B2E9B2F9B29
:10A81000329B449B439B4F9B4D9B4E9B519B589B14
:10A82000749B939B839B919B969B979B9F9BA09BC9
:10A83000A89BB49BC09BCA9BB99BC69BCF9BD19B3B
:10A84000D29BE39BE29BE49BD49BE19B3A9CF29BD3
:10A85000F19BF09B159C149C099C139C0C9C069CE2
:10A86000089C129C0A9C049C2E9C1B9C259C249C4E
:10A87000219C309C479C329C469C3E9C5A9C609CF0
:10A88000679C769C789CE79CEC9CF09C099D089DBD
:10A89000EB9C039D069D2A9D269DAF9D239D1F9D9C
:10A8A000449D159D129D419D3F9D3E9D469D489D09
:10A8B0005D9D5E9D649D519D509D599D729D899D9C
:10A8C000879DAB9D6F9D7A9D9A9DA49DA99DB29DEC
:10A8D000C49DC19DBB9DB89DBA9DC69DCF9DC29D87
:10A8E000D99DD39DF89DE69DED9DEF9DFD9D1A9E02
:10A8F0001B9E1E9E759E799E7D9E819E889E8B9E30
:10A900008C9E929E959E919E9D9EA59EA99EB89E70
:10A91000AA9EAD9E6197CC9ECE9ECF9ED09ED49E89
:10A92000DC9EDE9EDD9EE09EE59EE89EEF9EF49E10
:10A93000F69EF79EF99EFB9EFC9EFD9E079F089F3C
:10A94000B776159F219F2C9F3E9F4A9F529F549FF1
:10A95000639F5F9F609F619F669F679F6C9F6A9FD9
:10A96000779F729F769F959F9C9FA09F2F58C76946
:10A9700059906474DC5199719C4E1655035A3F9658
:10A98000C0541B612863F659229075841C83507A49
:10A99000AA60E163256EED656684A682F59B9368E7
:10A9A0002757A16571629B5BD0597B86F498627DC5
:10A9B000BE7D8E9B16629F7CB788895BB55E0963FE
:10A9C00097664868C7958D974F67E54E0A4F4D4F7C
:10A9D0009D4F4950F2563759D459015A095CDF60EE
:10A9E0000F61706113660569BA704F757075FB79F8
:10A9F000AD7DEF7DC3800E846388028B55907A9085
:10AA00003B53954EA54EDF57B280C190EF78004E74
:10AA1000F158A26E3890327A28838B822F9C415154
:10AA20007053BD54E154E056FB59155FF298EB6D3D
:10AA3000E4802D8562967096A096FB970B54F35395
:10AA4000875BCF70BD7FC28FE8966F535C9DBA7AEB
:10AA5000114E9378FC81266E185604551D6B1A858D
:10AA60003B9CE559A953666DDC748F954256914E17
:10AA70004B90F2964F830C99E153B655305B715F62
:10AA80002066F3660468386CF36C296D5B74C876D5
:10AA90004E7A3498F1825B88608AED92B26DAB7524
:10AAA000CA76C599A660018B8A8DB2958E69AD5321
:10AAB0008651125730584459B45BF65E2860A9633A
:10AAC000F463BF6C146F8E7014715971D5713F733C
:10AAD000017E7682D182978560905B921B9D69583A
:10AAE000BC655A6C2575F9512E596559805FDC5F3C
:10AAF000BC62FA652A6A276BB46B8B73C17F568977
:10AB00002C9D0E9DC49EA15C966C7B8304514B5C76
:10AB1000B661C68176686172594EFA4F78536960A2
:10AB2000296E4F7AF3970B4E1653EE4E554F3D4F0D
:10AB3000A14F734FA052EF5309560F59C15AB65B3C
:10AB4000E15BD17987669C67B6674C6BB36C6B70C1
:10AB5000C2738D79BE793C7A877BB182DB820483B4
:10AB60007783EF83D3836687B28A2956A88CE68FD2
:10AB70004E901E978A86C44FE85C116259723B75ED
:10AB8000E581BD82FE86C08CC5961399D599CB4EC2
:10AB90001A4FE389DE564A58CA58FB5EEB5F2A60BB
:10ABA00094606260D0611262D0623965419B6666D2
:10ABB000B068776D70704C758676757DA582F98763
:10ABC0008B958E969D8CF151BE521659B354B35B42
:10ABD000165D68618269AF6D8D78CB845788728A03
:10ABE000A793B89A6C6DA899D986A357FF67CE86AC
:10ABF0000E92835287560454D35EE162B9643C6876
:10AC00003868BB6B7273BA786B7A9A89D2896B8D0C
:10AC1000038FED90A39594966997665BB35C7D690D
:10AC20004D984E989B63207B2B6A7F6AB6680D9C7B
:10AC30005F6F72529D557060EC623B6D076ED16E16
:10AC40005B841089448F144E399CF6531B693A6A11
:10AC500084972A685C51C37AB284DC918C935B56EA
:10AC6000289D226805833184A57C0852C582E6743C
:10AC70007E4E834FA051D25B0A52D852E752FB5D01
:10AC80009A552A58E6598C5B985BDB5B725E795E5D
:10AC9000A3601F616361BE61DB636265D167536856
:10ACA000FA683E6B536B576C226F976F456FB074A9
:10ACB0001875E3760B77FF7AA17B217CE97D367FDF
:10ACC000F07F9D8066829E83B389CC8AAB8C849012
:10ACD000519493959195A2956596D397289918824A
:10ACE000384E2B54B85CCC5DA9734C763C77A95C8C
:10ACF000EB7F0B8DC196119854985898014F0E4FC9
:10AD000071539C556856FA574759095BC45B905C70
:10AD10000C5E7E5ECC5FEE633A67D765E2651F67C7
:10AD2000CB68C4685F6A305EC56B176C7D6C7F75DD
:10AD30004879635B007A007DBD5F8F89188AB48C87
:10AD4000778DCC8E1D8FE2980E9A3C9B804E7D5065
:10AD5000005193599C5B2F628062EC643A6BA07245
:10AD600091754779A97FFB87BC8A708BAC63CA83D6
:10AD7000A09709540354AB555468586A708A2778D1
:10AD80007567CD9E7453A25B1A8150860690184E4B
:10AD9000454EC74E114FCA533854AE5B135F256002
:10ADA00051653D67426C726CE36C78700374767A1F
:10ADB000AE7A087B1A7DFE7C667DE7655B72BB53CD
:10ADC000455CE85DD262E0621963206E5A86318A82
:10ADD000DD8DF892016FA6795A9BA84EAB4EAC4E12
:10ADE0009B4FA04FD1504751F67A7151F6515453B1
:10ADF00021537F53EB53AC558358E15C375F4A5F77
:10AE00002F6050606D601F6359654B6AC16CC272E0
:10AE1000ED72EF77F880058108824E85F790E19317
:10AE2000FF9757995A9AF04EDD512D5C81666D69F6
:10AE3000405CF266756989735068817CC550E45244
:10AE40004757FE5D2693A465236B3D6B347481796F
:10AE5000BD794B7BCA7DB982CC837F885F89398B72
:10AE6000D18FD1911F5480925D4E3650E5533A53A5
:10AE7000D7729673E977E682AF8EC699C899D29950
:10AE800077511A615E86B0557A7A7650D35B4790D7
:10AE90008596324EDB6AE791515C485C98639F7AF5
:10AEA000936C7497618FAA7A8A718896827C1768EE
:10AEB000707E51686C93F2521B54AB85138AA47F49
:10AEC000CD8EE190665388884179C24FBE501152B1
:10AED000445153552D57EA738B575159625F845F24
:10AEE000756076616761A961B2633A646C656F668B
:10AEF0004268136E66753D7AFB7C4C7D997D4B7E76
:10AF00006B7F0E834A83CD86088A638A668BFD8EAB
:10AF10001A988F9DB882CE8FE89B87521F628364F8
:10AF2000C06F999641689150206B7A6C546F747A17
:10AF3000507D4088238A0867F64E39502650655068
:10AF40007C5138526352A7550F570558CC5AFA5EB8
:10AF5000B261F861F36272631C69296A7D72AC7236
:10AF60002E7314786F78797D0C77A9808B89198B73
:10AF7000E28CD28E639075937A965598139A789E48
:10AF800043519F53B3537B5E265F1B6E906E847359
:10AF9000FE73437D3782008AFA8A50964E4E0B50DC
:10AFA000E4537C54FA56D159645BF15DAB5E275F84
:10AFB00038624565AF67566ED072CA7CB488A1808E
:10AFC000E180F0834E86878AE88D3792C79667982E
:10AFD000139F944E924E0D4F485349543E542F5A4E
:10AFE0008C5FA15F9F60A7688E6A5A7481789E8A81
:10AFF000A48A778B90915E4EC99BA44E7C4FAF4F35
:10B000001950165049516C519F52B952FE529A53E1
:10B01000E35311540E5489555157A2577D59545B2F
:10B020005D5B8F5BE55DE75DF75D785E835E9A5EF5
:10B03000B75E185F52604C619762D862A7633B6548
:10B0400002664366F4666D6721689768CB695F6C3A
:10B050002A6D696D2F6E9D6E327587766C783F7A9A
:10B06000E07C057D187D5E7DB17D15800380AF801D
:10B07000B18054818F812A8252834C8861881B8BD6
:10B08000A28CFC8CCA90759171923F78FC92A49529
:10B090004D9605989999D89A3B9D5B52AB52F753C0
:10B0A0000854D558F762E06F6A8C5F8FB99E4B5198
:10B0B0003B524A54FD56407A7791609DD29E44732C
:10B0C000096F70811175FD5FDA60A89ADB72BC8F21
:10B0D000646B0398CA4EF0566457BE585A5A68605B
:10B0E000C7610F6606663968B168F76DD5753A7D38
:10B0F0006E82429B9B4E504FC95306556F5DE65D75
:10B10000EE5DFB67996C73740278508A9693DF88C2
:10B110005057A75E2B63B550AC508D510067C95492
:10B120005E58BB59B05B695F4D62A1633D68736B4C
:10B13000086E7D70C7918072157826786D798E655E
:10B14000307DDC83C188098F9B96645228575067F5
:10B150006A7FA18CB45142572A963A588A69B480C2
:10B16000B2540E5DFC579578FA9D5C4F4A528B5451
:10B170003E6428661467F567847A567B227D2F9398
:10B180005C68AD9B397B19538A513752DF5BF6629D
:10B19000AE64E6642D67BA6BA985D1969076D69B8E
:10B1A0004C630693AB9BBF765266094E9850C253D0
:10B1B000715CE860926463655F68E671CA732375C9
:10B1C000977B827E9586838BDB8C78911099AC651A
:10B1D000AB668B6BD54ED44E3A4F7F4F3A52F853F5
:10B1E000F253E355DB56EB58CB59C959FF59505B25
:10B1F0004D5C025E2B5ED75F1D6007632F655C5B55
:10B20000AF65BD65E8659D67626B7B6B0F6C4573D1
:10B210004979C179F87C197D2B7DA2800281F38167
:10B2200096895E8A698A668A8C8AEE8AC78CDC8CEB
:10B23000CC96FC986F6B8B4E3C4F8D4F5051575BAB
:10B24000FA5B486101634266216BCB6EBB6C3E7258
:10B25000BD74D475C1783A790C803380EA819484C6
:10B260009E8F506C7F9E0F5F588B2B9DFA7AF88EC5
:10B270008D5BEB96034EF153F7573159C95AA45BD6
:10B2800089607F6E066FBE75EA8C9F5B0085E07BF0
:10B290007250F4679D82615C4A851E7E0E829951D0
:10B2A000045C6863668D9C656E713E79177D0580D0
:10B2B0001D8BCA8E6E90C786AA901F50FA523A5CB8
:10B2C00053677C7035724C91C8912B93E582C25BB9
:10B2D000315FF9603B4ED653885B4B6231678A6BB6
:10B2E000E972E0732E7A6B81A38D52919699125177
:10B2F000D7536A54FF5B8863396AAC7D0097DA568E
:10B30000CE536854975B315CDE5DEE4F0161FE62A7
:10B31000326DC079CB79427D4D7ED27FED811F8227
:10B32000908446887289908B748E2F8F31904B91C8
:10B330006C91C6969C91C04E4F4F45514153935FBF
:10B340000E62D467416C0B6E6373267ECD9183923F
:10B35000D4531959BF5BD16D5D792E7E9B7C7E588D
:10B360009F71FA515388F08FCA4FFB5C2566AC770A
:10B37000E37A1C82FF99C651AA5FEC656F69896BFD
:10B38000F36D966E646FFE76147DE15D7590879126
:10B390000698E6511D5240629166D9661A6EB65EF5
:10B3A000D27D727FF866AF85F785F88AA952D953A6
:10B3B00073598F5E905F5560E4926496B7501F5149
:10B3C000DD5220534753EC53E85446553155175638
:10B3D0006859BE593C5AB55B065C0F5C115C1A5C3F
:10B3E000845E8A5EE05E705F7F628462DB628C6393
:10B3F000776307660C662D6676667E67A2681F6AAD
:10B40000356ABC6C886D096E586E3C712671677127
:10B41000C77501775D7801796579F079E07A117BFC
:10B42000A77C397D9680D6838B8449855D88F38897
:10B430001F8A3C8A548A738A618CDE8CA49166923E
:10B440007E9318949C9698970A4E084E1E4E574E1F
:10B4500097517052CE573458CC58225B385EC56035
:10B46000FE6461675667446DB6727375637AB8841B
:10B47000728BB89120933156F457FE98ED620D69A6
:10B48000966BED71547E77807282E689DF985587DE
:10B49000B18F3B5C384FE14FB54F0755205ADD5B0C
:10B4A000E95BC35F4E612F63B0654B66EE689B69D5
:10B4B000786DF16D3375B9751F775E79E679337DF7
:10B4C000E381AF82AA85AA893A8AAB8E9B8F32909C
:10B4D000DD910797BA4EC14E03527558EC580B5C7C
:10B4E0001A753D5C4E810A8AC58F63966D97257BE0
:10B4F000CF8A08986291F356A8531790395482570F
:10B50000255EA863346C8A7061778B7CE07F7088DD
:10B5100042905491109318938F965E74C49A075D6D
:10B52000695D7065A267A88DDB966E6349671969CE
:10B53000C5831798C096FE88846F7A64F85B164EB0
:10B540002C705D752F66C4513652E252D359815F1B
:10B55000276010623F6574651F667466F26816683E
:10B56000636B056E72721F75DB76BE7C5680F05879
:10B57000FD887F89A08A938ACB8A1D9092915297E9
:10B58000599789650E7A0681BB962D5EDC601A623A
:10B59000A56514669067F3774D7A4D7C3E7E0A81EF
:10B5A000AC8C648DE18D5F8EA9780752D962A5635A
:10B5B000426498622D8A837AC07BAC8AEA96767D53
:10B5C0000C824987D94E485143536053A35B025CB8
:10B5D000165CDD5D26624762B06413683468C96C2E
:10B5E000456D176DD3675C6F4E717D71CB657F7A4A
:10B5F000AD7BDA7D4A7EA87F7A811B823982A6855F
:10B600006E8ACE8CF58D78907790AD9291928395DD
:10B61000AE9B4D528455386F367168518579557E91
:10B62000B381CE7C4C565158A85CAA63FE66FD6679
:10B630005A69D9728F758E750E795679DF79977C34
:10B64000207D447D0786348A3B966190209FE75099
:10B650007552CC53E2530950AA55EE584F593D72DA
:10B660008B5B645C1D53E360F3605C6383633F63E7
:10B67000BB63CD64E965F966E35DCD69FD69156F6E
:10B68000E571894EE975F876937ADF7CCF7D9C7DF4
:10B690006180498358836C84BC84FB85C588708D28
:10B6A00001906D9097931C97129ACF5097588E6186
:10B6B000D3813585088D2090C34F74504752735302
:10B6C0006F6049635F672C6EB38D1F90D74F5E5CD0
:10B6D000CA8CCF659A7D525396887651C363585B66
:10B6E0006B5B0A5C0D6451675C90D64E1A592A59FF
:10B6F000706C518A3E551558A559F0605362C16768
:10B70000358255694096C499289A534F0658FE5B76
:10B710001080B15C2F5E855F20604B613462FF66F4
:10B72000F06CDE6ECE807F81D4828B88B88C0090E6
:10B730002E908A96DB9EDB9BE34EF05327592C7BA1
:10B740008D914C98F99DDD6E277053534455855B60
:10B7500058629E62D362A26CEF6F2274178A38948B
:10B76000C16FFE8A3883E751F886EA53E953464FA2
:10B770005490B08F6A593181FD5DEA7ABF8FDA68E3
:10B78000378CF872489C3D6AB08A394E5853065639
:10B790006657C562A263E6654E6BE16D5B6EAD7088
:10B7A000ED77EF7AAA7BBB7D3D80C680CB86958AFC
:10B7B0005B93E356C7583E5FAD659666806AB56B8E
:10B7C0003775C78A2450E57730571B5F65607A6606
:10B7D000606CF4751A7A6E7FF48118874590B3997E
:10B7E000C97B5C75F97A517BC4841090E979927AAF
:10B7F0003683E15A40772D4EF24E995BE05FBD6291
:10B800003C66F167E86C6B8677883B8A4E91F392D1
:10B81000D099176A26702A73E7825784AF8C014E3D
:10B820004651CB518B55F55B165E335E815E145FDE
:10B83000355F6B5FB45FF2611163A2661D676E6F67
:10B8400052723A753A777480398178817687BF8AE7
:10B85000DC8A858DF38D9A9277950298E59CC55286
:10B860005763F4761567886CCD73C38CAE9373966B
:10B87000256D9C580E69CC69FD8F9A93DB751A90E3
:10B880005A580268B463FB69434F2C6FD867BB8F6B
:10B890002685B47D54933F69706F6A57F7582C5BC7
:10B8A0002C7D2A720A54E391B49DAD4E4E4F5C50EC
:10B8B000755043529E8C485424589A5B1D5E955E89
:10B8C000AD5EF75E1F5F8C60B5623A63D063AF68B0
:10B8D000406C87788E790B7AE07D4782028AE68A0F
:10B8E000448E1390B8902D91D8910E9FE56C5864BA
:10B8F000E2647565F46E84761B7B6990D193BA6EB1
:10B90000F254B95FA4644D8FED8F449278516B5817
:10B910002959555C975EFB6D8F7E1C75BC8CE28E41
:10B920005B98B9701D4FBF6BB16F3075FB964E5170
:10B93000105435585758AC59605C925F97655C67F6
:10B94000216E7B76DF83ED8C1490FD904D932578EE
:10B950003A78AA52A65E1F577459126012505A5173
:10B96000AC51CD5100521055545858585759955B09
:10B97000F65C8B5DBC6095622D6471674368BC6842
:10B98000DF68D776D86D6F6E9B6D6F70C871535F2F
:10B99000D8757779497B547B527BD67C717D305248
:10B9A00063846985E4850E8A048B468C0F8E039030
:10B9B0000F90199476962D98309AD895CD50D552EF
:10B9C0000C5402580E5CA7619E641E6DB377E57A35
:10B9D000F480048453908592E05C079D3F53975F09
:10B9E000B35F9C6D79726377BF79E47BD26BEC7245
:10B9F000AD8A0368616AF851817A34694A5CF69CC1
:10BA0000EB82C55B49911E7078566F5CC7606665B6
:10BA10008C6C5A8C419013985154C7660D924859BA
:10BA2000A39085514D4EEA5199850E8B58707A63DB
:10BA30004B936269B499047E777557536069DF8EC2
:10BA4000E3965D6C8C4E3C5C105FE98F0253D18CA9
:10BA500089807986FF5EE565734E655182593F5C4A
:10BA6000EE97FB4E8A59CD5F8D8AE16FB07962798E
:10BA7000E75B71842B73B171745EF55F7B639A64CD
:10BA8000C371987C434EFC5E4B4EDC57A256A960B6
:10BA9000C36F0D7DFD803381BF81B28F9789A486EE
:10BAA000F45D8A62AD6487897767E26C3E6D3674B7
:10BAB0003478465A757FAD82AC99F34FC35EDD6230
:10BAC000926357656F67C3764C72CC80BA80298FBA
:10BAD0004D910D50F957925A856873696471FD72E2
:10BAE000B78CF258E08C6A9619907F87E479E777F3
:10BAF00029842F4F65525A53CD62CF67CA6C7D7629
:10BB0000947B957C36828485EB8FDD66206F067290
:10BB10001B7EAB83C199A69EFD51B17B7278B87B29
:10BB20008780487BE86A615E8C80517560756B51D7
:10BB300062928C6E7A769791EA9A104F707F9C622F
:10BB40004F7BA595E99C7A565958E486BC96344FAC
:10BB500024524A53CD53DB53065E2C6491657F67B4
:10BB60003E6C4E6C4872AF72ED735475417E2C8200
:10BB7000E985A98CC47BC69169711298EF983D63E1
:10BB800069666A75E476D0784385EE862A53515308
:10BB900026548359875E7C5FB26049627962AB62EA
:10BBA0009065D46BCC6CB275AE769178D879CB7D3C
:10BBB000777FA580AB88B98ABB8C7F905E97DB9836
:10BBC0000B6A387C99503E5CAE5F8767D86B3574E2
:10BBD00009778E7F3B9FCA67177A39538B75ED9A29
:10BBE000665F9D81F18398803C5FC55F6275467B8F
:10BBF0003C906768EB599B5A107D7E762C8BF54FF5
:10BC00006A5F196A376C026FE27468796888558ACE
:10BC1000798CDF5ECF63C575D279D7822893F29293
:10BC20009C84ED862D9CC1546C5F8C655C6D157099
:10BC3000A78CD38C3B984F65F6740D4ED84EE057C9
:10BC40002B59665ACC5BA851035E9C5E16607662E7
:10BC50007765A7656E666E6D3672267B50819A8118
:10BC600099825C8BA08CE68C748D1C964496AE4FAA
:10BC7000AB64666B1E8261846A85E890015C5369DF
:10BC8000A8987A8457850F4F6F52A95F455E0D675C
:10BC90008F79798107898689F56D175F5562B86C50
:10BCA000CF4E6972929B06523B547456B358A461AE
:10BCB0006E621A716E59897CDE7C1B7DF0968765F9
:10BCC0005E80194E754F75514058635E735E0A5F12
:10BCD000C467264E3D8589955B96737C0198FB5021
:10BCE000C1585676A7782552A5771185867B4F5087
:10BCF00009594772C77BE87DBA8FD48F4D90BF4FEB
:10BD0000C952295A015FAD97DD4F1782EA92035756
:10BD10005563696B2B75DC88148F427ADF52935818
:10BD200055610A62AE66CD6B3F7CE9832350F84FC4
:10BD300005534654315849599D5BF05CEF5C295DD1
:10BD4000965EB16267633E65B9650B67D56CE16C61
:10BD5000F97032782B7EDE80B3820C84EC8402870B
:10BD600012892A8A4A8CA690D292FD98F39C6C9DE7
:10BD70004F4EA14E8D5056524A57A8593D5ED85F3E
:10BD8000D95F3F62B4661B67D067D2689251217D4C
:10BD9000AA80A881008B8C8CBF8C7E923296205416
:10BDA0002C981753D5505C53A858B2643467677207
:10BDB0006677467AE691C352A16C866B00584C5E5A
:10BDC00054592C67FB7FE151C6766964E878549B2F
:10BDD000BB9ECB57B95927669A67CE6BE954D96990
:10BDE000555E9C819567AA9BFE67529C5D68A64E36
:10BDF000E34FC853B9622B67AB6CC48FAD4F6D7EF8
:10BE0000BF9E074E6261806E2B6F138573542A6745
:10BE1000459BF35D957BAC5CC65B1C874A6ED18409
:10BE2000147A088199598D7C116C2077D952225946
:10BE300021715F72DB772797619D0B697F5A185AD2
:10BE4000A5510D547D540E66DF76F78F9892F49CC1
:10BE5000EA595D72C56E4D51C968BF7DEC7D629730
:10BE6000BA9E7864216A028384595F5BDB6B1B7323
:10BE7000F276B27D1780998432512867D99EEE768A
:10BE80006267FF520599245C3B627E7CB08C4F5503
:10BE9000B6600B7D809501535F4EB6511C593A72C6
:10BEA0003680CE91255FE2778453795F047DAC853F
:10BEB000338A8D8E5697F367AE8553940961086176
:10BEC000B96C5276ED8A388F2F55514F2A51C7528F
:10BED000CB53A55B7D5EA0608261D6630967DA679C
:10BEE000676E8C6D3673377331755079D588988A43
:10BEF0004A909190F590C4968D871559884E594F68
:10BF00000E4E898A3F8F1098AD507C5E9659B95B72
:10BF1000B85EDA63FA63C164DC664A69D8690B6D9E
:10BF2000B66E94712875AF7A8A7F00804984C9847F
:10BF30008189218B0A8E65907D960A997E61916236
:10BF4000326B836C746DCC7FFC7FC06D857FBA874C
:10BF5000F8886567B1833C98F7961B6D617D3D84D9
:10BF60006A91714E7553505D046BEB6FCD852D86D4
:10BF7000A78929520F54655C4E67A86806748374BC
:10BF8000E275CF88E188CC91E29678968B5F8773D3
:10BF9000CB7A4E84A06365758952416D9C6E09749D
:10BFA00059756B78927C8696DC7A8D9FB64F6E6160
:10BFB000C5655C86864EAE4EDA50214ECC51EE5BA6
:10BFC00099658168BC6D1F734276AD771C7AE77CFA
:10BFD0006F82D28A7C90CF91759618989B52D17DB2
:10BFE0002B5098539767CB6DD0713374E8812A8FAB
:10BFF000A396579C9F9E60744158996D2F7D5E98C3
:10C00000E44E364F8B4FB751B152BA5D1C60B273DC
:10C010003C79D3823492B796F6960A97979E629FA0
:10C02000A666746B1752A352C870C288C95E4B6073
:10C030009061236F49713E7CF47D6F80EE84239084
:10C040002C9342546F9BD36A8970C28CEF8D3297C8
:10C05000B452415ACA5E045F17677C6994696A6D7D
:10C060000F6F6272FC72ED7B01807E804B87CE90F9
:10C070006D51939E84798B803293D68A2D508C5447
:10C08000718A6A6BC48C0781D160A067F29D994E5A
:10C09000984E109C6B8AC185688500697E6E977882
:10C0A00055810000002502250C2510251825142592
:10C0B0001C252C25242534253C25012503250F2569
:10C0C00013251B251725232533252B253B254B25FC
:10C0D00020252F25282537253F251D2530252525D9
:10C0E0003825422510041104120413041404150405
:10C0F000010416041704180419041A041B041C0470
:10C100001D041E041F04200421042204230424040B
:10C11000250426042704280429042A042B042C04BB
:10C120002D042E042F040000000000000000000079
:10C1300000000000000000000000000000000000FF
:10C1400000000000300431043204330434043504A8
:10C15000510436043704380439043A043B043C04DF
:10C160003D043E043F0440044104420443044404AB
:10C17000450446044704480449044A044B044C045B
:10C180004D044E044F040000910392039303940363
:10C19000950396039703980399039A039B039C03C3
:10C1A0009D039E039F03A003A103A303A403A50370
:10C1B000A603A703A803A9030000000000000000D5
:10C1C0000000000000000000B103B203B303B40399
:10C1D000B503B603B703B803B903BA03BB03BC0383
:10C1E000BD03BE03BF03C003C103C303C403C50330
:10C1F000C603C703C803C903000000000000000015
:10C200000000000000000001010101010101010125
:10C210000100000000000000010101010101010115
:10C2200001010101010101010101010101010101FE
:10C2300001010000000000000001010101010101F5
:10C2400001010101010101010101010101010101DE
:10C2500001010100C625A125A025B325B225BD25D4
:10C26000BC253B2012309221902191219321133043
:10C2700000000000000000000000000000000000BE
:10C2800000000000000008220B2286228722822262
:10C2900083222A2229220000000000000000000062
:10C2A00000000000000027222822AC00D221D42167
:10C2B00000220322292200000000000000000000EC
:10C2C000000000000000000000002022A522122330
:10C2D00002220722612252226A226B221A223D2266
:10C2E0001D2235222B222C2200000000000000001D
:10C2F0000000000000002B2130206F266D266A26EA
:10C3000020202120B6002C22000000000000EF2594
:10C310000030013002300CFF0EFFFB301AFF1BFF14
:10C320001FFF01FF9B309C30B40040FFA8003EFF80
:10C330003E203FFFFD30FE309D309E300330DD4E0D
:10C34000053006300730FC30142010200FFF3CFF72
:10C350001C3016205CFF26202520182019201C20C8
:10C360001D2008FF09FF143015303BFF3DFF5BFF28
:10C370005DFF083009300A300B300C300D300E30C4
:10C380000F30103011300BFF1222B100D700F70030
:10C390001DFF60221CFF1EFF662267221E22342220
:10C3A00042264026B000322033200321A50004FF9E
:10C3B000A200A30005FF03FF06FF0AFF20FFA7005E
:10C3C00006260526CB25CF25CE25C7253030303093
:10C3D000303030303030303030303030202020209D
:10C3E00020202020202020202020202000000000CD
:10C3F000000000000000000000000000000000003D
:10C40000000000000000000000000000000000002C
:10C4100000000000000000000000000010111213D6
:10C42000141516171819000000000000001A1B1C34
:10C430001D1E1F00000000000000000000000000A2
:10C44000000000000000000000000000001A1B1C9B
:10C450001D1E1F0000000000000000000000000082
:10C4600000000000000000000000000000000000CC
:10C4700000000000000000000000000000000000BC
:10C4800000000000000000000000000000000000AC
:10C49000000000000000000000000000000000009C
:10C4A000000000000000000000000000000000008C
:10C4B000000000000000000000000000000000007C
:10C4C000000000000000000000000000000000006C
:10C4D000000000000000000000000000000000005C
:10C4E000000000000000000000000000000000004C
:10C4F0001F001C2000000000142100000200162470
:10C5000000000000142500000200152800000000B3
:10C51000112900000000142A00000000182B000060
:10C520000000142C00000000102D00000000142E4C
:10C53000000001000C3000000900143A0000010066
:10C54000183C00000200143F0000010003410000FD
:10C550001900155B00000000145C00000000115D74
:10C5600000000000175E000000000F5F00000000E8
:10C57000176000000000036100001900157B000037
:10C580000000187C00000000117D00000000187EF3
:10C5900000000000007F000020001CA00000000040
:10C5A00014A10000000016A20000030019A600005C
:10C5B000000014A70000000017A80000000019A93F
:10C5C0000000000006AA0000000013AB00000000FD
:10C5D00018AC0000000001AD0000000019AE000022
:10C5E000000017AF0000000019B00000000018B1F3
:10C5F000000000000EB20000010017B400000000AF
:10C6000003B50000000014B60000010017B80000D8
:10C6100000000EB90000000006BA0000000012BBC6
:10C62000000000000EBC0000020014BF000000006B
:10C6300003C00000160018D70000000003D8000057
:10C64000060004DF0000000003E00000160018F7F9
:10C650000000000003F800003F0004380100000063
:10C66000033901000F00044901000000034A0100E2
:10C670004200048D01000000038E01000C00049BA9
:10C6800001000000039C01000D0004AA010001004C
:10C6900003AC01000D0004BA0100000006BB01005C
:10C6A000000003BC0100010004BE0100000003BF44
:10C6B0000100000006C00100030003C401000000E7
:10C6C00007C50100000003C60100010007C8010002
:10C6D000000003C90100010007CB0100000003CCEA
:10C6E0000100230004F00100000003F1010000003C
:10C6F00007F20100000003F301002D0004210200F5
:10C700000000032202001100043402000500033A75
:10C7100002001A0004550200000003560200010046
:10C72000045802000000035902000000045A0200ED
:10C730000000035B02000100045D020002000360D0
:10C740000200010004620200000003630200000016
:10C750000464020000000365020001000467020097
:10C760000000036802000400046D02000100036F72
:10C7700002000000047002000000037102000100CA
:10C780000473020001000375020000000476020039
:10C790000600037D02000000047E02000100038009
:10C7A0000200000004810200000003820200010078
:10C7B000048402000200038702000500048D0200C9
:10C7C000040003920200000004930200000006949B
:10C7D00002000000049502000700039D0200010012
:10C7E000049F0200100005B00200110017C20200F1
:10C7F000030005C602000B0017D202000D0005E081
:10C800000200040017E50200060005EC020000002B
:10C8100017ED0200000005EE0200000017EF020015
:10C8200010000B0003006F00037003000300057489
:10C8300003000000177503000000037603000100E9
:10C84000057A03000000037B03000200147E03004E
:10C850000000037F0300000017840300010003862B
:10C860000300000014870300000003880300020097
:10C87000038C03000000038E0300010004900300FA
:10C88000000003910300100003A303000C0004B098
:10C890000300000003B10300200008D203000200DF
:10C8A00003D50300200018F60300000003F703007F
:10C8B000040004FC0300000003FD0300840019824F
:10C8C000040000000B83040004000A880400010037
:10C8D000038A0400A5000331050025000559050061
:10C8E0000000145A05000500046005000000036103
:10C8F00005002500048705000100148905000000DB
:10C90000108A05000000198D05000100168F050032
:10C9100000000B9105002C0010BE050000000BBFAD
:10C920000500000014C0050000000BC10500010057
:10C9300014C3050000000BC40500010014C6050067
:10C9400000000BC70500000006D005001A0006EF26
:10C950000500030014F305000100010006000500B6
:10C96000180606000200140906000100160B060056
:10C970000000140C06000100190E060001000B1047
:10C9800006000A00141B06000000011C060000003F
:10C99000141D06000200062006001F0005400600C8
:10C9A00000000641060009000B4B060014000C6055
:10C9B00006000900146A06000300066E0600010066
:10C9C0000B700600000006710600620014D4060019
:10C9D000000006D5060000000BD60600060001DDAB
:10C9E0000600000019DE060000000BDF060005004F
:10C9F00005E5060001000BE70600010019E9060045
:10CA000000000BEA0600030006EE060001000CF031
:10CA10000600090006FA0600020019FD06000100E2
:10CA200006FF06000000140007000D00010F0700BC
:10CA300000000610070000000B110700000006129E
:10CA400007001D000B3007001A00064D07005800B4
:10CA50000BA607000A0006B1070000000CC0070083
:10CA6000090006CA070020000BEB0700080005F4C8
:10CA70000700010019F60700000014F70700020084
:10CA800005FA070000000BFD0700000016FE070076
:10CA900001000600080015000B1608000300051A27
:10CAA000080000000B1B0800080005240800000017
:10CAB0000B25080002000528080000000B290800CB
:10CAC0000400143008000E000640080018000B593E
:10CAD00008000200145E08000000066008000A005A
:10CAE0000670080017001788080000000689080073
:10CAF00005000190080001000B980800070006A03F
:10CB00000800280005C9080000000BCA080017002B
:10CB100001E2080000000BE308001F000903090000
:10CB200000000604090035000B3A09000000093B2B
:10CB3000090000000B3C09000000063D0900000050
:10CB4000093E090002000B410900070009490900DC
:10CB500003000B4D09000000094E090001000650BA
:10CB6000090000000B5109000600065809000900E1
:10CB70000B62090001001464090001000C66090041
:10CB80000900147009000000057109000000067218
:10CB900009000E000B810900000009820900010054
:10CBA000068509000700068F0900010006930900A9
:10CBB000150006AA0900060006B20900000006B624
:10CBC000090003000BBC0900000006BD09000000BD
:10CBD00009BE090002000BC10900030009C70900D2
:10CBE000010009CB090001000BCD0900000006CEB1
:10CBF0000900000009D70900000006DC0900010057
:10CC000006DF090002000BE2090001000CE6090042
:10CC1000090006F00900010016F2090001000EF4F7
:10CC20000900050019FA0900000016FB09000000C0
:10CC300006FC0900000014FD090000000BFE0900BD
:10CC400000000B010A00010009030A0000000605AC
:10CC50000A000500060F0A00010006130A0015006D
:10CC6000062A0A00060006320A00010006350A00FC
:10CC7000010006380A0001000B3C0A000000093ED2
:10CC80000A0002000B410A0001000B470A000100E4
:10CC90000B4B0A0002000B510A00000006590A0063
:10CCA0000300065E0A0000000C660A0009000B7013
:10CCB0000A00010006720A0002000B750A0000005B
:10CCC00014760A0000000B810A00010009830A00A3
:10CCD000000006850A000800068F0A00020006937D
:10CCE0000A00150006AA0A00060006B20A000100A2
:10CCF00006B50A0004000BBC0A00000006BD0A00CD
:10CD0000000009BE0A0002000BC10A0004000BC7A4
:10CD10000A00010009C90A00000009CB0A0001004D
:10CD20000BCD0A00000006D00A00000006E00A0051
:10CD300001000BE20A0001000CE60A00090014F0F1
:10CD40000A00000016F10A00000006F90A000000BF
:10CD50000BFA0A0005000B010B00000009020B0092
:10CD6000010006050B000700060F0B00010006136B
:10CD70000B001500062A0B00060006320B0001000E
:10CD800006350B0004000B3C0B000000063D0B00B9
:10CD90000000093E0B0000000B3F0B0000000940A3
:10CDA0000B0000000B410B00030009470B000100C2
:10CDB000094B0B0001000B4D0B0000000B550B0045
:10CDC000010009570B000000065C0B000100065F24
:10CDD0000B0002000B620B0001000C660B00090047
:10CDE00019700B00000006710B0000000E720B00A2
:10CDF00005000B820B00000006830B000000068577
:10CE00000B000500068E0B00020006920B000300CB
:10CE100006990B000100069C0B000000069E0B000B
:10CE2000010006A30B00010006A80B00020006AEDD
:10CE30000B000B0009BE0B0001000BC00B00000033
:10CE400009C10B00010009C60B00020009CA0B0052
:10CE500002000BCD0B00000006D00B00000009D72C
:10CE60000B0000000CE60B0009000EF00B000200A6
:10CE700019F30B00050016F90B00000019FA0B005E
:10CE800000000B000C00000009010C0002000B0464
:10CE90000C00000006050C000700060E0C00020046
:10CEA00006120C001600062A0C000F000B3C0C00AA
:10CEB0000000063D0C0000000B3E0C000200094182
:10CEC0000C0003000B460C0002000B4A0C00030090
:10CED0000B550C00010006580C000200065D0C000A
:10CEE000000006600C0001000B620C0001000C66E3
:10CEF0000C00090014770C0000000E780C000600EE
:10CF0000197F0C00000006800C0000000B810C0053
:10CF1000000009820C00010014840C00000006854A
:10CF20000C000700068E0C00020006920C00160092
:10CF300006AA0C00090006B50C0004000BBC0C008E
:10CF4000000006BD0C00000009BE0C0000000BBF75
:10CF50000C00000009C00C0004000BC60C0000000F
:10CF600009C70C00010009CA0C0001000BCC0C0021
:10CF7000010009D50C00010006DD0C00010006E0EF
:10CF80000C0001000BE20C0001000CE60C00090093
:10CF900006F10C00010009F30C0000000B000D006D
:10CFA000010009020D00010006040D000800060E34
:10CFB0000D00020006120D0028000B3B0D000100C1
:10CFC000063D0D000000093E0D0002000B410D0062
:10CFD000030009460D000200094A0D0002000B4D36
:10CFE0000D000000064E0D000000194F0D0000005E
:10CFF00006540D00020009570D0000000E580D00E8
:10D000000600065F0D0002000B620D0001000C66B9
:10D010000D0009000E700D00080019790D000000C8
:10D02000067A0D0005000B810D00000009820D003D
:10D03000010006850D001100069A0D00170006B3C9
:10D040000D00080006BD0D00000006C00D00060022
:10D050000BCA0D00000009CF0D0002000BD20D001D
:10D0600002000BD60D00000009D80D0007000CE6E9
:10D070000D00090009F20D00010014F40D0000007C
:10D0800006010E002F000B310E00000006320E00CC
:10D0900001000B340E000600163F0E000000064093
:10D0A0000E00050005460E0000000B470E000700AD
:10D0B000144F0E0000000C500E000900145A0E0010
:10D0C000010006810E00010006840E0000000686A5
:10D0D0000E000400068C0E00170006A50E000000CE
:10D0E00006A70E0009000BB10E00000006B20E00EC
:10D0F00001000BB40E00080006BD0E00000006C0C3
:10D100000E00040005C60E0000000BC80E0006004D
:10D110000CD00E00090006DC0E00030006000F0014
:10D12000000019010F00020014040F000E00191373
:10D130000F00000014140F00000019150F0002006A
:10D140000B180F000100191A0F0005000C200F002A
:10D1500009000E2A0F00090019340F0000000B35DA
:10D160000F00000019360F0000000B370F00000001
:10D1700019380F0000000B390F000000153A0F009E
:10D180000000113B0F000000153C0F000000113D96
:10D190000F000000093E0F00010006400F000700CD
:10D1A00006490F0023000B710F000D00097F0F00CF
:10D1B00000000B800F00040014850F0000000B8698
:10D1C0000F00010006880F0004000B8D0F000A00FD
:10D1D0000B990F00230019BE0F0007000BC60F00AC
:10D1E000000019C70F00050019CE0F00010014D070
:10D1F0000F00040019D50F00030014D90F0001001F
:10D20000060010002A00092B100001000B2D100051
:10D2100003000931100000000B321000050009382E
:10D22000100000000B3910000100093B1000010044
:10D230000B3D10000100063F100000000C401000E4
:10D240000900144A10000500065010000500095698
:10D25000100001000B5810000100065A10000300D6
:10D260000B5E100002000661100000000962100051
:10D270000200066510000100096710000600066E36
:10D28000100002000B7110000300067510000C0066
:10D290000B82100000000983100001000B851000B4
:10D2A00001000987100005000B8D10000000068E9C
:10D2B00010000000098F100000000C901000090001
:10D2C000099A100002000B9D10000000199E10002A
:10D2D000010003A01000250003C71000000003CDCB
:10D2E0001000000003D010002A0014FB1000000002
:10D2F00005FC1000000003FD1000020006001100F4
:10D300004801064A120003000650120006000658A3
:10D3100012000000065A12000300066012002800E6
:10D32000068A1200030006901200200006B21200C6
:10D33000030006B81200060006C01200000006C274
:10D340001200030006C812000E0006D812003800B2
:10D350000612130003000618130042000B5D1300B1
:10D3600002001460130008000E6913001300068009
:10D3700013000F0019901300090003A013005500BB
:10D3800003F813000500100014000000060114004B
:10D390006B02196D16000000146E16000000066F77
:10D3A000160010001C8016000000068116001900EF
:10D3B000159B16000000119C1600000006A0160028
:10D3C0004A0014EB160002000DEE1600020006F1F2
:10D3D000160007000600170011000B1217000200CC
:10D3E000091517000000061F170012000B32170066
:10D3F0000100093417000000143517000100064031
:10D40000170011000B5217000100066017000C00F6
:10D41000066E170002000B7217000100068017004D
:10D4200033000BB41700010009B6170000000BB75A
:10D430001700060009BE170007000BC61700000002
:10D4400009C7170001000BC917000A0014D4170000
:10D45000020005D71700000014D81700020016DBE1
:10D460001700000006DC170000000BDD17000000AD
:10D470000CE0170009000EF0170009001400180056
:10D4800005001006180000001407180003000B0B1D
:10D4900018000200010E180000000B0F1800000019
:10D4A0000C1018000900062018002200054318007F
:10D4B00000000644180034000680180004000B85A4
:10D4C000180001000687180021000BA918000000B1
:10D4D00006AA1800000006B0180045000600190052
:10D4E0001E000B20190002000923190003000B275E
:10D4F0001900010009291900020009301900010072
:10D500000B32190000000933190005000B3919000E
:10D5100002001940190000001444190001000C46D3
:10D5200019000900065019001D00067019000400BA
:10D53000068019002B0006B0190019000CD0190044
:10D5400009000EDA1900000019DE1900210006009A
:10D550001A0016000B171A00010009191A00010021
:10D560000B1B1A000000141E1A00010006201A00EE
:10D57000340009551A0000000B561A000000095724
:10D580001A0000000B581A0006000B601A00000079
:10D5900009611A0000000B621A00000009631A00FA
:10D5A00001000B651A000700096D1A0005000B73D6
:10D5B0001A0009000B7F1A0000000C801A000900F5
:10D5C0000C901A00090014A01A00060005A71A0002
:10D5D000000014A81A0005000BB01A000D000ABEC6
:10D5E0001A0000000BBF1A000F000B001B00030005
:10D5F00009041B00000006051B002E000B341B0055
:10D60000000009351B0000000B361B000400093B1D
:10D610001B0000000B3C1B000000093D1B00040028
:10D620000B421B00000009431B00010006451B00C4
:10D6300007000C501B000900145A1B00060019615A
:10D640001B0009000B6B1B00080019741B0008006D
:10D65000147D1B0001000B801B00010009821B00D0
:10D66000000006831B001D0009A11B0000000BA287
:10D670001B00030009A61B0001000BA81B000100F2
:10D6800009AA1B0000000BAB1B00020006AE1B002A
:10D6900001000CB01B00090006BA1B002B000BE6B2
:10D6A0001B00000009E71B0000000BE81B00010045
:10D6B00009EA1B0002000BED1B00000009EE1B0035
:10D6C00000000BEF1B00020009F21B00010014FC1C
:10D6D0001B00030006001C00230009241C00070097
:10D6E0000B2C1C00070009341C0001000B361C0029
:10D6F0000100143B1C0004000C401C000900064DF6
:10D700001C0002000C501C000900065A1C001D00E1
:10D7100005781C000500147E1C00010003801C001D
:10D72000080003901C002A0003BD1C00020014C066
:10D730001C0007000BD01C00020014D31C000000CA
:10D740000BD41C000C0009E11C0000000BE21C00C3
:10D75000060006E91C0003000BED1C00000006EEAD
:10D760001C0005000BF41C00000006F51C00010065
:10D7700009F71C0000000BF81C00010006FA1C0051
:10D78000000004001D002B00052C1D003E00046B52
:10D790001D000C0005781D00000003791D0000002D
:10D7A000047A1D000200037D1D000000047E1D00A0
:10D7B0000F00038E1D000000048F1D000B00059B51
:10D7C0001D0024000BC01D003F0003001E0095003B
:10D7D00004961E000400039B1E000000049C1E0013
:10D7E0000100039E1E000000049F1E00000003A015
:10D7F0001E00750003181F00050003201F002500F0
:10D8000003481F00050004501F00000003511F00C3
:10D81000000004521F00000003531F0000000454C6
:10D820001F00000003551F00000004561F000000E9
:10D8300003571F00000003591F000000035B1F0077
:10D840000000035D1F000000035F1F001E00038037
:10D850001F00070007881F00070003901F00070034
:10D8600007981F00070003A01F00070007A81F005C
:10D87000070003B01F00010004B21F00000003B343
:10D880001F00000004B41F00000004B61F000100C8
:10D8900003B81F00030007BC1F00000017BD1F00D6
:10D8A000000003BE1F00000017BF1F00020004C2DB
:10D8B0001F00000003C31F00000004C41F0000007D
:10D8C00004C61F00010003C81F00030007CC1F008F
:10D8D000000017CD1F00020003D01F00010004D27A
:10D8E0001F00010004D61F00010003D81F00030021
:10D8F00017DD1F00020003E01F00010004E21F000B
:10D90000020003E51F00000004E61F00010003E819
:10D910001F00040017ED1F00020004F21F000000AA
:10D9200003F31F00000004F41F00000004F61F00B2
:10D93000010003F81F00030007FC1F00000017FD93
:10D940001F0001001C0020000A00010B2000040041
:10D9500010102000050014162000010013182000EC
:10D960000000121920000000151A20000000131BEF
:10D9700020000100121D20000000151E20000000E4
:10D98000131F200000001420200007001A28200088
:10D9900000001B2920000000012A200004001C2F89
:10D9A000200000001430200008001339200000007F
:10D9B000123A20000000143B200003000F3F20001B
:10D9C0000100144120000200184420000000154509
:10D9D00020000000114620000000144720000A002B
:10D9E0001852200000001453200000000F542000A3
:10D9F00000001455200009001C5F20000000016099
:10DA0000200004000166200009000E7020000000C4
:10DA10000571200000000E7420000500187A200017
:10DA20000200157D20000000117E20000000057F0F
:10DA3000200000000E8020000900188A200002004B
:10DA4000158D20000000118E2000000005902000A0
:10DA50000C0016A0200020000BD020000C000ADDD6
:10DA6000200003000BE1200000000AE22000020079
:10DA70000BE520000B001900210001000802210025
:10DA80000000190321000300080721000000190805
:10DA900021000100040A21000000080B21000200FF
:10DAA000040E2100010008102100020004132100CF
:10DAB00000001914210000000815210000001916AB
:10DAC000210001001818210000000819210004009D
:10DAD000191E21000500082421000000192521003D
:10DAE000000003262100000019272100000008285B
:10DAF00021000000192921000000032A2100010053
:10DB0000082C21000100192E21000000042F210003
:10DB1000000008302100010003322100000008331A
:10DB2000210000000434210000000635210003001C
:10DB3000043921000000193A21000100043C2100B1
:10DB40000100083E210001001840210004000845A2
:10DB500021000000044621000300194A21000000B2
:10DB6000184B21000000194C21000100034E210038
:10DB70000000194F210000000E5021000F000D6021
:10DB8000210022000383210001000D8521000300F4
:10DB90000E8921000000198A21000100189021003F
:10DBA0000400199521000400189A21000100199C15
:10DBB0002100030018A02100000019A1210001008C
:10DBC00018A32100000019A42100010018A62100BB
:10DBD000000019A72100060018AE2100000019AFAF
:10DBE00021001E0018CE2100010019D021000100E3
:10DBF00018D22100000019D32100000018D4210000
:10DC0000000019D521001E0018F421000B01190095
:10DC1000230007001508230000001109230000005D
:10DC2000150A23000000110B23000000190C23002B
:10DC300013001820230001001922230006001529D3
:10DC400023000000112A23000000192B230050009C
:10DC5000187C23000000197D23001D00189B230061
:10DC6000180019B42300270018DC2300050019E26E
:10DC700023004400194024000A000E6024003B00E9
:10DC8000199C24004D000EEA2400150019002500FF
:10DC9000B60018B72500000019B82500080018C103
:10DCA0002500000019C22500350018F825000700DE
:10DCB000190026006E00186F26000000197026005B
:10DCC000F700156827000000116927000000156A99
:10DCD00027000000116B27000000156C27000000D2
:10DCE000116D27000000156E27000000116F27003E
:10DCF0000000157027000000117127000000157248
:10DD00002700000011732700000015742700000091
:10DD10001175270000000E7627001D0019942700BA
:10DD20002B0018C02700040015C52700000011C6ED
:10DD30002700000018C727001E0015E62700000076
:10DD400011E72700000015E82700000011E927006F
:10DD5000000015EA2700000011EB2700000015EC79
:10DD60002700000011ED2700000015EE270000003D
:10DD700011EF2700000018F027000F0019002800FD
:10DD8000FF0018002900820015832900000011847B
:10DD900029000000158529000000118629000000D7
:10DDA0001587290000001188290000001589290025
:10DDB0000000118A29000000158B29000000118C39
:10DDC00029000000158D29000000118E2900000097
:10DDD000158F2900000011902900000015912900DD
:10DDE00000001192290000001593290000001194F1
:10DDF0002900000015952900000011962900000057
:10DE00001597290000001198290000001899290091
:10DE10003E0015D82900000011D92900000015DAAC
:10DE20002900000011DB2900000018DC29001F0078
:10DE300015FC2900000011FD2900000018FE290032
:10DE4000010119002B002F0018302B001400194578
:10DE50002B00010018472B000500194D2B00260050
:10DE600019762B001F0019972B00680003002C0067
:10DE7000700004712C00000003722C000100047477
:10DE80002C00000003752C00010004772C00040016
:10DE9000057C2C000100037E2C00650004E42C00AE
:10DEA000000019E52C00050003EB2C0003000BEF2C
:10DEB0002C00020003F22C00010014F92C000300D6
:10DEC0000EFD2C00000014FE2C00010003002D00AC
:10DED000250003272D000000032D2D000000063033
:10DEE0002D003700056F2D00000014702D0000007C
:10DEF0000B7F2D00000006802D00160006A02D00CF
:10DF0000060006A82D00060006B02D00060006B883
:10DF10002D00060006C02D00060006C82D000600D4
:10DF200006D02D00060006D82D0006000BE02D00BF
:10DF30001F0014002E00010013022E000000120327
:10DF40002E00000013042E00000012052E00000019
:10DF500014062E00020013092E000000120A2E00E3
:10DF60000000140B2E000000130C2E000000120DF8
:10DF70002E000000140E2E00080010172E000000C6
:10DF800014182E000100101A2E000000141B2E0081
:10DF90000000131C2E000000121D2E000000141E95
:10DFA0002E00010013202E00000012212E00000080
:10DFB00015222E00000011232E00000015242E0033
:10DFC000000011252E00000015262E00000011274C
:10DFD0002E00000015282E00000011292E00000040
:10DFE000142A2E000400052F2E00000014302E00ED
:10DFF0000900103A2E000100143C2E0003001040CE
:10E000002E00000014412E00000015422E000000DA
:10E0100014432E000C0019502E00010014522E0043
:10E02000020015552E00000011562E000000155755
:10E030002E00000011582E00000015592E0000007F
:10E04000115A2E000000155B2E000000115C2E00FE
:10E050000000105D2E00000019802E001900199B91
:10E060002E00580019002F00D50019F02F000B00CA
:10E070001C003000000014013000020019043000C0
:10E0800000000505300000000606300000000D0706
:10E0900030000000150830000000110930000000B9
:10E0A000150A30000000110B30000000150C300084
:10E0B0000000110D30000000150E30000000110F9F
:10E0C0003000000015103000000011113000000079
:10E0D0001912300001001514300000001115300035
:10E0E0000000151630000000111730000000151850
:10E0F00030000000111930000000151A3000000037
:10E10000111B30000000101C30000000151D3000F5
:10E110000000111E300001001920300000000D2108
:10E12000300008000B2A30000300092E30000100E7
:10E130001030300000000531300004001936300086
:10E1400001000D3830000200053B30000000063CA5
:10E1500030000000143D30000000193E3000010086
:10E160000641300055000B9930000100179B30002C
:10E170000100059D30000100069F3000000010A046
:10E180003000000006A13000590014FB30000000F0
:10E1900005FC3000020006FF3000000006053100DB
:10E1A0002A00063131005D001990310001000E9205
:10E1B0003100030019963100090006A031001F004C
:10E1C00019C03100230006F031000F0019003200A1
:10E1D0001E000E2032000900192A32001D000E48D0
:10E1E000320007001950320000000E5132000E00BC
:10E1F000196032001F000E8032000900198A3200B7
:10E2000026000EB132000E0019C032003F01060098
:10E210003400BF1919C04D003F0006004E001452D3
:10E220000515A00000000616A00076041990A400B1
:10E23000360006D0A400270005F8A400050014FE4F
:10E24000A40001000600A5000B01050CA6000000BB
:10E25000140DA60002000610A6000F000C20A60058
:10E260000900062AA60001000340A6002D00066E44
:10E27000A60000000B6FA60000000A70A6000200B6
:10E280001473A60000000B74A6000900147EA600FB
:10E290000000057FA60000000380A6001B00059C6F
:10E2A000A60001000B9EA600010006A0A6004500E6
:10E2B0000DE6A60009000BF0A600010014F2A6006E
:10E2C00005001700A70016000517A7000800172073
:10E2D000A70001000322A7000D000430A7000100E1
:10E2E0000332A7003D000570A70000000471A700DD
:10E2F00007000379A7000E000588A7000000178912
:10E30000A7000100038BA7000200048EA7000000F5
:10E31000068FA70000000390A70004000495A70043
:10E3200000000396A700180004AFA700000003B088
:10E33000A7001A0003D0A700010004D3A700000023
:10E3400004D5A700000003D6A700030005F2A7002C
:10E35000020003F5A700010006F7A700000005F87A
:10E36000A700010004FAA700000006FBA7000600B2
:10E370000B02A80000000603A80002000B06A8007C
:10E3800000000607A80003000B0BA8000000060C05
:10E39000A80016000923A80001000B25A800010011
:10E3A0000927A80000001928A80003000B2CA800CA
:10E3B00000000E30A80005001936A800010016382C
:10E3C000A80000001939A80000000640A80033008A
:10E3D0001474A80003000980A80001000682A800A8
:10E3E000310009B4A8000F000BC4A800010014CE2E
:10E3F000A80001000CD0A80009000BE0A800110043
:10E4000006F2A800050014F8A800020006FBA80008
:10E41000000014FCA800000006FDA80001000BFF8E
:10E42000A80000000C00A9000900060AA9001B00B2
:10E430000B26A9000700142EA90001000630A90030
:10E4400016000B47A9000A000952A9000100145F39
:10E45000A90000000660A9001C000B80A9000200B2
:10E460000983A90000000684A9002E000BB3A900AF
:10E47000000009B4A90001000BB6A900030009BA05
:10E48000A90001000BBCA900010009BEA9000200FF
:10E4900014C1A9000C0005CFA90000000CD0A900F0
:10E4A000090014DEA900010006E0A90004000BE544
:10E4B000A900000005E6A900000006E7A900080081
:10E4C0000CF0A900090006FAA90004000600AA0041
:10E4D00028000B29AA000500092FAA0001000B3112
:10E4E000AA0001000933AA0001000B35AA000100AF
:10E4F0000640AA0002000B43AA0000000644AA003E
:10E5000007000B4CAA000000094DAA0000000C50A7
:10E51000AA000900145CAA0003000660AA000F000C
:10E520000570AA0000000671AA0005001977AA006C
:10E530000200067AAA000000097BAA0000000B7CFA
:10E54000AA000000097DAA000000067EAA00310092
:10E550000BB0AA00000006B1AA0000000BB2AA008E
:10E56000020006B5AA0001000BB7AA00010006B917
:10E57000AA0004000BBEAA00010006C0AA00000009
:10E580000BC1AA00000006C2AA00000006DBAA0018
:10E59000010005DDAA00000014DEAA00010006E06B
:10E5A000AA000A0009EBAA0000000BECAA00010077
:10E5B00009EEAA00010014F0AA00010006F2AA0068
:10E5C000000005F3AA00010009F5AA0000000BF6FF
:10E5D000AA0000000601AB0005000609AB0005001B
:10E5E0000611AB0005000620AB0006000628AB00B4
:10E5F00006000430AB0022000353AB0000000454BB
:10E60000AB000600175BAB000000055CAB0003002D
:10E610000460AB0008000569AB000000176AAB009E
:10E6200001000370AB004F0006C0AB00220009E3FD
:10E63000AB0001000BE5AB00000009E6AB000100F8
:10E640000BE8AB00000009E9AB00010014EBAB00E4
:10E65000000009ECAB0000000BEDAB0000000CF07B
:10E66000AB0009000600AC00A32B06B0D7001600D3
:10E6700006CBD70030000200D800FF070600F900E3
:10E680006D010670FA0069000400FB000600041327
:10E69000FB000400061DFB0000000B1EFB00000039
:10E6A000061FFB0009001829FB000000062AFB00DA
:10E6B0000C000638FB000400063EFB00000006408C
:10E6C000FB0001000643FB0001000646FB006B0057
:10E6D00017B2FB00100006D3FB006A01113EFD00DB
:10E6E0000000153FFD0000001940FD000F0006501E
:10E6F000FD003F000692FD00350019CFFD0000002F
:10E7000006F0FD000B0016FCFD00000019FDFD00E9
:10E7100002000B00FE000F001410FE00060015178B
:10E72000FE0000001118FE0000001419FE00000099
:10E730000B20FE000F001430FE0000001031FE0020
:10E7400001000F33FE0001001535FE0000001136F8
:10E75000FE0000001537FE0000001138FE0000002A
:10E760001539FE000000113AFE000000153BFE00C6
:10E770000000113CFE000000153DFE000000113EAF
:10E78000FE000000153FFE0000001140FE000000EA
:10E790001541FE0000001142FE0000001543FE007E
:10E7A00000001144FE0000001445FE000100154762
:10E7B000FE0000001148FE0000001449FE000300A6
:10E7C0000F4DFE0002001450FE0002001454FE0023
:10E7D00003001058FE0000001559FE000000115AF9
:10E7E000FE000000155BFE000000115CFE00000052
:10E7F000155DFE000000115EFE000000145FFE00CB
:10E8000002001862FE0000001063FE0000001864A1
:10E81000FE0002001468FE0000001669FE00000001
:10E82000146AFE0001000670FE0004000676FE0079
:10E83000860001FFFE0000001401FF000200160424
:10E84000FF0000001405FF0002001508FF00000093
:10E850001109FF000000140AFF000000180BFF0060
:10E860000000140CFF000000100DFF000000140E4B
:10E87000FF0001000C10FF000900141AFF00010046
:10E88000181CFF000200141FFF0001000321FF00FD
:10E890001900153BFF000000143CFF000000113D73
:10E8A000FF000000173EFF0000000F3FFF000000C8
:10E8B0001740FF0000000341FF001900155BFF0037
:10E8C0000000185CFF000000115DFF000000185EF2
:10E8D000FF000000155FFF0000001160FF00000056
:10E8E0001461FF0000001562FF0000001163FF00CB
:10E8F00000001464FF0001000666FF0009000570B7
:10E90000FF0000000671FF002C00059EFF000100C3
:10E9100006A0FF001E0006C2FF00050006CAFF0099
:10E92000050006D2FF00050006DAFF00020016E02F
:10E93000FF00010018E2FF00000017E3FF000000E5
:10E9400019E4FF00000016E5FF00010019E8FF00D0
:10E95000000018E9FF00030019EDFF00010001F9B4
:10E96000FF00020019FCFF000100060000010B007F
:10E97000060D00011900062800011200063C0001E6
:10E980000100063F00010E00065000010D00068048
:10E9900000017A001400010102000E0701012C00A1
:10E9A0001937010108000D40010134000E75010105
:10E9B00003001979010110000E8A01010100198C70
:10E9C00001010200199001010C0019A001010000D1
:10E9D00019D001012C000BFD01010000068002018D
:10E9E0001C0006A0020130000BE0020100000EE155
:10E9F00002011A00060003011F000E20030103009C
:10EA0000062D030113000D4103010000064203011E
:10EA100007000D4A030100000650030125000B7694
:10EA200003010400068003011D00149F0301000080
:10EA300006A00301230006C80301070014D0030148
:10EA400000000DD103010400030004014F00065033
:10EA500004014D000CA00401090003B004012300CF
:10EA600003D8040123000600050127000630050134
:10EA70003300146F05010000037005010A00037CD8
:10EA800005010E00038C0501060003940501010039
:10EA9000039705010A0003A305010E0003B3050156
:10EAA000060003BB05010100060006013601064011
:10EAB0000701150006600701070005800701050032
:10EAC00005870701290005B20701080006000801B3
:10EAD0000500060808010000060A08012B00063799
:10EAE00008010100063C08010000063F080116006D
:10EAF0001457080100000E580801070006600801BD
:10EB000016001977080101000E7908010600068039
:10EB100008011E000EA70801080006E00801120007
:10EB200006F4080101000EFB0801040006000901BB
:10EB300015000E1609010500141F0901000006202A
:10EB400009011900143F090100000680090137007E
:10EB50000EBC0901010006BE090101000EC0090139
:10EB60000F000ED209012D0006000A0100000B0162
:10EB70000A0102000B050A0101000B0C0A01030047
:10EB800006100A01030006150A01020006190A010F
:10EB90001C000B380A0102000B3F0A0100000E4066
:10EBA0000A01080014500A01080006600A011C004E
:10EBB0000E7D0A010100147F0A01000006800A018F
:10EBC0001C000E9D0A01020006C00A01070019C8B8
:10EBD0000A01000006C90A011B000BE50A01010039
:10EBE0000EEB0A01040014F00A01060006000B01F6
:10EBF000350014390B01060006400B0115000E58B4
:10EC00000B01070006600B0112000E780B010700D4
:10EC100006800B01110014990B0103000EA90B01D2
:10EC2000060006000C01480003800C01320003C0FE
:10EC30000C0132000EFA0C01050006000D01230044
:10EC40000B240D0103000C300D0109000E600E01B4
:10EC50001E0006800E0129000BAB0E01010010AD55
:10EC60000E01000006B00E0101000BFD0E010200B6
:10EC700006000F011C000E1D0F01090006270F01E1
:10EC8000000006300F0115000B460F010A000E515F
:10EC90000F01030014550F01040006700F0111004D
:10ECA0000B820F01030014860F01030006B00F0151
:10ECB00014000EC50F01060006E00F011600090042
:10ECC000100100000B0110010000090210010000FA
:10ECD0000603100134000B3810010E001447100118
:10ECE00006000E52100113000C66100109000B7093
:10ECF000100100000671100101000B7310010100EA
:10ED00000675100100000B7F10010200098210013E
:10ED10000000068310012C0009B0100102000BB3A3
:10ED20001001030009B7100101000BB91001010027
:10ED300014BB1001010001BD1001000014BE100140
:10ED400003000BC21001000001CD1001000006D02D
:10ED5000100118000CF0100109000B001101020055
:10ED60000603110123000B2711010400092C1101D6
:10ED700000000B2D110107000C3611010900144091
:10ED800011010300064411010000094511010100B1
:10ED90000647110100000650110122000B731101FA
:10EDA00000001474110101000676110100000B80AF
:10EDB00011010100098211010000068311012F00D9
:10EDC00009B3110102000BB61101080009BF1101BE
:10EDD000010006C11101030014C5110103000BC994
:10EDE0001101030014CD1101000009CE1101000032
:10EDF0000BCF110100000CD01101090006DA11013E
:10EE0000000014DB1101000006DC1101000014DD1C
:10EE1000110102000EE111011300060012011100A0
:10EE2000061312011800092C120102000B2F120107
:10EE300002000932120101000B34120100000935F1
:10EE4000120100000B3612010100143812010500F6
:10EE50000B3E12010000063F120101000B4112019E
:10EE60000000068012010600068812010000068AD2
:10EE700012010300068F12010E00069F1201090005
:10EE800014A91201000006B012012E000BDF1201BE
:10EE9000000009E0120102000BE3120107000CF070
:10EEA000120109000B001301010009021301010006
:10EEB000060513010700060F1301010006131301D5
:10EEC0001500062A1301060006321301010006355B
:10EED000130104000B3B13010100063D1301000068
:10EEE000093E130101000B40130100000941130109
:10EEF0000300094713010100094B130102000650EA
:10EF000013010000095713010000065D13010400FE
:10EF10000962130101000B66130106000B70130157
:10EF200004000600140134000935140102000B38F6
:10EF3000140107000940140101000B4214010200F2
:10EF40000945140100000B46140100000647140196
:10EF50000300144B140104000C5014010900145A4E
:10EF600014010100145D140100000B5E1401000087
:10EF7000065F14010200068014012F0009B014017D
:10EF800002000BB31401050009B9140100000BBA0B
:10EF90001401000009BB140103000BBF14010100A0
:10EFA00009C1140100000BC21401010006C41401C0
:10EFB000010014C61401000006C7140100000CD0A3
:10EFC00014010900068015012E0009AF1501020089
:10EFD0000BB21501030009B8150103000BBC1501A4
:10EFE000010009BE150100000BBF1501010014C18D
:10EFF0001501160006D8150103000BDC15010100F0
:10F00000060016012F000930160102000B3316010D
:10F010000700093B160101000B3D16010000093EE7
:10F02000160100000B3F16010100144116010200F9
:10F030000644160100000C50160109001460160168
:10F040000C00068016012A000BAB1601000009AC6B
:10F05000160100000BAD1601000009AE16010100FB
:10F060000BB01601050009B6160100000BB716011A
:10F07000000006B81601000014B9160100000CC00B
:10F0800016010900060017011A000B1D17010200E6
:10F090000920170101000B2217010300092617019F
:10F0A00000000B27170104000C30170109000E3A6D
:10F0B00017010100143C17010200193F170100005D
:10F0C000064017010600060018012B00092C180144
:10F0D00002000B2F180108000938180100000B3935
:10F0E00018010100143B1801000003A018013F00A3
:10F0F0000CE0180109000EEA1801080006FF1801CB
:10F100000700060919010000060C19010700061581
:10F11000190101000618190117000930190105002D
:10F120000937190101000B3B19010100093D1901C3
:10F1300000000B3E19010000063F190100000940C4
:10F1400019010000064119010000094219010000DF
:10F150000B43190100001444190102000C5019015D
:10F16000090006A01901070006AA1901260009D105
:10F17000190102000BD4190103000BDA1901010077
:10F1800009DC190103000BE01901000006E1190177
:10F19000000014E21901000006E31901000009E46F
:10F1A0001901000006001A0100000B011A010900F4
:10F1B000060B1A0127000B331A01050009391A0141
:10F1C0000000063A1A0100000B3B1A010300143F2D
:10F1D0001A0107000B471A01000006501A0100002F
:10F1E0000B511A01050009571A0101000B591A01A8
:10F1F0000200065C1A012D000B8A1A010C00099707
:10F200001A0100000B981A010100149A1A01020059
:10F21000069D1A010000149E1A01040006B01A018E
:10F22000480014001B01090006001C010800060A22
:10F230001C012400092F1C0100000B301C010600DA
:10F240000B381C010500093E1C0100000B3F1C018E
:10F25000000006401C01000014411C0104000C5079
:10F260001C0109000E5A1C01120014701C0101003F
:10F2700006721C011D000B921C01150009A91C013E
:10F2800000000BAA1C01060009B11C0100000BB212
:10F290001C01010009B41C0100000BB51C01010098
:10F2A00006001D01060006081D010100060B1D01D8
:10F2B00025000B311D0105000B3A1D0100000B3C20
:10F2C0001D0101000B3F1D01060006461D01000047
:10F2D0000B471D0100000C501D01090006601D01B7
:10F2E000050006671D010100066A1D011F00098A4D
:10F2F0001D0104000B901D01010009931D01010077
:10F300000B951D01000009961D0100000B971D01C2
:10F31000000006981D0100000CA01D01090006E078
:10F320001E0112000BF31E01010009F51E01010070
:10F3300014F71E0101000B001F01010006021F014E
:10F34000000009031F01000006041F010C00061243
:10F350001F01210009341F0101000B361F010400A9
:10F36000093E1F0101000B401F01000009411F0160
:10F3700000000B421F01000014431F010C000C5041
:10F380001F01090006B01F0100000EC01F0114007C
:10F3900019D51F01070016DD1F01030019E11F0128
:10F3A000100014FF1F0100000600200199030D004A
:10F3B00024016E0014702401040006802401C3009F
:10F3C00006902F01600014F12F01010006003001AA
:10F3D0002F04013034010F000B40340100000641BE
:10F3E000340105000B4734010E00060044014602BB
:10F3F00006006801380206406A011E000C606A01BE
:10F400000900146E6A01010006706A014E000CC00A
:10F410006A01090006D06A011D000BF06A010400B0
:10F4200014F56A01000006006B012F000B306B0120
:10F43000060014376B010400193C6B010300054002
:10F440006B01030014446B01000019456B010000BF
:10F450000C506B0109000E5B6B01060006636B012B
:10F460001400067D6B01120003406E013F000E8008
:10F470006E01160014976E01030006006F014A002A
:10F480000B4F6F01000006506F01000009516F0122
:10F4900036000B8F6F01030005936F010C0005E030
:10F4A0006F01010014E26F01000005E36F0100002D
:10F4B0000BE46F01000009F06F010100060070010C
:10F4C000F71706008801D50406008D01080005F035
:10F4D000AF01030005F5AF01060005FDAF01010016
:10F4E0000600B00122010632B10100000650B10150
:10F4F00002000655B10100000664B1010300067068
:10F50000B1018B010600BC016A000670BC010C0051
:10F510000680BC0108000690BC010900199CBC01D2
:10F5200000000B9DBC010100149FBC01000001A064
:10F53000BC0103000B00CF012D000B30CF011600E2
:10F540001950CF0173001900D001F5001900D10145
:10F5500026001929D1013B000965D10101000B6783
:10F56000D1010200196AD1010200096DD101050023
:10F570000173D10107000B7BD10107001983D10171
:10F5800001000B85D1010600198CD1011D000BAAC9
:10F59000D101030019AED1013C001900D201410094
:10F5A0000B42D20102001945D20100000EC0D20167
:10F5B00013000EE0D20113001900D30156000E60B3
:10F5C000D30118000800D4011900041AD40119004D
:10F5D0000834D4011900044ED40106000456D401A5
:10F5E00011000868D40119000482D4011900089C94
:10F5F000D4010000089ED401010008A2D40100003B
:10F6000008A5D401010008A9D401030008AED40163
:10F61000070004B6D401030004BBD401000004BDFC
:10F62000D401060004C5D4010A0008D0D401190091
:10F6300004EAD40119000804D50101000807D50126
:10F640000300080DD50107000816D5010600041EA9
:10F65000D50119000838D5010100083BD501030088
:10F660000840D50104000846D5010000084AD5012C
:10F6700006000452D5011900086CD5011900048652
:10F68000D501190008A0D501190004BAD501190047
:10F6900008D4D501190004EED50119000808D601D7
:10F6A00019000422D6011900083CD601190004569D
:10F6B000D60119000870D6011900048AD6011B0072
:10F6C00008A8D601180018C1D601000004C2D6014E
:10F6D000180018DBD601000004DCD601050008E2A2
:10F6E000D601180018FBD601000004FCD601180052
:10F6F0001815D70100000416D7010500081CD70112
:10F7000018001835D70100000436D7011800184F2B
:10F71000D70100000450D70105000856D701180092
:10F72000186FD70100000470D70118001889D7019D
:10F730000000048AD70105000890D701180018A915
:10F74000D701000004AAD701180018C3D701000090
:10F7500004C4D701050008CAD701000004CBD701B3
:10F7600000000CCED70131001900D801FF010B00B9
:10F77000DA0136001937DA0103000B3BDA013100F8
:10F78000196DDA0107000B75DA0100001976DA014C
:10F790000D000B84DA0100001985DA0101001487DD
:10F7A000DA0104000B9BDA0104000BA1DA010E0060
:10F7B0000400DF010900060ADF010000040BDF017D
:10F7C00013000425DF0105000B00E00106000B0813
:10F7D000E00110000B1BE00106000B23E00101001B
:10F7E0000B26E00104000530E0013D000B8FE00135
:10F7F00000000600E1012C000B30E1010600053796
:10F80000E10106000C40E1010900064EE1010000A3
:10F81000194FE10100000690E2011D000BAEE2016C
:10F82000000006C0E2012B000BECE20103000CF02B
:10F83000E201090016FFE201000006D0E4011A000F
:10F8400005EBE40100000BECE40103000CF0E40123
:10F85000090006E0E701060006E8E701030006EDFF
:10F86000E701010006F0E7010E000600E801C40010
:10F870000EC7E80108000BD0E80106000300E9010B
:10F8800043000B44E9010600054BE90100000C5060
:10F89000E9010900145EE90101000E71EC013A0072
:10F8A00019ACEC0100000EADEC01020016B0EC0149
:10F8B00000000EB1EC0103000E01ED012C00192E29
:10F8C000ED0100000E2FED010E000600EE01030019
:10F8D0000605EE011A000621EE0101000624EE01E4
:10F8E00000000627EE0100000629EE01090006349B
:10F8F000EE0103000639EE010000063BEE010000B8
:10F900000642EE0100000647EE0100000649EE0146
:10F910000000064BEE010000064DEE01020006510C
:10F92000EE0101000654EE0100000657EE01000052
:10F930000659EE010000065BEE010000065DEE01D7
:10F940000000065FEE0100000661EE0101000664A2
:10F95000EE0100000667EE010300066CEE010600F2
:10F960000674EE0103000679EE010300067EEE0147
:10F9700000000680EE010900068BEE01100006A1D2
:10F98000EE01020006A5EE01040006ABEE01100038
:10F9900018F0EE0101001900F0012B001930F00100
:10F9A000630019A0F0010E0019B1F0010E0019C199
:10F9B000F0010E0019D1F00124000E00F1010C003D
:10F9C000190DF101A00019E6F1011C001910F20156
:10F9D0002B001940F20108001950F20101001960D2
:10F9E000F20105001900F301FA0017FBF30104000E
:10F9F0001900F401D70219DCF601100019F0F60124
:10FA00000C001900F7017600197BF7015E0019E080
:10FA1000F7010B0019F0F70100001900F8010B00C5
:10FA20001910F80137001950F80109001960F801A0
:10FA300027001990F8011D0019B0F8010100190004
:10FA4000F90153011960FA010D001970FA010C0057
:10FA50001980FA0108001990FA012D0019BFFA0166
:10FA6000060019CEFA010D0019E0FA01080019F09C
:10FA7000FA0108001900FB0192001994FB013600FD
:10FA80000CF0FB01090006000002DFA60600A70239
:10FA900039100640B702DD000620B802811606B014
:10FAA000CE02301D0600F8021D02060000034A13B4
:10FAB000065013035F100101000E00000120000E2C
:10FAC0005F000B00010EEF0030303030303030304E
:10FAD00030303030303030302020202020202020A6
:0CFAE0002020202020202020000000001A
:08FAEC006407FE7F0100000029
:10FAF400000000000101000033000000434F4E46A7
:10FB04004947205245510000000000000000000059
:10FB140000000000000000000000000000000000E1
:10FB240000000000000000000000000000000000D1
:10FB340000000000000000000000000000000000C1
:10FB440000000000000000000000000000000000B1
:10FB540000000000000000000000000000000000A1
:10FB640052554E2052455100000000000000000094
:10FB74000000000000000000000000000000000081
:10FB84000000000000000000000000000000000071
:10FB94000000000000000000000000000000000061
:10FBA4000000000000000000000000000000000051
:10FBB4000000000000000000000000000000000041
:10FBC40000000000434F4E46494720434E46000084
:10FBD4000000000000000000000000000000000021
:10FBE4000000000000000000000000000000000011
:10FBF4000000000000000000000000000000000001
:10FC040000000000000000000000000000000000F0
:10FC140000000000000000000000000000000000E0
:10FC2400000000000000000052554E20454E4400E4
:10FC340000000000000000000000000000000000C0
:10FC440000000000000000000000000000000000B0
:10FC540000000000000000000000000000000000A0
:10FC64000000000000000000000000000000000090
:10FC74000000000000000000000000000000000080
:10FC84000000000000000000000000005258204165
:10FC9400424F525420524551000000000000000021
:10FCA4000000000000000000000000000000000050
:10FCB4000000000000000000000000000000000040
:10FCC4000000000000000000000000000000000030
:10FCD4000000000000000000000000000000000020
:10FCE4000000000000000000000000000000000010
:10FCF40049444C45000000000000000000000000E2
:10FD040000000000000000000000000000000000EF
:10FD140000000000000000000000000000000000DF
:10FD240000000000000000000000000000000000CF
:10FD340000000000000000000000000000000000BF
:10FD440000000000000000000000000000000000AF
:10FD540000000000434F4E4649475552494E470064
:10FD6400000000000000000000000000000000008F
:10FD7400000000000000000000000000000000007F
:10FD8400000000000000000000000000000000006F
:10FD9400000000000000000000000000000000005F
:10FDA400000000000000000000000000000000004F
:10FDB40000000000000000005245414459000000CA
:10FDC400000000000000000000000000000000002F
:10FDD400000000000000000000000000000000001F
:10FDE400000000000000000000000000000000000F
:10FDF40000000000000000000000000000000000FF
:10FE040000000000000000000000000000000000EE
:10FE140000000000000000000000000052554E00E9
:10FE240000000000000000000000000000000000CE
:10FE340000000000000000000000000000000000BE
:10FE440000000000000000000000000000000000AE
:10FE5400000000000000000000000000000000009E
:10FE6400000000000000000000000000000000008E
:10FE7400000000000000000000000000000000007E
:10FE8400FFFFFFFFFFFFFFFFFFFFFFFF000000007A
:10FE9400000000000000000000000000000000005E
:10FEA400000000000000000000000000000000004E
:10FEB400000000000000000000000000000000003E
:10FEC400000000000000000000000000000000002E
:10FED400000000000000000000000000000000001E
:10FEE400000000000000000000000000000000000E
:10FEF40000000000000000000000000000000000FE
:10FF040000000000000000000000000000000000ED
:10FF140000000000000000000000000000000000DD
:10FF240000000000000000000000000000000000CD
:10FF340000000000000000000000000000000000BD
:10FF440000000000000000000000000000000000AD
:10FF5400000000000000000000000000000000009D
:10FF6400000000000000000000000000000000008D
:10FF7400000000000000000000000000000000007D
:10FF8400C82F00200024F400A36F0008713A000871
:10FF9400C9390008553800083D3900080000000040
:10FFA400030000003C2C002043000000000000007F
:10FFB400000000000000000000000000000000003D
:10FFC40000000000000000004300000000000000EA
:10FFD400000000000000000000000000000000001D
:10FFE40000000000000000004300000000000000CA
:0CFFF40000000000000000000000000001
:020000040802F0
:1000000000000000000000000000000043000000AD
:1000100000000000000000000000000000000000E0
:10002000000000000000000000000000430000008D
:1000300000000000000000000000000000000000C0
:10004000000000000000000000000000430000006D
:1000500000000000000000000000000000000000A0
:10006000000000000000000000000000430000004D
:100070000000000000000000000000000000000080
:10008000000000000000000000000000450701081B
:10009000F1E8000800000000F88D0108788A0108E6
:1000A000CC8B0108CC8B0108CC8B0108CC8B0108D0
:1000B000CC8B0108CC8B0108CC8B0108CC8B0108C0
:1000C000CC8B0108FFFFFFFFFFFFFFFFFFFFFFFFDC
:1000D000FFFF0000010041534349490000000000B8
:1000E0000000000000000000000000000000000010
:1000F0000000000000004153434949000000000097
:1001000000000000000000000000000000000000EF
:100110000000000000000000F007002000000000C8
:100120003C2C0020A42C00200C2D002000000000FE
:1001300000000000000000000000000000000000BF
:1001400000000000000000000000000000000000AF
:10015000000000000000000000000000000000009F
:10016000000000000000000000000000000000008F
:10017000000000000000000000000000000000007F
:10018000000000000000000000000000000000006F
:10019000000000000000000000000000000000005F
:1001A000000000000000000000000000000000004F
:1001B0000000000001000000000000000E33CDAB85
:1001C00034126DE6ECDE05000B00000000000000BC
:1001D000000000000000000000000000000000001F
:1001E000000000000000000000000000000000000F
:1001F00000000000000000000000000000000000FF
:1002000000000000000000000000000000000000EE
:1002100000000000000000000000000000000000DE
:1002200000000000000000000000000000000000CE
:1002300000000000000000000000000000000000BE
:1002400000000000000000000000000000000000AE
:10025000000000000000000000000000FFFFFFFFA2
:10026000000002000000000000000000380900202B
:1002700038090020400900204009002048090020DA
:10028000480900205009002050090020580900208A
:10029000580900206009002060090020680900203A
:1002A00068090020700900207009002078090020EA
:1002B000780900208009002080090020880900209A
:1002C000880900209009002090090020980900204A
:1002D00098090020A0090020A0090020A8090020FA
:1002E000A8090020B0090020B0090020B8090020AA
:1002F000B8090020C0090020C0090020C80900205A
:10030000C8090020D0090020D0090020D809002009
:10031000D8090020E0090020E0090020E8090020B9
:10032000E8090020F0090020F0090020F809002069
:10033000F8090020000A0020000A0020080A002016
:10034000080A0020100A0020100A0020180A0020C5
:10035000180A0020200A0020200A0020280A002075
:10036000280A0020300A0020300A0020380A002025
:10037000380A0020400A0020400A0020480A0020D5
:10038000480A0020500A0020500A0020580A002085
:10039000580A0020600A0020600A0020680A002035
:1003A000680A0020700A0020700A0020780A0020E5
:1003B000780A0020800A0020800A0020880A002095
:1003C000880A0020900A0020900A0020980A002045
:1003D000980A0020A00A0020A00A0020A80A0020F5
:1003E000A80A0020B00A0020B00A0020B80A0020A5
:1003F000B80A0020C00A0020C00A0020C80A002055
:10040000C80A0020D00A0020D00A0020D80A002004
:10041000D80A0020E00A0020E00A0020E80A0020B4
:10042000E80A0020F00A0020F00A0020F80A002064
:10043000F80A0020000B0020000B0020080B002011
:10044000080B0020100B0020100B0020180B0020C0
:10045000180B0020200B0020200B0020280B002070
:10046000280B0020300B0020300B0020380B002020
:10047000380B0020400B0020400B0020480B0020D0
:10048000480B0020500B0020500B0020580B002080
:10049000580B0020600B0020600B0020680B002030
:1004A000680B0020700B0020700B0020780B0020E0
:1004B000780B0020800B0020800B0020880B002090
:1004C000880B0020900B0020900B0020980B002040
:1004D000980B0020A00B0020A00B0020A80B0020F0
:1004E000A80B0020B00B0020B00B0020B80B0020A0
:1004F000B80B0020C00B0020C00B0020C80B002050
:10050000C80B0020D00B0020D00B0020D80B0020FF
:10051000D80B0020E00B0020E00B0020E80B0020AF
:10052000E80B0020F00B0020F00B0020F80B00205F
:10053000F80B0020000C0020000C0020080C00200C
:10054000080C0020100C0020100C0020180C0020BB
:10055000180C0020200C0020200C0020280C00206B
:10056000280C0020300C0020300C0020380C00201B
:10057000380C0020400C0020400C0020480C0020CB
:10058000480C0020500C0020500C0020580C00207B
:10059000580C0020600C0020600C0020680C00202B
:1005A000680C0020700C0020700C0020780C0020DB
:1005B000780C0020800C0020800C0020880C00208B
:1005C000880C0020900C0020900C0020980C00203B
:1005D000980C0020A00C0020A00C0020A80C0020EB
:1005E000A80C0020B00C0020B00C0020B80C00209B
:1005F000B80C0020C00C0020C00C0020C80C00204B
:10060000C80C0020D00C0020D00C0020D80C0020FA
:10061000D80C0020E00C0020E00C0020E80C0020AA
:10062000E80C0020F00C0020F00C0020F80C00205A
:10063000F80C0020000D0020000D0020080D002007
:10064000080D0020100D0020100D0020180D0020B6
:10065000180D0020200D0020200D0020280D002066
:10066000280D0020300D0020300D00202D02000844
:10067000A1030008A1080008250C0008790E000855
:10068000590F00083D200008692400085967000838
:040690000502000857
:04000005080040A50A
:00000001FF
